system_id,utterance_id,wav_a_path,wav_b_path,pred_spk_sim
sys017,utt026,wav/vmc2026-track3-sys017-utt026.wav,wav/vmc2026-track3-sys019-utt025.wav,4.01936524784339
sys002,utt246,wav/vmc2026-track3-sys002-utt246.wav,wav/vmc2026-track3-sys019-utt245.wav,4.415331570292999
sys017,utt142,wav/vmc2026-track3-sys017-utt142.wav,wav/vmc2026-track3-sys019-utt141.wav,4.281268936004305
sys007,utt134,wav/vmc2026-track3-sys007-utt134.wav,wav/vmc2026-track3-sys019-utt133.wav,3.8721647662519985
sys012,utt182,wav/vmc2026-track3-sys012-utt182.wav,wav/vmc2026-track3-sys019-utt181.wav,3.566912003748371
sys006,utt108,wav/vmc2026-track3-sys006-utt108.wav,wav/vmc2026-track3-sys019-utt107.wav,4.568961234593506
sys002,utt110,wav/vmc2026-track3-sys002-utt110.wav,wav/vmc2026-track3-sys019-utt109.wav,4.207305668705874
sys009,utt216,wav/vmc2026-track3-sys009-utt216.wav,wav/vmc2026-track3-sys019-utt215.wav,4.515071439287761
sys017,utt032,wav/vmc2026-track3-sys017-utt032.wav,wav/vmc2026-track3-sys019-utt031.wav,3.8052233220967833
sys020,utt298,wav/vmc2026-track3-sys020-utt298.wav,wav/vmc2026-track3-sys019-utt297.wav,3.344053301094376
sys005,utt118,wav/vmc2026-track3-sys005-utt118.wav,wav/vmc2026-track3-sys019-utt117.wav,3.3146856561455134
sys023,utt286,wav/vmc2026-track3-sys023-utt286.wav,wav/vmc2026-track3-sys019-utt285.wav,4.5609086983970695
sys026,utt292,wav/vmc2026-track3-sys026-utt292.wav,wav/vmc2026-track3-sys019-utt291.wav,4.232530346975973
sys018,utt036,wav/vmc2026-track3-sys018-utt036.wav,wav/vmc2026-track3-sys019-utt035.wav,3.878652374110195
sys007,utt244,wav/vmc2026-track3-sys007-utt244.wav,wav/vmc2026-track3-sys019-utt243.wav,3.871450942243897
sys012,utt310,wav/vmc2026-track3-sys012-utt310.wav,wav/vmc2026-track3-sys019-utt309.wav,4.05439257517123
sys025,utt230,wav/vmc2026-track3-sys025-utt230.wav,wav/vmc2026-track3-sys019-utt229.wav,3.9143713240506015
sys017,utt066,wav/vmc2026-track3-sys017-utt066.wav,wav/vmc2026-track3-sys019-utt065.wav,4.378047356496758
sys009,utt066,wav/vmc2026-track3-sys009-utt066.wav,wav/vmc2026-track3-sys019-utt065.wav,4.860371233566976
sys020,utt198,wav/vmc2026-track3-sys020-utt198.wav,wav/vmc2026-track3-sys019-utt197.wav,3.507250832784934
sys002,utt102,wav/vmc2026-track3-sys002-utt102.wav,wav/vmc2026-track3-sys019-utt101.wav,4.5791187210991575
sys024,utt176,wav/vmc2026-track3-sys024-utt176.wav,wav/vmc2026-track3-sys019-utt175.wav,3.8337848469933804
sys025,utt112,wav/vmc2026-track3-sys025-utt112.wav,wav/vmc2026-track3-sys019-utt111.wav,3.7515609448665677
sys017,utt238,wav/vmc2026-track3-sys017-utt238.wav,wav/vmc2026-track3-sys019-utt237.wav,4.4947913928795495
sys012,utt048,wav/vmc2026-track3-sys012-utt048.wav,wav/vmc2026-track3-sys019-utt047.wav,3.9879343821080133
sys002,utt048,wav/vmc2026-track3-sys002-utt048.wav,wav/vmc2026-track3-sys019-utt047.wav,4.722788675399065
sys026,utt004,wav/vmc2026-track3-sys026-utt004.wav,wav/vmc2026-track3-sys019-utt003.wav,4.427205461419234
sys020,utt070,wav/vmc2026-track3-sys020-utt070.wav,wav/vmc2026-track3-sys019-utt069.wav,3.0858141241073604
sys011,utt004,wav/vmc2026-track3-sys011-utt004.wav,wav/vmc2026-track3-sys019-utt003.wav,4.169401637243719
sys001,utt214,wav/vmc2026-track3-sys001-utt214.wav,wav/vmc2026-track3-sys019-utt213.wav,4.542393247322822
sys002,utt300,wav/vmc2026-track3-sys002-utt300.wav,wav/vmc2026-track3-sys019-utt299.wav,4.549551791948478
sys009,utt142,wav/vmc2026-track3-sys009-utt142.wav,wav/vmc2026-track3-sys019-utt141.wav,4.309969255196645
sys009,utt270,wav/vmc2026-track3-sys009-utt270.wav,wav/vmc2026-track3-sys019-utt269.wav,4.1057239996237165
sys007,utt194,wav/vmc2026-track3-sys007-utt194.wav,wav/vmc2026-track3-sys019-utt193.wav,4.227444638883274
sys014,utt050,wav/vmc2026-track3-sys014-utt050.wav,wav/vmc2026-track3-sys019-utt049.wav,4.8162726216452185
sys014,utt080,wav/vmc2026-track3-sys014-utt080.wav,wav/vmc2026-track3-sys019-utt079.wav,4.432204660030828
sys010,utt144,wav/vmc2026-track3-sys010-utt144.wav,wav/vmc2026-track3-sys019-utt143.wav,3.354040621640714
sys010,utt154,wav/vmc2026-track3-sys010-utt154.wav,wav/vmc2026-track3-sys019-utt153.wav,4.5852365985820125
sys005,utt210,wav/vmc2026-track3-sys005-utt210.wav,wav/vmc2026-track3-sys019-utt209.wav,3.4545719289353762
sys009,utt048,wav/vmc2026-track3-sys009-utt048.wav,wav/vmc2026-track3-sys019-utt047.wav,4.831300828639721
sys026,utt220,wav/vmc2026-track3-sys026-utt220.wav,wav/vmc2026-track3-sys019-utt219.wav,4.192249066078491
sys007,utt030,wav/vmc2026-track3-sys007-utt030.wav,wav/vmc2026-track3-sys019-utt029.wav,3.922204295151408
sys013,utt016,wav/vmc2026-track3-sys013-utt016.wav,wav/vmc2026-track3-sys019-utt015.wav,4.5344290157671745
sys024,utt194,wav/vmc2026-track3-sys024-utt194.wav,wav/vmc2026-track3-sys019-utt193.wav,4.436927357258374
sys006,utt310,wav/vmc2026-track3-sys006-utt310.wav,wav/vmc2026-track3-sys019-utt309.wav,4.493986586208029
sys012,utt118,wav/vmc2026-track3-sys012-utt118.wav,wav/vmc2026-track3-sys019-utt117.wav,3.959798424825914
sys013,utt160,wav/vmc2026-track3-sys013-utt160.wav,wav/vmc2026-track3-sys019-utt159.wav,4.3116954568788675
sys011,utt122,wav/vmc2026-track3-sys011-utt122.wav,wav/vmc2026-track3-sys019-utt121.wav,4.596388047058497
sys023,utt102,wav/vmc2026-track3-sys023-utt102.wav,wav/vmc2026-track3-sys019-utt101.wav,4.439210610761501
sys016,utt004,wav/vmc2026-track3-sys016-utt004.wav,wav/vmc2026-track3-sys019-utt003.wav,3.9764857037699404
sys005,utt018,wav/vmc2026-track3-sys005-utt018.wav,wav/vmc2026-track3-sys019-utt017.wav,4.118704862731789
sys024,utt304,wav/vmc2026-track3-sys024-utt304.wav,wav/vmc2026-track3-sys019-utt303.wav,3.317399971513577
sys014,utt310,wav/vmc2026-track3-sys014-utt310.wav,wav/vmc2026-track3-sys019-utt309.wav,5.0
sys016,utt132,wav/vmc2026-track3-sys016-utt132.wav,wav/vmc2026-track3-sys019-utt131.wav,4.044066827463687
sys005,utt270,wav/vmc2026-track3-sys005-utt270.wav,wav/vmc2026-track3-sys019-utt269.wav,4.040087775227472
sys006,utt214,wav/vmc2026-track3-sys006-utt214.wav,wav/vmc2026-track3-sys019-utt213.wav,4.62795289881827
sys007,utt228,wav/vmc2026-track3-sys007-utt228.wav,wav/vmc2026-track3-sys019-utt227.wav,4.385066666566847
sys002,utt274,wav/vmc2026-track3-sys002-utt274.wav,wav/vmc2026-track3-sys019-utt273.wav,4.362476581380641
sys016,utt038,wav/vmc2026-track3-sys016-utt038.wav,wav/vmc2026-track3-sys019-utt037.wav,3.917612660341192
sys009,utt172,wav/vmc2026-track3-sys009-utt172.wav,wav/vmc2026-track3-sys019-utt171.wav,4.236955500708446
sys007,utt144,wav/vmc2026-track3-sys007-utt144.wav,wav/vmc2026-track3-sys019-utt143.wav,3.684870127449008
sys025,utt150,wav/vmc2026-track3-sys025-utt150.wav,wav/vmc2026-track3-sys019-utt149.wav,3.643396219694928
sys005,utt278,wav/vmc2026-track3-sys005-utt278.wav,wav/vmc2026-track3-sys019-utt277.wav,3.95965021784618
sys012,utt314,wav/vmc2026-track3-sys012-utt314.wav,wav/vmc2026-track3-sys019-utt313.wav,4.407675987557506
sys005,utt186,wav/vmc2026-track3-sys005-utt186.wav,wav/vmc2026-track3-sys019-utt185.wav,3.732726817753814
sys017,utt232,wav/vmc2026-track3-sys017-utt232.wav,wav/vmc2026-track3-sys019-utt231.wav,4.197368602257527
sys006,utt264,wav/vmc2026-track3-sys006-utt264.wav,wav/vmc2026-track3-sys019-utt263.wav,4.235759011752988
sys012,utt262,wav/vmc2026-track3-sys012-utt262.wav,wav/vmc2026-track3-sys019-utt261.wav,3.8189681847175194
sys024,utt126,wav/vmc2026-track3-sys024-utt126.wav,wav/vmc2026-track3-sys019-utt125.wav,4.461285948030454
sys013,utt140,wav/vmc2026-track3-sys013-utt140.wav,wav/vmc2026-track3-sys019-utt139.wav,3.992081591906321
sys001,utt310,wav/vmc2026-track3-sys001-utt310.wav,wav/vmc2026-track3-sys019-utt309.wav,4.247002567961522
sys022,utt174,wav/vmc2026-track3-sys022-utt174.wav,wav/vmc2026-track3-sys019-utt173.wav,3.30459998654536
sys026,utt050,wav/vmc2026-track3-sys026-utt050.wav,wav/vmc2026-track3-sys019-utt049.wav,4.488141370670978
sys007,utt122,wav/vmc2026-track3-sys007-utt122.wav,wav/vmc2026-track3-sys019-utt121.wav,4.082658763170439
sys005,utt158,wav/vmc2026-track3-sys005-utt158.wav,wav/vmc2026-track3-sys019-utt157.wav,3.826276986161175
sys010,utt002,wav/vmc2026-track3-sys010-utt002.wav,wav/vmc2026-track3-sys019-utt001.wav,4.315999788215744
sys012,utt224,wav/vmc2026-track3-sys012-utt224.wav,wav/vmc2026-track3-sys019-utt223.wav,4.0810382863871295
sys013,utt122,wav/vmc2026-track3-sys013-utt122.wav,wav/vmc2026-track3-sys019-utt121.wav,4.656044061417948
sys025,utt018,wav/vmc2026-track3-sys025-utt018.wav,wav/vmc2026-track3-sys019-utt017.wav,4.422326169155272
sys002,utt032,wav/vmc2026-track3-sys002-utt032.wav,wav/vmc2026-track3-sys019-utt031.wav,3.8763948838834597
sys014,utt114,wav/vmc2026-track3-sys014-utt114.wav,wav/vmc2026-track3-sys019-utt113.wav,3.8217074233207087
sys020,utt132,wav/vmc2026-track3-sys020-utt132.wav,wav/vmc2026-track3-sys019-utt131.wav,2.90868158116285
sys025,utt124,wav/vmc2026-track3-sys025-utt124.wav,wav/vmc2026-track3-sys019-utt123.wav,3.351339536021559
sys001,utt320,wav/vmc2026-track3-sys001-utt320.wav,wav/vmc2026-track3-sys019-utt319.wav,3.859373888496478
sys023,utt130,wav/vmc2026-track3-sys023-utt130.wav,wav/vmc2026-track3-sys019-utt129.wav,4.120698131104946
sys017,utt138,wav/vmc2026-track3-sys017-utt138.wav,wav/vmc2026-track3-sys019-utt137.wav,4.2858697524575575
sys007,utt084,wav/vmc2026-track3-sys007-utt084.wav,wav/vmc2026-track3-sys019-utt083.wav,3.9758163884342177
sys011,utt144,wav/vmc2026-track3-sys011-utt144.wav,wav/vmc2026-track3-sys019-utt143.wav,3.6115345073306973
sys020,utt184,wav/vmc2026-track3-sys020-utt184.wav,wav/vmc2026-track3-sys019-utt183.wav,3.4537546306484255
sys023,utt050,wav/vmc2026-track3-sys023-utt050.wav,wav/vmc2026-track3-sys019-utt049.wav,4.493066879005938
sys002,utt118,wav/vmc2026-track3-sys002-utt118.wav,wav/vmc2026-track3-sys019-utt117.wav,4.287501562051743
sys017,utt152,wav/vmc2026-track3-sys017-utt152.wav,wav/vmc2026-track3-sys019-utt151.wav,3.7386209266198676
sys002,utt080,wav/vmc2026-track3-sys002-utt080.wav,wav/vmc2026-track3-sys019-utt079.wav,4.19276512781341
sys020,utt214,wav/vmc2026-track3-sys020-utt214.wav,wav/vmc2026-track3-sys019-utt213.wav,3.173619118573204
sys013,utt020,wav/vmc2026-track3-sys013-utt020.wav,wav/vmc2026-track3-sys019-utt019.wav,3.9711071106902427
sys016,utt076,wav/vmc2026-track3-sys016-utt076.wav,wav/vmc2026-track3-sys019-utt075.wav,4.291109198481611
sys020,utt146,wav/vmc2026-track3-sys020-utt146.wav,wav/vmc2026-track3-sys019-utt145.wav,3.249283673198463
sys005,utt078,wav/vmc2026-track3-sys005-utt078.wav,wav/vmc2026-track3-sys019-utt077.wav,3.81707773820651
sys020,utt178,wav/vmc2026-track3-sys020-utt178.wav,wav/vmc2026-track3-sys019-utt177.wav,2.9476007025295443
sys024,utt104,wav/vmc2026-track3-sys024-utt104.wav,wav/vmc2026-track3-sys019-utt103.wav,4.455471186132656
sys022,utt140,wav/vmc2026-track3-sys022-utt140.wav,wav/vmc2026-track3-sys019-utt139.wav,3.4496211420774205
sys025,utt196,wav/vmc2026-track3-sys025-utt196.wav,wav/vmc2026-track3-sys019-utt195.wav,3.856498555667669
sys006,utt228,wav/vmc2026-track3-sys006-utt228.wav,wav/vmc2026-track3-sys019-utt227.wav,4.6097675095295365
sys017,utt290,wav/vmc2026-track3-sys017-utt290.wav,wav/vmc2026-track3-sys019-utt289.wav,4.190002837641548
sys018,utt002,wav/vmc2026-track3-sys018-utt002.wav,wav/vmc2026-track3-sys019-utt001.wav,3.969401322246649
sys017,utt010,wav/vmc2026-track3-sys017-utt010.wav,wav/vmc2026-track3-sys019-utt009.wav,4.274835255168844
sys017,utt196,wav/vmc2026-track3-sys017-utt196.wav,wav/vmc2026-track3-sys019-utt195.wav,4.496571970266036
sys023,utt228,wav/vmc2026-track3-sys023-utt228.wav,wav/vmc2026-track3-sys019-utt227.wav,4.597617193193831
sys001,utt292,wav/vmc2026-track3-sys001-utt292.wav,wav/vmc2026-track3-sys019-utt291.wav,4.204834185820817
sys022,utt300,wav/vmc2026-track3-sys022-utt300.wav,wav/vmc2026-track3-sys019-utt299.wav,3.7796029255021795
sys022,utt206,wav/vmc2026-track3-sys022-utt206.wav,wav/vmc2026-track3-sys019-utt205.wav,3.7785325900071656
sys011,utt262,wav/vmc2026-track3-sys011-utt262.wav,wav/vmc2026-track3-sys019-utt261.wav,4.385230504775038
sys022,utt316,wav/vmc2026-track3-sys022-utt316.wav,wav/vmc2026-track3-sys019-utt315.wav,3.5707472630971284
sys006,utt102,wav/vmc2026-track3-sys006-utt102.wav,wav/vmc2026-track3-sys019-utt101.wav,4.597495965126625
sys017,utt134,wav/vmc2026-track3-sys017-utt134.wav,wav/vmc2026-track3-sys019-utt133.wav,4.020602319640892
sys024,utt010,wav/vmc2026-track3-sys024-utt010.wav,wav/vmc2026-track3-sys019-utt009.wav,4.338989551874149
sys010,utt118,wav/vmc2026-track3-sys010-utt118.wav,wav/vmc2026-track3-sys019-utt117.wav,3.6834207653502586
sys007,utt044,wav/vmc2026-track3-sys007-utt044.wav,wav/vmc2026-track3-sys019-utt043.wav,4.204469164983358
sys017,utt186,wav/vmc2026-track3-sys017-utt186.wav,wav/vmc2026-track3-sys019-utt185.wav,3.9168148052223937
sys010,utt294,wav/vmc2026-track3-sys010-utt294.wav,wav/vmc2026-track3-sys019-utt293.wav,4.473811746620267
sys012,utt250,wav/vmc2026-track3-sys012-utt250.wav,wav/vmc2026-track3-sys019-utt249.wav,4.367079392599449
sys005,utt214,wav/vmc2026-track3-sys005-utt214.wav,wav/vmc2026-track3-sys019-utt213.wav,3.7632541711244585
sys008,utt160,wav/vmc2026-track3-sys008-utt160.wav,wav/vmc2026-track3-sys019-utt159.wav,4.556342803453505
sys022,utt314,wav/vmc2026-track3-sys022-utt314.wav,wav/vmc2026-track3-sys019-utt313.wav,3.9050459207554655
sys022,utt028,wav/vmc2026-track3-sys022-utt028.wav,wav/vmc2026-track3-sys019-utt027.wav,4.638631393648022
sys006,utt150,wav/vmc2026-track3-sys006-utt150.wav,wav/vmc2026-track3-sys019-utt149.wav,4.0132870304882795
sys013,utt314,wav/vmc2026-track3-sys013-utt314.wav,wav/vmc2026-track3-sys019-utt313.wav,4.173728353318935
sys018,utt090,wav/vmc2026-track3-sys018-utt090.wav,wav/vmc2026-track3-sys019-utt089.wav,3.7783221393799487
sys012,utt062,wav/vmc2026-track3-sys012-utt062.wav,wav/vmc2026-track3-sys019-utt061.wav,4.159423356896053
sys005,utt310,wav/vmc2026-track3-sys005-utt310.wav,wav/vmc2026-track3-sys019-utt309.wav,3.6745636049029153
sys010,utt180,wav/vmc2026-track3-sys010-utt180.wav,wav/vmc2026-track3-sys019-utt179.wav,3.742012650530478
sys017,utt008,wav/vmc2026-track3-sys017-utt008.wav,wav/vmc2026-track3-sys019-utt007.wav,4.080475020722543
sys006,utt186,wav/vmc2026-track3-sys006-utt186.wav,wav/vmc2026-track3-sys019-utt185.wav,4.48690516695302
sys016,utt108,wav/vmc2026-track3-sys016-utt108.wav,wav/vmc2026-track3-sys019-utt107.wav,3.911363912345902
sys020,utt104,wav/vmc2026-track3-sys020-utt104.wav,wav/vmc2026-track3-sys019-utt103.wav,3.3714302950131265
sys023,utt308,wav/vmc2026-track3-sys023-utt308.wav,wav/vmc2026-track3-sys019-utt307.wav,4.434746368804586
sys020,utt122,wav/vmc2026-track3-sys020-utt122.wav,wav/vmc2026-track3-sys019-utt121.wav,3.333925437616128
sys013,utt110,wav/vmc2026-track3-sys013-utt110.wav,wav/vmc2026-track3-sys019-utt109.wav,4.135087278834432
sys026,utt192,wav/vmc2026-track3-sys026-utt192.wav,wav/vmc2026-track3-sys019-utt191.wav,4.379718396791476
sys011,utt022,wav/vmc2026-track3-sys011-utt022.wav,wav/vmc2026-track3-sys019-utt021.wav,4.350333576621475
sys011,utt222,wav/vmc2026-track3-sys011-utt222.wav,wav/vmc2026-track3-sys019-utt221.wav,4.393737959328736
sys023,utt292,wav/vmc2026-track3-sys023-utt292.wav,wav/vmc2026-track3-sys019-utt291.wav,4.726024737928281
sys023,utt138,wav/vmc2026-track3-sys023-utt138.wav,wav/vmc2026-track3-sys019-utt137.wav,3.9720502771277335
sys012,utt200,wav/vmc2026-track3-sys012-utt200.wav,wav/vmc2026-track3-sys019-utt199.wav,4.330264679446958
sys009,utt180,wav/vmc2026-track3-sys009-utt180.wav,wav/vmc2026-track3-sys019-utt179.wav,3.421026252983941
sys010,utt152,wav/vmc2026-track3-sys010-utt152.wav,wav/vmc2026-track3-sys019-utt151.wav,4.538540449533802
sys026,utt318,wav/vmc2026-track3-sys026-utt318.wav,wav/vmc2026-track3-sys019-utt317.wav,4.49327487070196
sys017,utt206,wav/vmc2026-track3-sys017-utt206.wav,wav/vmc2026-track3-sys019-utt205.wav,4.220639500504381
sys018,utt318,wav/vmc2026-track3-sys018-utt318.wav,wav/vmc2026-track3-sys019-utt317.wav,4.452401601452781
sys005,utt122,wav/vmc2026-track3-sys005-utt122.wav,wav/vmc2026-track3-sys019-utt121.wav,4.100238578271602
sys013,utt224,wav/vmc2026-track3-sys013-utt224.wav,wav/vmc2026-track3-sys019-utt223.wav,4.527279952470938
sys020,utt008,wav/vmc2026-track3-sys020-utt008.wav,wav/vmc2026-track3-sys019-utt007.wav,4.07796726658942
sys017,utt200,wav/vmc2026-track3-sys017-utt200.wav,wav/vmc2026-track3-sys019-utt199.wav,4.365543738657608
sys011,utt088,wav/vmc2026-track3-sys011-utt088.wav,wav/vmc2026-track3-sys019-utt087.wav,4.3365721808792
sys020,utt022,wav/vmc2026-track3-sys020-utt022.wav,wav/vmc2026-track3-sys019-utt021.wav,3.5477276109688587
sys013,utt182,wav/vmc2026-track3-sys013-utt182.wav,wav/vmc2026-track3-sys019-utt181.wav,4.2826620740629355
sys007,utt220,wav/vmc2026-track3-sys007-utt220.wav,wav/vmc2026-track3-sys019-utt219.wav,4.353793897795984
sys005,utt234,wav/vmc2026-track3-sys005-utt234.wav,wav/vmc2026-track3-sys019-utt233.wav,3.6665899473160986
sys025,utt088,wav/vmc2026-track3-sys025-utt088.wav,wav/vmc2026-track3-sys019-utt087.wav,3.3149378009610695
sys005,utt128,wav/vmc2026-track3-sys005-utt128.wav,wav/vmc2026-track3-sys019-utt127.wav,4.197924804006698
sys013,utt176,wav/vmc2026-track3-sys013-utt176.wav,wav/vmc2026-track3-sys019-utt175.wav,4.380169036736914
sys017,utt194,wav/vmc2026-track3-sys017-utt194.wav,wav/vmc2026-track3-sys019-utt193.wav,4.634201435386524
sys005,utt084,wav/vmc2026-track3-sys005-utt084.wav,wav/vmc2026-track3-sys019-utt083.wav,4.402825226136166
sys022,utt180,wav/vmc2026-track3-sys022-utt180.wav,wav/vmc2026-track3-sys019-utt179.wav,2.9776773479217087
sys008,utt070,wav/vmc2026-track3-sys008-utt070.wav,wav/vmc2026-track3-sys019-utt069.wav,4.75328708679497
sys007,utt138,wav/vmc2026-track3-sys007-utt138.wav,wav/vmc2026-track3-sys019-utt137.wav,4.04907999431949
sys010,utt080,wav/vmc2026-track3-sys010-utt080.wav,wav/vmc2026-track3-sys019-utt079.wav,3.63245511279562
sys016,utt158,wav/vmc2026-track3-sys016-utt158.wav,wav/vmc2026-track3-sys019-utt157.wav,4.384478683745488
sys006,utt282,wav/vmc2026-track3-sys006-utt282.wav,wav/vmc2026-track3-sys019-utt281.wav,4.493150743402692
sys007,utt014,wav/vmc2026-track3-sys007-utt014.wav,wav/vmc2026-track3-sys019-utt013.wav,4.509155777214389
sys020,utt102,wav/vmc2026-track3-sys020-utt102.wav,wav/vmc2026-track3-sys019-utt101.wav,3.373575601999813
sys006,utt080,wav/vmc2026-track3-sys006-utt080.wav,wav/vmc2026-track3-sys019-utt079.wav,4.013917089831478
sys013,utt146,wav/vmc2026-track3-sys013-utt146.wav,wav/vmc2026-track3-sys019-utt145.wav,4.672201606605643
sys010,utt216,wav/vmc2026-track3-sys010-utt216.wav,wav/vmc2026-track3-sys019-utt215.wav,4.632039272169593
sys024,utt268,wav/vmc2026-track3-sys024-utt268.wav,wav/vmc2026-track3-sys019-utt267.wav,3.4343294299726925
sys025,utt002,wav/vmc2026-track3-sys025-utt002.wav,wav/vmc2026-track3-sys019-utt001.wav,3.622345828150032
sys014,utt194,wav/vmc2026-track3-sys014-utt194.wav,wav/vmc2026-track3-sys019-utt193.wav,4.667171467060141
sys020,utt018,wav/vmc2026-track3-sys020-utt018.wav,wav/vmc2026-track3-sys019-utt017.wav,3.8327007505648876
sys010,utt186,wav/vmc2026-track3-sys010-utt186.wav,wav/vmc2026-track3-sys019-utt185.wav,3.912278099732372
sys020,utt030,wav/vmc2026-track3-sys020-utt030.wav,wav/vmc2026-track3-sys019-utt029.wav,3.463679357488601
sys006,utt072,wav/vmc2026-track3-sys006-utt072.wav,wav/vmc2026-track3-sys019-utt071.wav,4.453983410334222
sys020,utt196,wav/vmc2026-track3-sys020-utt196.wav,wav/vmc2026-track3-sys019-utt195.wav,3.5785655324196073
sys002,utt160,wav/vmc2026-track3-sys002-utt160.wav,wav/vmc2026-track3-sys019-utt159.wav,4.395384577497657
sys010,utt202,wav/vmc2026-track3-sys010-utt202.wav,wav/vmc2026-track3-sys019-utt201.wav,4.311041149729338
sys022,utt146,wav/vmc2026-track3-sys022-utt146.wav,wav/vmc2026-track3-sys019-utt145.wav,3.7834704761843874
sys026,utt082,wav/vmc2026-track3-sys026-utt082.wav,wav/vmc2026-track3-sys019-utt081.wav,4.168279598950932
sys017,utt286,wav/vmc2026-track3-sys017-utt286.wav,wav/vmc2026-track3-sys019-utt285.wav,4.469863612515425
sys002,utt242,wav/vmc2026-track3-sys002-utt242.wav,wav/vmc2026-track3-sys019-utt241.wav,4.579576971038542
sys001,utt270,wav/vmc2026-track3-sys001-utt270.wav,wav/vmc2026-track3-sys019-utt269.wav,4.059738508469995
sys008,utt110,wav/vmc2026-track3-sys008-utt110.wav,wav/vmc2026-track3-sys019-utt109.wav,4.911503967382965
sys010,utt066,wav/vmc2026-track3-sys010-utt066.wav,wav/vmc2026-track3-sys019-utt065.wav,4.576534304695935
sys013,utt230,wav/vmc2026-track3-sys013-utt230.wav,wav/vmc2026-track3-sys019-utt229.wav,4.169660133838937
sys017,utt308,wav/vmc2026-track3-sys017-utt308.wav,wav/vmc2026-track3-sys019-utt307.wav,4.059564753618987
sys007,utt130,wav/vmc2026-track3-sys007-utt130.wav,wav/vmc2026-track3-sys019-utt129.wav,4.018326776709798
sys013,utt108,wav/vmc2026-track3-sys013-utt108.wav,wav/vmc2026-track3-sys019-utt107.wav,3.943324536514904
sys024,utt286,wav/vmc2026-track3-sys024-utt286.wav,wav/vmc2026-track3-sys019-utt285.wav,4.016370325968625
sys024,utt006,wav/vmc2026-track3-sys024-utt006.wav,wav/vmc2026-track3-sys019-utt005.wav,3.9550693499235203
sys022,utt072,wav/vmc2026-track3-sys022-utt072.wav,wav/vmc2026-track3-sys019-utt071.wav,4.295311509572706
sys012,utt016,wav/vmc2026-track3-sys012-utt016.wav,wav/vmc2026-track3-sys019-utt015.wav,4.045030099896061
sys001,utt086,wav/vmc2026-track3-sys001-utt086.wav,wav/vmc2026-track3-sys019-utt085.wav,4.316620331304757
sys023,utt116,wav/vmc2026-track3-sys023-utt116.wav,wav/vmc2026-track3-sys019-utt115.wav,3.928297203543461
sys024,utt218,wav/vmc2026-track3-sys024-utt218.wav,wav/vmc2026-track3-sys019-utt217.wav,4.46909049514679
sys002,utt112,wav/vmc2026-track3-sys002-utt112.wav,wav/vmc2026-track3-sys019-utt111.wav,4.230405549651674
sys018,utt118,wav/vmc2026-track3-sys018-utt118.wav,wav/vmc2026-track3-sys019-utt117.wav,3.8027572348096843
sys017,utt218,wav/vmc2026-track3-sys017-utt218.wav,wav/vmc2026-track3-sys019-utt217.wav,4.632119435027631
sys018,utt302,wav/vmc2026-track3-sys018-utt302.wav,wav/vmc2026-track3-sys019-utt301.wav,4.224638042759114
sys001,utt044,wav/vmc2026-track3-sys001-utt044.wav,wav/vmc2026-track3-sys019-utt043.wav,3.721065996793352
sys009,utt016,wav/vmc2026-track3-sys009-utt016.wav,wav/vmc2026-track3-sys019-utt015.wav,4.673857890138948
sys018,utt062,wav/vmc2026-track3-sys018-utt062.wav,wav/vmc2026-track3-sys019-utt061.wav,3.81597366088372
sys002,utt018,wav/vmc2026-track3-sys002-utt018.wav,wav/vmc2026-track3-sys019-utt017.wav,4.747930482497829
sys007,utt066,wav/vmc2026-track3-sys007-utt066.wav,wav/vmc2026-track3-sys019-utt065.wav,3.946021393667222
sys007,utt118,wav/vmc2026-track3-sys007-utt118.wav,wav/vmc2026-track3-sys019-utt117.wav,4.1548596447278126
sys017,utt002,wav/vmc2026-track3-sys017-utt002.wav,wav/vmc2026-track3-sys019-utt001.wav,4.4075333937341705
sys023,utt016,wav/vmc2026-track3-sys023-utt016.wav,wav/vmc2026-track3-sys019-utt015.wav,4.872364561437821
sys020,utt086,wav/vmc2026-track3-sys020-utt086.wav,wav/vmc2026-track3-sys019-utt085.wav,3.440622658822808
sys009,utt150,wav/vmc2026-track3-sys009-utt150.wav,wav/vmc2026-track3-sys019-utt149.wav,4.012064473899431
sys002,utt022,wav/vmc2026-track3-sys002-utt022.wav,wav/vmc2026-track3-sys019-utt021.wav,4.4534325586675285
sys023,utt048,wav/vmc2026-track3-sys023-utt048.wav,wav/vmc2026-track3-sys019-utt047.wav,4.847075401936648
sys025,utt180,wav/vmc2026-track3-sys025-utt180.wav,wav/vmc2026-track3-sys019-utt179.wav,3.214765567066789
sys026,utt198,wav/vmc2026-track3-sys026-utt198.wav,wav/vmc2026-track3-sys019-utt197.wav,4.450706824471472
sys022,utt224,wav/vmc2026-track3-sys022-utt224.wav,wav/vmc2026-track3-sys019-utt223.wav,3.9588139367486317
sys013,utt280,wav/vmc2026-track3-sys013-utt280.wav,wav/vmc2026-track3-sys019-utt279.wav,4.607817099367698
sys014,utt186,wav/vmc2026-track3-sys014-utt186.wav,wav/vmc2026-track3-sys019-utt185.wav,4.737841427360459
sys026,utt020,wav/vmc2026-track3-sys026-utt020.wav,wav/vmc2026-track3-sys019-utt019.wav,4.209694924483378
sys005,utt292,wav/vmc2026-track3-sys005-utt292.wav,wav/vmc2026-track3-sys019-utt291.wav,3.8247040271498816
sys020,utt270,wav/vmc2026-track3-sys020-utt270.wav,wav/vmc2026-track3-sys019-utt269.wav,3.541998821809105
sys006,utt172,wav/vmc2026-track3-sys006-utt172.wav,wav/vmc2026-track3-sys019-utt171.wav,4.287866648987148
sys023,utt242,wav/vmc2026-track3-sys023-utt242.wav,wav/vmc2026-track3-sys019-utt241.wav,4.6934658476054265
sys005,utt232,wav/vmc2026-track3-sys005-utt232.wav,wav/vmc2026-track3-sys019-utt231.wav,3.837469550244668
sys013,utt232,wav/vmc2026-track3-sys013-utt232.wav,wav/vmc2026-track3-sys019-utt231.wav,4.3793383011282225
sys001,utt078,wav/vmc2026-track3-sys001-utt078.wav,wav/vmc2026-track3-sys019-utt077.wav,4.296141690711094
sys016,utt048,wav/vmc2026-track3-sys016-utt048.wav,wav/vmc2026-track3-sys019-utt047.wav,4.107818982253478
sys026,utt104,wav/vmc2026-track3-sys026-utt104.wav,wav/vmc2026-track3-sys019-utt103.wav,4.2292110087294335
sys013,utt316,wav/vmc2026-track3-sys013-utt316.wav,wav/vmc2026-track3-sys019-utt315.wav,4.026843776522863
sys020,utt264,wav/vmc2026-track3-sys020-utt264.wav,wav/vmc2026-track3-sys019-utt263.wav,3.0502101454133905
sys022,utt262,wav/vmc2026-track3-sys022-utt262.wav,wav/vmc2026-track3-sys019-utt261.wav,3.9973051485575914
sys011,utt314,wav/vmc2026-track3-sys011-utt314.wav,wav/vmc2026-track3-sys019-utt313.wav,4.2562671694081935
sys024,utt200,wav/vmc2026-track3-sys024-utt200.wav,wav/vmc2026-track3-sys019-utt199.wav,4.455356095774491
sys024,utt072,wav/vmc2026-track3-sys024-utt072.wav,wav/vmc2026-track3-sys019-utt071.wav,3.71841560523937
sys024,utt226,wav/vmc2026-track3-sys024-utt226.wav,wav/vmc2026-track3-sys019-utt225.wav,4.203068659603892
sys011,utt294,wav/vmc2026-track3-sys011-utt294.wav,wav/vmc2026-track3-sys019-utt293.wav,4.687824482310339
sys001,utt010,wav/vmc2026-track3-sys001-utt010.wav,wav/vmc2026-track3-sys019-utt009.wav,4.154672659791081
sys012,utt050,wav/vmc2026-track3-sys012-utt050.wav,wav/vmc2026-track3-sys019-utt049.wav,3.919748419921174
sys009,utt122,wav/vmc2026-track3-sys009-utt122.wav,wav/vmc2026-track3-sys019-utt121.wav,3.846245202962661
sys018,utt040,wav/vmc2026-track3-sys018-utt040.wav,wav/vmc2026-track3-sys019-utt039.wav,4.032179953034176
sys002,utt150,wav/vmc2026-track3-sys002-utt150.wav,wav/vmc2026-track3-sys019-utt149.wav,4.065797471476818
sys006,utt292,wav/vmc2026-track3-sys006-utt292.wav,wav/vmc2026-track3-sys019-utt291.wav,4.549136568668911
sys014,utt272,wav/vmc2026-track3-sys014-utt272.wav,wav/vmc2026-track3-sys019-utt271.wav,4.7608090003109105
sys023,utt288,wav/vmc2026-track3-sys023-utt288.wav,wav/vmc2026-track3-sys019-utt287.wav,4.432057037211435
sys002,utt082,wav/vmc2026-track3-sys002-utt082.wav,wav/vmc2026-track3-sys019-utt081.wav,3.960198469944602
sys024,utt108,wav/vmc2026-track3-sys024-utt108.wav,wav/vmc2026-track3-sys019-utt107.wav,4.351449361637661
sys002,utt314,wav/vmc2026-track3-sys002-utt314.wav,wav/vmc2026-track3-sys019-utt313.wav,3.83221750710488
sys011,utt316,wav/vmc2026-track3-sys011-utt316.wav,wav/vmc2026-track3-sys019-utt315.wav,4.385501534186533
sys010,utt224,wav/vmc2026-track3-sys010-utt224.wav,wav/vmc2026-track3-sys019-utt223.wav,3.890021945252157
sys017,utt248,wav/vmc2026-track3-sys017-utt248.wav,wav/vmc2026-track3-sys019-utt247.wav,4.3771026597269
sys022,utt124,wav/vmc2026-track3-sys022-utt124.wav,wav/vmc2026-track3-sys019-utt123.wav,3.4256349549898153
sys024,utt102,wav/vmc2026-track3-sys024-utt102.wav,wav/vmc2026-track3-sys019-utt101.wav,4.287885762921908
sys007,utt012,wav/vmc2026-track3-sys007-utt012.wav,wav/vmc2026-track3-sys019-utt011.wav,4.684725153336393
sys001,utt180,wav/vmc2026-track3-sys001-utt180.wav,wav/vmc2026-track3-sys019-utt179.wav,3.9696385272502304
sys025,utt042,wav/vmc2026-track3-sys025-utt042.wav,wav/vmc2026-track3-sys019-utt041.wav,3.679162199110687
sys001,utt062,wav/vmc2026-track3-sys001-utt062.wav,wav/vmc2026-track3-sys019-utt061.wav,3.642139464115286
sys024,utt012,wav/vmc2026-track3-sys024-utt012.wav,wav/vmc2026-track3-sys019-utt011.wav,3.9754449884054552
sys024,utt312,wav/vmc2026-track3-sys024-utt312.wav,wav/vmc2026-track3-sys019-utt311.wav,3.9497499561694163
sys016,utt134,wav/vmc2026-track3-sys016-utt134.wav,wav/vmc2026-track3-sys019-utt133.wav,3.7172255655224027
sys014,utt130,wav/vmc2026-track3-sys014-utt130.wav,wav/vmc2026-track3-sys019-utt129.wav,4.975333948899744
sys020,utt208,wav/vmc2026-track3-sys020-utt208.wav,wav/vmc2026-track3-sys019-utt207.wav,3.4898665200689627
sys020,utt038,wav/vmc2026-track3-sys020-utt038.wav,wav/vmc2026-track3-sys019-utt037.wav,3.1718322148538727
sys010,utt198,wav/vmc2026-track3-sys010-utt198.wav,wav/vmc2026-track3-sys019-utt197.wav,4.440429247894922
sys023,utt182,wav/vmc2026-track3-sys023-utt182.wav,wav/vmc2026-track3-sys019-utt181.wav,4.4506109096086375
sys005,utt194,wav/vmc2026-track3-sys005-utt194.wav,wav/vmc2026-track3-sys019-utt193.wav,3.870815317451935
sys007,utt178,wav/vmc2026-track3-sys007-utt178.wav,wav/vmc2026-track3-sys019-utt177.wav,4.0234762653345415
sys011,utt120,wav/vmc2026-track3-sys011-utt120.wav,wav/vmc2026-track3-sys019-utt119.wav,4.149056670770616
sys018,utt290,wav/vmc2026-track3-sys018-utt290.wav,wav/vmc2026-track3-sys019-utt289.wav,3.5948904180787746
sys010,utt316,wav/vmc2026-track3-sys010-utt316.wav,wav/vmc2026-track3-sys019-utt315.wav,3.8488440647835547
sys010,utt310,wav/vmc2026-track3-sys010-utt310.wav,wav/vmc2026-track3-sys019-utt309.wav,4.0647154773680825
sys018,utt298,wav/vmc2026-track3-sys018-utt298.wav,wav/vmc2026-track3-sys019-utt297.wav,4.374721635584493
sys005,utt238,wav/vmc2026-track3-sys005-utt238.wav,wav/vmc2026-track3-sys019-utt237.wav,4.020772795222198
sys022,utt032,wav/vmc2026-track3-sys022-utt032.wav,wav/vmc2026-track3-sys019-utt031.wav,3.807888248995625
sys026,utt246,wav/vmc2026-track3-sys026-utt246.wav,wav/vmc2026-track3-sys019-utt245.wav,4.038570163300286
sys002,utt138,wav/vmc2026-track3-sys002-utt138.wav,wav/vmc2026-track3-sys019-utt137.wav,4.16410260254656
sys005,utt174,wav/vmc2026-track3-sys005-utt174.wav,wav/vmc2026-track3-sys019-utt173.wav,3.733700870617148
sys018,utt080,wav/vmc2026-track3-sys018-utt080.wav,wav/vmc2026-track3-sys019-utt079.wav,4.112922938206668
sys026,utt116,wav/vmc2026-track3-sys026-utt116.wav,wav/vmc2026-track3-sys019-utt115.wav,4.180510129166788
sys016,utt036,wav/vmc2026-track3-sys016-utt036.wav,wav/vmc2026-track3-sys019-utt035.wav,3.4569160383672104
sys022,utt158,wav/vmc2026-track3-sys022-utt158.wav,wav/vmc2026-track3-sys019-utt157.wav,4.262058834709567
sys007,utt050,wav/vmc2026-track3-sys007-utt050.wav,wav/vmc2026-track3-sys019-utt049.wav,3.9475354279629773
sys001,utt028,wav/vmc2026-track3-sys001-utt028.wav,wav/vmc2026-track3-sys019-utt027.wav,4.119861617835784
sys020,utt046,wav/vmc2026-track3-sys020-utt046.wav,wav/vmc2026-track3-sys019-utt045.wav,3.19570489003081
sys026,utt160,wav/vmc2026-track3-sys026-utt160.wav,wav/vmc2026-track3-sys019-utt159.wav,4.05807979289875
sys022,utt064,wav/vmc2026-track3-sys022-utt064.wav,wav/vmc2026-track3-sys019-utt063.wav,3.036893904255367
sys009,utt130,wav/vmc2026-track3-sys009-utt130.wav,wav/vmc2026-track3-sys019-utt129.wav,4.179065983548461
sys005,utt306,wav/vmc2026-track3-sys005-utt306.wav,wav/vmc2026-track3-sys019-utt305.wav,4.21044562588407
sys007,utt242,wav/vmc2026-track3-sys007-utt242.wav,wav/vmc2026-track3-sys019-utt241.wav,3.9051425678075073
sys002,utt076,wav/vmc2026-track3-sys002-utt076.wav,wav/vmc2026-track3-sys019-utt075.wav,3.9441222938632152
sys024,utt284,wav/vmc2026-track3-sys024-utt284.wav,wav/vmc2026-track3-sys019-utt283.wav,4.223605305413871
sys018,utt294,wav/vmc2026-track3-sys018-utt294.wav,wav/vmc2026-track3-sys019-utt293.wav,3.246690471044433
sys020,utt062,wav/vmc2026-track3-sys020-utt062.wav,wav/vmc2026-track3-sys019-utt061.wav,3.7164889590658703
sys005,utt204,wav/vmc2026-track3-sys005-utt204.wav,wav/vmc2026-track3-sys019-utt203.wav,3.303165924300214
sys026,utt208,wav/vmc2026-track3-sys026-utt208.wav,wav/vmc2026-track3-sys019-utt207.wav,4.323938656592367
sys010,utt022,wav/vmc2026-track3-sys010-utt022.wav,wav/vmc2026-track3-sys019-utt021.wav,3.6341560897719543
sys001,utt132,wav/vmc2026-track3-sys001-utt132.wav,wav/vmc2026-track3-sys019-utt131.wav,3.8030737126376666
sys018,utt154,wav/vmc2026-track3-sys018-utt154.wav,wav/vmc2026-track3-sys019-utt153.wav,4.390837693859007
sys023,utt156,wav/vmc2026-track3-sys023-utt156.wav,wav/vmc2026-track3-sys019-utt155.wav,4.706294349715844
sys012,utt288,wav/vmc2026-track3-sys012-utt288.wav,wav/vmc2026-track3-sys019-utt287.wav,4.065841337307576
sys008,utt144,wav/vmc2026-track3-sys008-utt144.wav,wav/vmc2026-track3-sys019-utt143.wav,4.392539623568789
sys002,utt198,wav/vmc2026-track3-sys002-utt198.wav,wav/vmc2026-track3-sys019-utt197.wav,4.66778388303136
sys013,utt046,wav/vmc2026-track3-sys013-utt046.wav,wav/vmc2026-track3-sys019-utt045.wav,3.8826992815724783
sys008,utt146,wav/vmc2026-track3-sys008-utt146.wav,wav/vmc2026-track3-sys019-utt145.wav,4.821542056471117
sys008,utt004,wav/vmc2026-track3-sys008-utt004.wav,wav/vmc2026-track3-sys019-utt003.wav,4.844241818756878
sys001,utt218,wav/vmc2026-track3-sys001-utt218.wav,wav/vmc2026-track3-sys019-utt217.wav,4.384873126521947
sys012,utt090,wav/vmc2026-track3-sys012-utt090.wav,wav/vmc2026-track3-sys019-utt089.wav,4.1599446003000455
sys008,utt158,wav/vmc2026-track3-sys008-utt158.wav,wav/vmc2026-track3-sys019-utt157.wav,4.66578037592822
sys023,utt196,wav/vmc2026-track3-sys023-utt196.wav,wav/vmc2026-track3-sys019-utt195.wav,4.326975311544805
sys011,utt198,wav/vmc2026-track3-sys011-utt198.wav,wav/vmc2026-track3-sys019-utt197.wav,4.513250511826189
sys008,utt302,wav/vmc2026-track3-sys008-utt302.wav,wav/vmc2026-track3-sys019-utt301.wav,4.572277222414452
sys026,utt222,wav/vmc2026-track3-sys026-utt222.wav,wav/vmc2026-track3-sys019-utt221.wav,3.144703535310303
sys026,utt090,wav/vmc2026-track3-sys026-utt090.wav,wav/vmc2026-track3-sys019-utt089.wav,3.997222635667574
sys014,utt160,wav/vmc2026-track3-sys014-utt160.wav,wav/vmc2026-track3-sys019-utt159.wav,4.81215834307803
sys010,utt064,wav/vmc2026-track3-sys010-utt064.wav,wav/vmc2026-track3-sys019-utt063.wav,3.9759657285154306
sys012,utt018,wav/vmc2026-track3-sys012-utt018.wav,wav/vmc2026-track3-sys019-utt017.wav,4.575730917702401
sys006,utt200,wav/vmc2026-track3-sys006-utt200.wav,wav/vmc2026-track3-sys019-utt199.wav,4.683812279167796
sys018,utt312,wav/vmc2026-track3-sys018-utt312.wav,wav/vmc2026-track3-sys019-utt311.wav,4.238015946096887
sys026,utt186,wav/vmc2026-track3-sys026-utt186.wav,wav/vmc2026-track3-sys019-utt185.wav,4.35793951666618
sys023,utt246,wav/vmc2026-track3-sys023-utt246.wav,wav/vmc2026-track3-sys019-utt245.wav,4.42074782271072
sys010,utt006,wav/vmc2026-track3-sys010-utt006.wav,wav/vmc2026-track3-sys019-utt005.wav,4.296784619293443
sys001,utt110,wav/vmc2026-track3-sys001-utt110.wav,wav/vmc2026-track3-sys019-utt109.wav,4.10872203180175
sys014,utt236,wav/vmc2026-track3-sys014-utt236.wav,wav/vmc2026-track3-sys019-utt235.wav,4.596102505881882
sys012,utt272,wav/vmc2026-track3-sys012-utt272.wav,wav/vmc2026-track3-sys019-utt271.wav,4.329984956736724
sys002,utt204,wav/vmc2026-track3-sys002-utt204.wav,wav/vmc2026-track3-sys019-utt203.wav,4.358940568327937
sys007,utt298,wav/vmc2026-track3-sys007-utt298.wav,wav/vmc2026-track3-sys019-utt297.wav,3.8723002720018593
sys016,utt106,wav/vmc2026-track3-sys016-utt106.wav,wav/vmc2026-track3-sys019-utt105.wav,4.385184111166873
sys008,utt014,wav/vmc2026-track3-sys008-utt014.wav,wav/vmc2026-track3-sys019-utt013.wav,4.854677824085983
sys025,utt082,wav/vmc2026-track3-sys025-utt082.wav,wav/vmc2026-track3-sys019-utt081.wav,4.082277946593294
sys006,utt300,wav/vmc2026-track3-sys006-utt300.wav,wav/vmc2026-track3-sys019-utt299.wav,4.4135315784028775
sys025,utt286,wav/vmc2026-track3-sys025-utt286.wav,wav/vmc2026-track3-sys019-utt285.wav,3.6188552071085494
sys017,utt284,wav/vmc2026-track3-sys017-utt284.wav,wav/vmc2026-track3-sys019-utt283.wav,4.325052974941341
sys006,utt182,wav/vmc2026-track3-sys006-utt182.wav,wav/vmc2026-track3-sys019-utt181.wav,4.375513875674942
sys012,utt178,wav/vmc2026-track3-sys012-utt178.wav,wav/vmc2026-track3-sys019-utt177.wav,3.3373555319011654
sys016,utt070,wav/vmc2026-track3-sys016-utt070.wav,wav/vmc2026-track3-sys019-utt069.wav,4.282322781071027
sys006,utt122,wav/vmc2026-track3-sys006-utt122.wav,wav/vmc2026-track3-sys019-utt121.wav,4.581860015147777
sys011,utt298,wav/vmc2026-track3-sys011-utt298.wav,wav/vmc2026-track3-sys019-utt297.wav,4.044686080576891
sys006,utt026,wav/vmc2026-track3-sys006-utt026.wav,wav/vmc2026-track3-sys019-utt025.wav,4.523188367200302
sys012,utt116,wav/vmc2026-track3-sys012-utt116.wav,wav/vmc2026-track3-sys019-utt115.wav,3.9166952784844566
sys023,utt248,wav/vmc2026-track3-sys023-utt248.wav,wav/vmc2026-track3-sys019-utt247.wav,4.797273158756132
sys018,utt288,wav/vmc2026-track3-sys018-utt288.wav,wav/vmc2026-track3-sys019-utt287.wav,3.7076008546441885
sys012,utt198,wav/vmc2026-track3-sys012-utt198.wav,wav/vmc2026-track3-sys019-utt197.wav,3.896784085033065
sys014,utt192,wav/vmc2026-track3-sys014-utt192.wav,wav/vmc2026-track3-sys019-utt191.wav,4.602996142102804
sys017,utt242,wav/vmc2026-track3-sys017-utt242.wav,wav/vmc2026-track3-sys019-utt241.wav,4.31076803265568
sys010,utt210,wav/vmc2026-track3-sys010-utt210.wav,wav/vmc2026-track3-sys019-utt209.wav,4.581105262412082
sys024,utt134,wav/vmc2026-track3-sys024-utt134.wav,wav/vmc2026-track3-sys019-utt133.wav,3.5682912926729933
sys013,utt090,wav/vmc2026-track3-sys013-utt090.wav,wav/vmc2026-track3-sys019-utt089.wav,4.1875659022322145
sys006,utt160,wav/vmc2026-track3-sys006-utt160.wav,wav/vmc2026-track3-sys019-utt159.wav,4.9231898251644735
sys020,utt276,wav/vmc2026-track3-sys020-utt276.wav,wav/vmc2026-track3-sys019-utt275.wav,3.0743736256268708
sys017,utt214,wav/vmc2026-track3-sys017-utt214.wav,wav/vmc2026-track3-sys019-utt213.wav,4.5664371788185445
sys016,utt286,wav/vmc2026-track3-sys016-utt286.wav,wav/vmc2026-track3-sys019-utt285.wav,4.242441733824642
sys013,utt138,wav/vmc2026-track3-sys013-utt138.wav,wav/vmc2026-track3-sys019-utt137.wav,3.8935758520875248
sys024,utt264,wav/vmc2026-track3-sys024-utt264.wav,wav/vmc2026-track3-sys019-utt263.wav,4.204559256768926
sys024,utt114,wav/vmc2026-track3-sys024-utt114.wav,wav/vmc2026-track3-sys019-utt113.wav,3.4827993469202525
sys024,utt206,wav/vmc2026-track3-sys024-utt206.wav,wav/vmc2026-track3-sys019-utt205.wav,3.68792292482331
sys014,utt084,wav/vmc2026-track3-sys014-utt084.wav,wav/vmc2026-track3-sys019-utt083.wav,4.752002965424469
sys006,utt042,wav/vmc2026-track3-sys006-utt042.wav,wav/vmc2026-track3-sys019-utt041.wav,4.427036598621989
sys010,utt250,wav/vmc2026-track3-sys010-utt250.wav,wav/vmc2026-track3-sys019-utt249.wav,4.73309004370278
sys026,utt232,wav/vmc2026-track3-sys026-utt232.wav,wav/vmc2026-track3-sys019-utt231.wav,4.2580055086384
sys025,utt298,wav/vmc2026-track3-sys025-utt298.wav,wav/vmc2026-track3-sys019-utt297.wav,3.500000465047555
sys026,utt270,wav/vmc2026-track3-sys026-utt270.wav,wav/vmc2026-track3-sys019-utt269.wav,4.351930364479398
sys002,utt086,wav/vmc2026-track3-sys002-utt086.wav,wav/vmc2026-track3-sys019-utt085.wav,3.6617478421659997
sys022,utt202,wav/vmc2026-track3-sys022-utt202.wav,wav/vmc2026-track3-sys019-utt201.wav,4.5336069512007295
sys008,utt228,wav/vmc2026-track3-sys008-utt228.wav,wav/vmc2026-track3-sys019-utt227.wav,4.55377071064336
sys013,utt244,wav/vmc2026-track3-sys013-utt244.wav,wav/vmc2026-track3-sys019-utt243.wav,4.449850548566981
sys020,utt078,wav/vmc2026-track3-sys020-utt078.wav,wav/vmc2026-track3-sys019-utt077.wav,3.7694633717799984
sys010,utt286,wav/vmc2026-track3-sys010-utt286.wav,wav/vmc2026-track3-sys019-utt285.wav,3.7414879907873546
sys010,utt148,wav/vmc2026-track3-sys010-utt148.wav,wav/vmc2026-track3-sys019-utt147.wav,3.686336234861896
sys002,utt304,wav/vmc2026-track3-sys002-utt304.wav,wav/vmc2026-track3-sys019-utt303.wav,4.417177091292279
sys008,utt038,wav/vmc2026-track3-sys008-utt038.wav,wav/vmc2026-track3-sys019-utt037.wav,4.680353239461722
sys018,utt084,wav/vmc2026-track3-sys018-utt084.wav,wav/vmc2026-track3-sys019-utt083.wav,2.8103440006865155
sys009,utt044,wav/vmc2026-track3-sys009-utt044.wav,wav/vmc2026-track3-sys019-utt043.wav,4.055899124414507
sys023,utt282,wav/vmc2026-track3-sys023-utt282.wav,wav/vmc2026-track3-sys019-utt281.wav,4.496768259658438
sys014,utt062,wav/vmc2026-track3-sys014-utt062.wav,wav/vmc2026-track3-sys019-utt061.wav,4.476728407345392
sys017,utt018,wav/vmc2026-track3-sys017-utt018.wav,wav/vmc2026-track3-sys019-utt017.wav,4.4598570422868615
sys022,utt136,wav/vmc2026-track3-sys022-utt136.wav,wav/vmc2026-track3-sys019-utt135.wav,3.5175289133806906
sys018,utt234,wav/vmc2026-track3-sys018-utt234.wav,wav/vmc2026-track3-sys019-utt233.wav,3.5810632512603604
sys014,utt212,wav/vmc2026-track3-sys014-utt212.wav,wav/vmc2026-track3-sys019-utt211.wav,4.743715224708938
sys024,utt236,wav/vmc2026-track3-sys024-utt236.wav,wav/vmc2026-track3-sys019-utt235.wav,4.145145624838991
sys009,utt118,wav/vmc2026-track3-sys009-utt118.wav,wav/vmc2026-track3-sys019-utt117.wav,4.0624390013927405
sys006,utt220,wav/vmc2026-track3-sys006-utt220.wav,wav/vmc2026-track3-sys019-utt219.wav,4.451895222077984
sys012,utt292,wav/vmc2026-track3-sys012-utt292.wav,wav/vmc2026-track3-sys019-utt291.wav,4.301903406531374
sys013,utt086,wav/vmc2026-track3-sys013-utt086.wav,wav/vmc2026-track3-sys019-utt085.wav,4.442207772228651
sys012,utt216,wav/vmc2026-track3-sys012-utt216.wav,wav/vmc2026-track3-sys019-utt215.wav,4.398369941465616
sys020,utt232,wav/vmc2026-track3-sys020-utt232.wav,wav/vmc2026-track3-sys019-utt231.wav,3.6152514828447857
sys007,utt174,wav/vmc2026-track3-sys007-utt174.wav,wav/vmc2026-track3-sys019-utt173.wav,3.5007778849972366
sys016,utt228,wav/vmc2026-track3-sys016-utt228.wav,wav/vmc2026-track3-sys019-utt227.wav,3.923344161409322
sys025,utt010,wav/vmc2026-track3-sys025-utt010.wav,wav/vmc2026-track3-sys019-utt009.wav,4.0472344560984945
sys014,utt158,wav/vmc2026-track3-sys014-utt158.wav,wav/vmc2026-track3-sys019-utt157.wav,4.8799924846088505
sys002,utt178,wav/vmc2026-track3-sys002-utt178.wav,wav/vmc2026-track3-sys019-utt177.wav,4.559980428561484
sys025,utt032,wav/vmc2026-track3-sys025-utt032.wav,wav/vmc2026-track3-sys019-utt031.wav,4.0610451920011315
sys001,utt232,wav/vmc2026-track3-sys001-utt232.wav,wav/vmc2026-track3-sys019-utt231.wav,4.030484046432353
sys026,utt008,wav/vmc2026-track3-sys026-utt008.wav,wav/vmc2026-track3-sys019-utt007.wav,4.059412531395545
sys005,utt300,wav/vmc2026-track3-sys005-utt300.wav,wav/vmc2026-track3-sys019-utt299.wav,3.785721398296539
sys001,utt102,wav/vmc2026-track3-sys001-utt102.wav,wav/vmc2026-track3-sys019-utt101.wav,3.9701025763616076
sys026,utt236,wav/vmc2026-track3-sys026-utt236.wav,wav/vmc2026-track3-sys019-utt235.wav,4.491903035997525
sys020,utt048,wav/vmc2026-track3-sys020-utt048.wav,wav/vmc2026-track3-sys019-utt047.wav,3.624992504223319
sys012,utt128,wav/vmc2026-track3-sys012-utt128.wav,wav/vmc2026-track3-sys019-utt127.wav,3.8436991072024793
sys013,utt206,wav/vmc2026-track3-sys013-utt206.wav,wav/vmc2026-track3-sys019-utt205.wav,4.309909653012281
sys013,utt118,wav/vmc2026-track3-sys013-utt118.wav,wav/vmc2026-track3-sys019-utt117.wav,3.8421200557749624
sys009,utt176,wav/vmc2026-track3-sys009-utt176.wav,wav/vmc2026-track3-sys019-utt175.wav,3.657631577133098
sys014,utt222,wav/vmc2026-track3-sys014-utt222.wav,wav/vmc2026-track3-sys019-utt221.wav,4.045865293393253
sys002,utt142,wav/vmc2026-track3-sys002-utt142.wav,wav/vmc2026-track3-sys019-utt141.wav,4.287506265416299
sys011,utt110,wav/vmc2026-track3-sys011-utt110.wav,wav/vmc2026-track3-sys019-utt109.wav,4.584177082462524
sys011,utt008,wav/vmc2026-track3-sys011-utt008.wav,wav/vmc2026-track3-sys019-utt007.wav,4.473699237224727
sys024,utt280,wav/vmc2026-track3-sys024-utt280.wav,wav/vmc2026-track3-sys019-utt279.wav,3.96884784095913
sys014,utt042,wav/vmc2026-track3-sys014-utt042.wav,wav/vmc2026-track3-sys019-utt041.wav,4.566295443821943
sys024,utt282,wav/vmc2026-track3-sys024-utt282.wav,wav/vmc2026-track3-sys019-utt281.wav,3.9706745896319218
sys008,utt194,wav/vmc2026-track3-sys008-utt194.wav,wav/vmc2026-track3-sys019-utt193.wav,4.4581629206145434
sys020,utt016,wav/vmc2026-track3-sys020-utt016.wav,wav/vmc2026-track3-sys019-utt015.wav,3.715265853183437
sys009,utt194,wav/vmc2026-track3-sys009-utt194.wav,wav/vmc2026-track3-sys019-utt193.wav,4.3755272026061345
sys008,utt242,wav/vmc2026-track3-sys008-utt242.wav,wav/vmc2026-track3-sys019-utt241.wav,4.9210021431416955
sys001,utt202,wav/vmc2026-track3-sys001-utt202.wav,wav/vmc2026-track3-sys019-utt201.wav,4.204956893480094
sys020,utt156,wav/vmc2026-track3-sys020-utt156.wav,wav/vmc2026-track3-sys019-utt155.wav,4.015261077969961
sys012,utt126,wav/vmc2026-track3-sys012-utt126.wav,wav/vmc2026-track3-sys019-utt125.wav,4.798639004526871
sys009,utt234,wav/vmc2026-track3-sys009-utt234.wav,wav/vmc2026-track3-sys019-utt233.wav,3.14755179476683
sys022,utt138,wav/vmc2026-track3-sys022-utt138.wav,wav/vmc2026-track3-sys019-utt137.wav,3.044576887401168
sys009,utt158,wav/vmc2026-track3-sys009-utt158.wav,wav/vmc2026-track3-sys019-utt157.wav,4.535182614375432
sys008,utt080,wav/vmc2026-track3-sys008-utt080.wav,wav/vmc2026-track3-sys019-utt079.wav,4.3263145674300105
sys005,utt124,wav/vmc2026-track3-sys005-utt124.wav,wav/vmc2026-track3-sys019-utt123.wav,3.7981553382708677
sys012,utt302,wav/vmc2026-track3-sys012-utt302.wav,wav/vmc2026-track3-sys019-utt301.wav,3.844256348051052
sys023,utt268,wav/vmc2026-track3-sys023-utt268.wav,wav/vmc2026-track3-sys019-utt267.wav,3.9513559413651547
sys025,utt118,wav/vmc2026-track3-sys025-utt118.wav,wav/vmc2026-track3-sys019-utt117.wav,4.396316199447665
sys001,utt300,wav/vmc2026-track3-sys001-utt300.wav,wav/vmc2026-track3-sys019-utt299.wav,3.9091072399489057
sys026,utt276,wav/vmc2026-track3-sys026-utt276.wav,wav/vmc2026-track3-sys019-utt275.wav,3.9997339439604023
sys023,utt112,wav/vmc2026-track3-sys023-utt112.wav,wav/vmc2026-track3-sys019-utt111.wav,4.005364320063628
sys023,utt296,wav/vmc2026-track3-sys023-utt296.wav,wav/vmc2026-track3-sys019-utt295.wav,4.623159035114077
sys009,utt290,wav/vmc2026-track3-sys009-utt290.wav,wav/vmc2026-track3-sys019-utt289.wav,4.368540530970325
sys025,utt108,wav/vmc2026-track3-sys025-utt108.wav,wav/vmc2026-track3-sys019-utt107.wav,3.814410841872175
sys008,utt198,wav/vmc2026-track3-sys008-utt198.wav,wav/vmc2026-track3-sys019-utt197.wav,4.730003745991636
sys001,utt236,wav/vmc2026-track3-sys001-utt236.wav,wav/vmc2026-track3-sys019-utt235.wav,4.100962928710642
sys009,utt024,wav/vmc2026-track3-sys009-utt024.wav,wav/vmc2026-track3-sys019-utt023.wav,4.3765215141146925
sys002,utt014,wav/vmc2026-track3-sys002-utt014.wav,wav/vmc2026-track3-sys019-utt013.wav,3.9981477748672685
sys018,utt146,wav/vmc2026-track3-sys018-utt146.wav,wav/vmc2026-track3-sys019-utt145.wav,3.114666172617916
sys020,utt204,wav/vmc2026-track3-sys020-utt204.wav,wav/vmc2026-track3-sys019-utt203.wav,3.130151556353564
sys008,utt082,wav/vmc2026-track3-sys008-utt082.wav,wav/vmc2026-track3-sys019-utt081.wav,4.324130058631056
sys001,utt308,wav/vmc2026-track3-sys001-utt308.wav,wav/vmc2026-track3-sys019-utt307.wav,4.244826515163968
sys005,utt196,wav/vmc2026-track3-sys005-utt196.wav,wav/vmc2026-track3-sys019-utt195.wav,3.8991416203887557
sys022,utt318,wav/vmc2026-track3-sys022-utt318.wav,wav/vmc2026-track3-sys019-utt317.wav,4.008134601212701
sys005,utt044,wav/vmc2026-track3-sys005-utt044.wav,wav/vmc2026-track3-sys019-utt043.wav,3.910685663946411
sys001,utt316,wav/vmc2026-track3-sys001-utt316.wav,wav/vmc2026-track3-sys019-utt315.wav,4.2195339015635325
sys007,utt280,wav/vmc2026-track3-sys007-utt280.wav,wav/vmc2026-track3-sys019-utt279.wav,4.026103823888218
sys009,utt228,wav/vmc2026-track3-sys009-utt228.wav,wav/vmc2026-track3-sys019-utt227.wav,4.880863556001408
sys024,utt178,wav/vmc2026-track3-sys024-utt178.wav,wav/vmc2026-track3-sys019-utt177.wav,3.8905003634429987
sys008,utt012,wav/vmc2026-track3-sys008-utt012.wav,wav/vmc2026-track3-sys019-utt011.wav,4.807081932987229
sys018,utt250,wav/vmc2026-track3-sys018-utt250.wav,wav/vmc2026-track3-sys019-utt249.wav,4.094497841344969
sys005,utt062,wav/vmc2026-track3-sys005-utt062.wav,wav/vmc2026-track3-sys019-utt061.wav,3.878280549672491
sys017,utt282,wav/vmc2026-track3-sys017-utt282.wav,wav/vmc2026-track3-sys019-utt281.wav,4.894854829018117
sys018,utt038,wav/vmc2026-track3-sys018-utt038.wav,wav/vmc2026-track3-sys019-utt037.wav,3.6322068582697726
sys026,utt146,wav/vmc2026-track3-sys026-utt146.wav,wav/vmc2026-track3-sys019-utt145.wav,3.8820217733262847
sys017,utt074,wav/vmc2026-track3-sys017-utt074.wav,wav/vmc2026-track3-sys019-utt073.wav,4.516328063977427
sys018,utt278,wav/vmc2026-track3-sys018-utt278.wav,wav/vmc2026-track3-sys019-utt277.wav,4.365752294398071
sys022,utt132,wav/vmc2026-track3-sys022-utt132.wav,wav/vmc2026-track3-sys019-utt131.wav,4.150978362696407
sys025,utt182,wav/vmc2026-track3-sys025-utt182.wav,wav/vmc2026-track3-sys019-utt181.wav,3.5397734136276284
sys014,utt216,wav/vmc2026-track3-sys014-utt216.wav,wav/vmc2026-track3-sys019-utt215.wav,4.695962539176903
sys017,utt310,wav/vmc2026-track3-sys017-utt310.wav,wav/vmc2026-track3-sys019-utt309.wav,4.325616096809483
sys023,utt022,wav/vmc2026-track3-sys023-utt022.wav,wav/vmc2026-track3-sys019-utt021.wav,4.185830137074551
sys007,utt132,wav/vmc2026-track3-sys007-utt132.wav,wav/vmc2026-track3-sys019-utt131.wav,4.166816377288666
sys024,utt232,wav/vmc2026-track3-sys024-utt232.wav,wav/vmc2026-track3-sys019-utt231.wav,3.545381452077692
sys009,utt088,wav/vmc2026-track3-sys009-utt088.wav,wav/vmc2026-track3-sys019-utt087.wav,3.9718049690006665
sys013,utt124,wav/vmc2026-track3-sys013-utt124.wav,wav/vmc2026-track3-sys019-utt123.wav,4.407255378298063
sys026,utt316,wav/vmc2026-track3-sys026-utt316.wav,wav/vmc2026-track3-sys019-utt315.wav,4.037875135787237
sys026,utt134,wav/vmc2026-track3-sys026-utt134.wav,wav/vmc2026-track3-sys019-utt133.wav,3.6457517778906263
sys026,utt206,wav/vmc2026-track3-sys026-utt206.wav,wav/vmc2026-track3-sys019-utt205.wav,3.9414498021386404
sys010,utt036,wav/vmc2026-track3-sys010-utt036.wav,wav/vmc2026-track3-sys019-utt035.wav,3.989694741599852
sys010,utt126,wav/vmc2026-track3-sys010-utt126.wav,wav/vmc2026-track3-sys019-utt125.wav,4.791211199633042
sys001,utt290,wav/vmc2026-track3-sys001-utt290.wav,wav/vmc2026-track3-sys019-utt289.wav,4.122961995933962
sys016,utt068,wav/vmc2026-track3-sys016-utt068.wav,wav/vmc2026-track3-sys019-utt067.wav,4.050334105335042
sys017,utt160,wav/vmc2026-track3-sys017-utt160.wav,wav/vmc2026-track3-sys019-utt159.wav,4.469667197223788
sys012,utt138,wav/vmc2026-track3-sys012-utt138.wav,wav/vmc2026-track3-sys019-utt137.wav,3.213855083448497
sys024,utt196,wav/vmc2026-track3-sys024-utt196.wav,wav/vmc2026-track3-sys019-utt195.wav,4.234225445877383
sys026,utt030,wav/vmc2026-track3-sys026-utt030.wav,wav/vmc2026-track3-sys019-utt029.wav,4.336497530234764
sys006,utt014,wav/vmc2026-track3-sys006-utt014.wav,wav/vmc2026-track3-sys019-utt013.wav,4.680270357062685
sys023,utt298,wav/vmc2026-track3-sys023-utt298.wav,wav/vmc2026-track3-sys019-utt297.wav,4.174856960065957
sys008,utt280,wav/vmc2026-track3-sys008-utt280.wav,wav/vmc2026-track3-sys019-utt279.wav,4.77955187599132
sys008,utt122,wav/vmc2026-track3-sys008-utt122.wav,wav/vmc2026-track3-sys019-utt121.wav,4.881002936585144
sys017,utt044,wav/vmc2026-track3-sys017-utt044.wav,wav/vmc2026-track3-sys019-utt043.wav,3.9642478429370156
sys008,utt292,wav/vmc2026-track3-sys008-utt292.wav,wav/vmc2026-track3-sys019-utt291.wav,4.6056217880266805
sys011,utt156,wav/vmc2026-track3-sys011-utt156.wav,wav/vmc2026-track3-sys019-utt155.wav,4.661596579000855
sys010,utt110,wav/vmc2026-track3-sys010-utt110.wav,wav/vmc2026-track3-sys019-utt109.wav,3.9196031249600276
sys018,utt020,wav/vmc2026-track3-sys018-utt020.wav,wav/vmc2026-track3-sys019-utt019.wav,3.879735063606807
sys013,utt026,wav/vmc2026-track3-sys013-utt026.wav,wav/vmc2026-track3-sys019-utt025.wav,4.3157844940827825
sys013,utt212,wav/vmc2026-track3-sys013-utt212.wav,wav/vmc2026-track3-sys019-utt211.wav,4.353080717031501
sys025,utt086,wav/vmc2026-track3-sys025-utt086.wav,wav/vmc2026-track3-sys019-utt085.wav,3.804675564608116
sys024,utt234,wav/vmc2026-track3-sys024-utt234.wav,wav/vmc2026-track3-sys019-utt233.wav,3.303331110933826
sys022,utt006,wav/vmc2026-track3-sys022-utt006.wav,wav/vmc2026-track3-sys019-utt005.wav,3.9634003907947264
sys011,utt182,wav/vmc2026-track3-sys011-utt182.wav,wav/vmc2026-track3-sys019-utt181.wav,3.9577654013912342
sys016,utt078,wav/vmc2026-track3-sys016-utt078.wav,wav/vmc2026-track3-sys019-utt077.wav,4.394189415451141
sys011,utt292,wav/vmc2026-track3-sys011-utt292.wav,wav/vmc2026-track3-sys019-utt291.wav,4.733973753674995
sys011,utt148,wav/vmc2026-track3-sys011-utt148.wav,wav/vmc2026-track3-sys019-utt147.wav,3.9539945665689737
sys001,utt070,wav/vmc2026-track3-sys001-utt070.wav,wav/vmc2026-track3-sys019-utt069.wav,4.747345060482677
sys001,utt306,wav/vmc2026-track3-sys001-utt306.wav,wav/vmc2026-track3-sys019-utt305.wav,4.236482764354497
sys009,utt264,wav/vmc2026-track3-sys009-utt264.wav,wav/vmc2026-track3-sys019-utt263.wav,4.271379802675312
sys006,utt270,wav/vmc2026-track3-sys006-utt270.wav,wav/vmc2026-track3-sys019-utt269.wav,4.436747989872977
sys022,utt226,wav/vmc2026-track3-sys022-utt226.wav,wav/vmc2026-track3-sys019-utt225.wav,4.039135961596549
sys026,utt140,wav/vmc2026-track3-sys026-utt140.wav,wav/vmc2026-track3-sys019-utt139.wav,3.848704396422407
sys008,utt036,wav/vmc2026-track3-sys008-utt036.wav,wav/vmc2026-track3-sys019-utt035.wav,4.393429578380271
sys026,utt012,wav/vmc2026-track3-sys026-utt012.wav,wav/vmc2026-track3-sys019-utt011.wav,4.474599341683319
sys026,utt150,wav/vmc2026-track3-sys026-utt150.wav,wav/vmc2026-track3-sys019-utt149.wav,4.2116806598983345
sys026,utt074,wav/vmc2026-track3-sys026-utt074.wav,wav/vmc2026-track3-sys019-utt073.wav,4.241441564823742
sys009,utt236,wav/vmc2026-track3-sys009-utt236.wav,wav/vmc2026-track3-sys019-utt235.wav,3.981209390874049
sys005,utt182,wav/vmc2026-track3-sys005-utt182.wav,wav/vmc2026-track3-sys019-utt181.wav,3.9805926042282924
sys018,utt064,wav/vmc2026-track3-sys018-utt064.wav,wav/vmc2026-track3-sys019-utt063.wav,3.1494212046873375
sys022,utt050,wav/vmc2026-track3-sys022-utt050.wav,wav/vmc2026-track3-sys019-utt049.wav,3.816506956759075
sys011,utt202,wav/vmc2026-track3-sys011-utt202.wav,wav/vmc2026-track3-sys019-utt201.wav,4.598627249254657
sys025,utt050,wav/vmc2026-track3-sys025-utt050.wav,wav/vmc2026-track3-sys019-utt049.wav,4.011179180915297
sys022,utt274,wav/vmc2026-track3-sys022-utt274.wav,wav/vmc2026-track3-sys019-utt273.wav,4.350591454725647
sys012,utt030,wav/vmc2026-track3-sys012-utt030.wav,wav/vmc2026-track3-sys019-utt029.wav,4.531292724839265
sys011,utt124,wav/vmc2026-track3-sys011-utt124.wav,wav/vmc2026-track3-sys019-utt123.wav,4.398669630889708
sys007,utt192,wav/vmc2026-track3-sys007-utt192.wav,wav/vmc2026-track3-sys019-utt191.wav,4.370377803585361
sys023,utt184,wav/vmc2026-track3-sys023-utt184.wav,wav/vmc2026-track3-sys019-utt183.wav,4.802474568843423
sys023,utt290,wav/vmc2026-track3-sys023-utt290.wav,wav/vmc2026-track3-sys019-utt289.wav,4.2950959419336545
sys008,utt104,wav/vmc2026-track3-sys008-utt104.wav,wav/vmc2026-track3-sys019-utt103.wav,4.812034608976065
sys025,utt136,wav/vmc2026-track3-sys025-utt136.wav,wav/vmc2026-track3-sys019-utt135.wav,3.710675292145407
sys013,utt172,wav/vmc2026-track3-sys013-utt172.wav,wav/vmc2026-track3-sys019-utt171.wav,4.028080167076525
sys024,utt124,wav/vmc2026-track3-sys024-utt124.wav,wav/vmc2026-track3-sys019-utt123.wav,3.5491111995130415
sys013,utt012,wav/vmc2026-track3-sys013-utt012.wav,wav/vmc2026-track3-sys019-utt011.wav,4.217582935065455
sys014,utt288,wav/vmc2026-track3-sys014-utt288.wav,wav/vmc2026-track3-sys019-utt287.wav,4.630866391051619
sys016,utt206,wav/vmc2026-track3-sys016-utt206.wav,wav/vmc2026-track3-sys019-utt205.wav,4.475784327144135
sys024,utt246,wav/vmc2026-track3-sys024-utt246.wav,wav/vmc2026-track3-sys019-utt245.wav,4.135430773235497
sys017,utt082,wav/vmc2026-track3-sys017-utt082.wav,wav/vmc2026-track3-sys019-utt081.wav,3.7617644717499403
sys014,utt118,wav/vmc2026-track3-sys014-utt118.wav,wav/vmc2026-track3-sys019-utt117.wav,4.6036713050610985
sys025,utt026,wav/vmc2026-track3-sys025-utt026.wav,wav/vmc2026-track3-sys019-utt025.wav,4.012131699820845
sys017,utt316,wav/vmc2026-track3-sys017-utt316.wav,wav/vmc2026-track3-sys019-utt315.wav,4.080357239422776
sys020,utt310,wav/vmc2026-track3-sys020-utt310.wav,wav/vmc2026-track3-sys019-utt309.wav,3.8158105139630005
sys018,utt110,wav/vmc2026-track3-sys018-utt110.wav,wav/vmc2026-track3-sys019-utt109.wav,3.6845744054690517
sys014,utt028,wav/vmc2026-track3-sys014-utt028.wav,wav/vmc2026-track3-sys019-utt027.wav,4.524584763295649
sys026,utt266,wav/vmc2026-track3-sys026-utt266.wav,wav/vmc2026-track3-sys019-utt265.wav,4.166508891328927
sys011,utt218,wav/vmc2026-track3-sys011-utt218.wav,wav/vmc2026-track3-sys019-utt217.wav,4.7168135324331395
sys002,utt212,wav/vmc2026-track3-sys002-utt212.wav,wav/vmc2026-track3-sys019-utt211.wav,4.499193204533927
sys025,utt122,wav/vmc2026-track3-sys025-utt122.wav,wav/vmc2026-track3-sys019-utt121.wav,3.762818041824517
sys013,utt318,wav/vmc2026-track3-sys013-utt318.wav,wav/vmc2026-track3-sys019-utt317.wav,4.262182415914665
sys005,utt198,wav/vmc2026-track3-sys005-utt198.wav,wav/vmc2026-track3-sys019-utt197.wav,3.6333288496351264
sys009,utt280,wav/vmc2026-track3-sys009-utt280.wav,wav/vmc2026-track3-sys019-utt279.wav,4.666808386882778
sys016,utt304,wav/vmc2026-track3-sys016-utt304.wav,wav/vmc2026-track3-sys019-utt303.wav,3.7029773976080325
sys022,utt270,wav/vmc2026-track3-sys022-utt270.wav,wav/vmc2026-track3-sys019-utt269.wav,4.0455095384049
sys016,utt040,wav/vmc2026-track3-sys016-utt040.wav,wav/vmc2026-track3-sys019-utt039.wav,3.140725641106004
sys026,utt204,wav/vmc2026-track3-sys026-utt204.wav,wav/vmc2026-track3-sys019-utt203.wav,3.963149297036173
sys005,utt206,wav/vmc2026-track3-sys005-utt206.wav,wav/vmc2026-track3-sys019-utt205.wav,3.9187517897063047
sys012,utt278,wav/vmc2026-track3-sys012-utt278.wav,wav/vmc2026-track3-sys019-utt277.wav,4.052149343813749
sys007,utt008,wav/vmc2026-track3-sys007-utt008.wav,wav/vmc2026-track3-sys019-utt007.wav,3.7733494430710577
sys009,utt018,wav/vmc2026-track3-sys009-utt018.wav,wav/vmc2026-track3-sys019-utt017.wav,4.623868328215197
sys012,utt104,wav/vmc2026-track3-sys012-utt104.wav,wav/vmc2026-track3-sys019-utt103.wav,4.205643293060884
sys007,utt316,wav/vmc2026-track3-sys007-utt316.wav,wav/vmc2026-track3-sys019-utt315.wav,3.843849652232169
sys025,utt062,wav/vmc2026-track3-sys025-utt062.wav,wav/vmc2026-track3-sys019-utt061.wav,3.8776695293277292
sys022,utt200,wav/vmc2026-track3-sys022-utt200.wav,wav/vmc2026-track3-sys019-utt199.wav,4.132275483675235
sys001,utt238,wav/vmc2026-track3-sys001-utt238.wav,wav/vmc2026-track3-sys019-utt237.wav,4.578801743464578
sys023,utt212,wav/vmc2026-track3-sys023-utt212.wav,wav/vmc2026-track3-sys019-utt211.wav,4.43809767400476
sys008,utt296,wav/vmc2026-track3-sys008-utt296.wav,wav/vmc2026-track3-sys019-utt295.wav,5.0
sys018,utt242,wav/vmc2026-track3-sys018-utt242.wav,wav/vmc2026-track3-sys019-utt241.wav,4.314030784498908
sys017,utt144,wav/vmc2026-track3-sys017-utt144.wav,wav/vmc2026-track3-sys019-utt143.wav,3.649104055685819
sys017,utt288,wav/vmc2026-track3-sys017-utt288.wav,wav/vmc2026-track3-sys019-utt287.wav,4.244554144490036
sys017,utt076,wav/vmc2026-track3-sys017-utt076.wav,wav/vmc2026-track3-sys019-utt075.wav,4.533718224836784
sys007,utt006,wav/vmc2026-track3-sys007-utt006.wav,wav/vmc2026-track3-sys019-utt005.wav,4.014651031705575
sys001,utt274,wav/vmc2026-track3-sys001-utt274.wav,wav/vmc2026-track3-sys019-utt273.wav,4.661014727050272
sys009,utt304,wav/vmc2026-track3-sys009-utt304.wav,wav/vmc2026-track3-sys019-utt303.wav,4.568736826408823
sys010,utt158,wav/vmc2026-track3-sys010-utt158.wav,wav/vmc2026-track3-sys019-utt157.wav,4.51862023494126
sys005,utt154,wav/vmc2026-track3-sys005-utt154.wav,wav/vmc2026-track3-sys019-utt153.wav,3.9992226885145037
sys022,utt178,wav/vmc2026-track3-sys022-utt178.wav,wav/vmc2026-track3-sys019-utt177.wav,4.020539988176389
sys023,utt244,wav/vmc2026-track3-sys023-utt244.wav,wav/vmc2026-track3-sys019-utt243.wav,4.687132127413996
sys010,utt122,wav/vmc2026-track3-sys010-utt122.wav,wav/vmc2026-track3-sys019-utt121.wav,4.05231852255672
sys026,utt248,wav/vmc2026-track3-sys026-utt248.wav,wav/vmc2026-track3-sys019-utt247.wav,4.208973654833088
sys007,utt282,wav/vmc2026-track3-sys007-utt282.wav,wav/vmc2026-track3-sys019-utt281.wav,4.678721733979954
sys008,utt244,wav/vmc2026-track3-sys008-utt244.wav,wav/vmc2026-track3-sys019-utt243.wav,5.0
sys001,utt284,wav/vmc2026-track3-sys001-utt284.wav,wav/vmc2026-track3-sys019-utt283.wav,4.0842360440816226
sys008,utt304,wav/vmc2026-track3-sys008-utt304.wav,wav/vmc2026-track3-sys019-utt303.wav,4.7777596932281465
sys026,utt296,wav/vmc2026-track3-sys026-utt296.wav,wav/vmc2026-track3-sys019-utt295.wav,5.0
sys009,utt078,wav/vmc2026-track3-sys009-utt078.wav,wav/vmc2026-track3-sys019-utt077.wav,4.299961516585405
sys009,utt288,wav/vmc2026-track3-sys009-utt288.wav,wav/vmc2026-track3-sys019-utt287.wav,4.420725384238777
sys006,utt302,wav/vmc2026-track3-sys006-utt302.wav,wav/vmc2026-track3-sys019-utt301.wav,4.571247817545603
sys006,utt246,wav/vmc2026-track3-sys006-utt246.wav,wav/vmc2026-track3-sys019-utt245.wav,4.641255625403747
sys023,utt140,wav/vmc2026-track3-sys023-utt140.wav,wav/vmc2026-track3-sys019-utt139.wav,3.6915896875143135
sys025,utt178,wav/vmc2026-track3-sys025-utt178.wav,wav/vmc2026-track3-sys019-utt177.wav,3.5519446827002668
sys001,utt002,wav/vmc2026-track3-sys001-utt002.wav,wav/vmc2026-track3-sys019-utt001.wav,4.1911236744716165
sys013,utt024,wav/vmc2026-track3-sys013-utt024.wav,wav/vmc2026-track3-sys019-utt023.wav,4.14562979343867
sys018,utt136,wav/vmc2026-track3-sys018-utt136.wav,wav/vmc2026-track3-sys019-utt135.wav,3.510088194075718
sys022,utt070,wav/vmc2026-track3-sys022-utt070.wav,wav/vmc2026-track3-sys019-utt069.wav,3.795565763126434
sys024,utt238,wav/vmc2026-track3-sys024-utt238.wav,wav/vmc2026-track3-sys019-utt237.wav,4.031789442061681
sys013,utt032,wav/vmc2026-track3-sys013-utt032.wav,wav/vmc2026-track3-sys019-utt031.wav,4.059826621516809
sys014,utt136,wav/vmc2026-track3-sys014-utt136.wav,wav/vmc2026-track3-sys019-utt135.wav,4.139060429071308
sys025,utt078,wav/vmc2026-track3-sys025-utt078.wav,wav/vmc2026-track3-sys019-utt077.wav,4.135123551568226
sys013,utt192,wav/vmc2026-track3-sys013-utt192.wav,wav/vmc2026-track3-sys019-utt191.wav,3.685680634202932
sys012,utt124,wav/vmc2026-track3-sys012-utt124.wav,wav/vmc2026-track3-sys019-utt123.wav,4.0295327670866055
sys020,utt194,wav/vmc2026-track3-sys020-utt194.wav,wav/vmc2026-track3-sys019-utt193.wav,3.2769224796184284
sys011,utt024,wav/vmc2026-track3-sys011-utt024.wav,wav/vmc2026-track3-sys019-utt023.wav,4.384993859532705
sys014,utt244,wav/vmc2026-track3-sys014-utt244.wav,wav/vmc2026-track3-sys019-utt243.wav,4.74462363191378
sys011,utt126,wav/vmc2026-track3-sys011-utt126.wav,wav/vmc2026-track3-sys019-utt125.wav,4.445375222477805
sys009,utt136,wav/vmc2026-track3-sys009-utt136.wav,wav/vmc2026-track3-sys019-utt135.wav,4.000240861584986
sys014,utt226,wav/vmc2026-track3-sys014-utt226.wav,wav/vmc2026-track3-sys019-utt225.wav,4.69621721031932
sys024,utt154,wav/vmc2026-track3-sys024-utt154.wav,wav/vmc2026-track3-sys019-utt153.wav,4.047573172649291
sys005,utt208,wav/vmc2026-track3-sys005-utt208.wav,wav/vmc2026-track3-sys019-utt207.wav,3.569273754483046
sys008,utt076,wav/vmc2026-track3-sys008-utt076.wav,wav/vmc2026-track3-sys019-utt075.wav,4.633259773689405
sys025,utt220,wav/vmc2026-track3-sys025-utt220.wav,wav/vmc2026-track3-sys019-utt219.wav,3.807599669346294
sys002,utt302,wav/vmc2026-track3-sys002-utt302.wav,wav/vmc2026-track3-sys019-utt301.wav,4.746443083882445
sys022,utt292,wav/vmc2026-track3-sys022-utt292.wav,wav/vmc2026-track3-sys019-utt291.wav,4.466352479800015
sys016,utt046,wav/vmc2026-track3-sys016-utt046.wav,wav/vmc2026-track3-sys019-utt045.wav,3.4002161709381045
sys014,utt320,wav/vmc2026-track3-sys014-utt320.wav,wav/vmc2026-track3-sys019-utt319.wav,4.353669622511796
sys008,utt106,wav/vmc2026-track3-sys008-utt106.wav,wav/vmc2026-track3-sys019-utt105.wav,4.4899989775974145
sys023,utt276,wav/vmc2026-track3-sys023-utt276.wav,wav/vmc2026-track3-sys019-utt275.wav,4.603913487175788
sys026,utt136,wav/vmc2026-track3-sys026-utt136.wav,wav/vmc2026-track3-sys019-utt135.wav,3.8729637307719598
sys017,utt246,wav/vmc2026-track3-sys017-utt246.wav,wav/vmc2026-track3-sys019-utt245.wav,4.441615944304409
sys016,utt120,wav/vmc2026-track3-sys016-utt120.wav,wav/vmc2026-track3-sys019-utt119.wav,3.6728744513791884
sys002,utt156,wav/vmc2026-track3-sys002-utt156.wav,wav/vmc2026-track3-sys019-utt155.wav,4.309062850089254
sys002,utt134,wav/vmc2026-track3-sys002-utt134.wav,wav/vmc2026-track3-sys019-utt133.wav,3.8286861883637333
sys026,utt274,wav/vmc2026-track3-sys026-utt274.wav,wav/vmc2026-track3-sys019-utt273.wav,4.436381042942295
sys024,utt042,wav/vmc2026-track3-sys024-utt042.wav,wav/vmc2026-track3-sys019-utt041.wav,3.757736050829946
sys007,utt108,wav/vmc2026-track3-sys007-utt108.wav,wav/vmc2026-track3-sys019-utt107.wav,4.004592149176371
sys007,utt088,wav/vmc2026-track3-sys007-utt088.wav,wav/vmc2026-track3-sys019-utt087.wav,3.8507994408679345
sys007,utt292,wav/vmc2026-track3-sys007-utt292.wav,wav/vmc2026-track3-sys019-utt291.wav,4.286467172057879
sys007,utt020,wav/vmc2026-track3-sys007-utt020.wav,wav/vmc2026-track3-sys019-utt019.wav,4.147201076184197
sys023,utt012,wav/vmc2026-track3-sys023-utt012.wav,wav/vmc2026-track3-sys019-utt011.wav,4.671134637162691
sys009,utt076,wav/vmc2026-track3-sys009-utt076.wav,wav/vmc2026-track3-sys019-utt075.wav,4.081735509208334
sys001,utt230,wav/vmc2026-track3-sys001-utt230.wav,wav/vmc2026-track3-sys019-utt229.wav,4.733513778880807
sys018,utt150,wav/vmc2026-track3-sys018-utt150.wav,wav/vmc2026-track3-sys019-utt149.wav,3.1870419183593444
sys020,utt316,wav/vmc2026-track3-sys020-utt316.wav,wav/vmc2026-track3-sys019-utt315.wav,3.2980959868158024
sys002,utt216,wav/vmc2026-track3-sys002-utt216.wav,wav/vmc2026-track3-sys019-utt215.wav,4.232683997279659
sys012,utt006,wav/vmc2026-track3-sys012-utt006.wav,wav/vmc2026-track3-sys019-utt005.wav,4.2418748567725775
sys007,utt036,wav/vmc2026-track3-sys007-utt036.wav,wav/vmc2026-track3-sys019-utt035.wav,3.250409897209254
sys001,utt278,wav/vmc2026-track3-sys001-utt278.wav,wav/vmc2026-track3-sys019-utt277.wav,4.678397708988383
sys011,utt114,wav/vmc2026-track3-sys011-utt114.wav,wav/vmc2026-track3-sys019-utt113.wav,3.51431597147951
sys013,utt320,wav/vmc2026-track3-sys013-utt320.wav,wav/vmc2026-track3-sys019-utt319.wav,4.299288136736698
sys005,utt318,wav/vmc2026-track3-sys005-utt318.wav,wav/vmc2026-track3-sys019-utt317.wav,3.7466968767869036
sys020,utt126,wav/vmc2026-track3-sys020-utt126.wav,wav/vmc2026-track3-sys019-utt125.wav,3.562518203147077
sys005,utt086,wav/vmc2026-track3-sys005-utt086.wav,wav/vmc2026-track3-sys019-utt085.wav,4.013573055119229
sys006,utt262,wav/vmc2026-track3-sys006-utt262.wav,wav/vmc2026-track3-sys019-utt261.wav,4.522516412360162
sys010,utt284,wav/vmc2026-track3-sys010-utt284.wav,wav/vmc2026-track3-sys019-utt283.wav,4.24589152781608
sys016,utt128,wav/vmc2026-track3-sys016-utt128.wav,wav/vmc2026-track3-sys019-utt127.wav,4.046468019747065
sys025,utt102,wav/vmc2026-track3-sys025-utt102.wav,wav/vmc2026-track3-sys019-utt101.wav,3.6569242698436457
sys025,utt116,wav/vmc2026-track3-sys025-utt116.wav,wav/vmc2026-track3-sys019-utt115.wav,4.064022329245289
sys010,utt132,wav/vmc2026-track3-sys010-utt132.wav,wav/vmc2026-track3-sys019-utt131.wav,3.6361649396727653
sys017,utt048,wav/vmc2026-track3-sys017-utt048.wav,wav/vmc2026-track3-sys019-utt047.wav,4.66714967313269
sys009,utt144,wav/vmc2026-track3-sys009-utt144.wav,wav/vmc2026-track3-sys019-utt143.wav,3.2773939725953225
sys009,utt308,wav/vmc2026-track3-sys009-utt308.wav,wav/vmc2026-track3-sys019-utt307.wav,4.424727459800748
sys007,utt180,wav/vmc2026-track3-sys007-utt180.wav,wav/vmc2026-track3-sys019-utt179.wav,3.0872846093846635
sys007,utt250,wav/vmc2026-track3-sys007-utt250.wav,wav/vmc2026-track3-sys019-utt249.wav,4.312375436880032
sys006,utt210,wav/vmc2026-track3-sys006-utt210.wav,wav/vmc2026-track3-sys019-utt209.wav,4.514921181170813
sys024,utt076,wav/vmc2026-track3-sys024-utt076.wav,wav/vmc2026-track3-sys019-utt075.wav,3.8299365867953545
sys009,utt002,wav/vmc2026-track3-sys009-utt002.wav,wav/vmc2026-track3-sys019-utt001.wav,4.24629563790701
sys025,utt318,wav/vmc2026-track3-sys025-utt318.wav,wav/vmc2026-track3-sys019-utt317.wav,3.7489175420722907
sys012,utt296,wav/vmc2026-track3-sys012-utt296.wav,wav/vmc2026-track3-sys019-utt295.wav,3.962898496720801
sys026,utt066,wav/vmc2026-track3-sys026-utt066.wav,wav/vmc2026-track3-sys019-utt065.wav,3.898489538312732
sys016,utt112,wav/vmc2026-track3-sys016-utt112.wav,wav/vmc2026-track3-sys019-utt111.wav,3.7428748827364546
sys012,utt068,wav/vmc2026-track3-sys012-utt068.wav,wav/vmc2026-track3-sys019-utt067.wav,4.2199776112397815
sys013,utt072,wav/vmc2026-track3-sys013-utt072.wav,wav/vmc2026-track3-sys019-utt071.wav,4.177622690180877
sys013,utt064,wav/vmc2026-track3-sys013-utt064.wav,wav/vmc2026-track3-sys019-utt063.wav,4.528661230137084
sys026,utt130,wav/vmc2026-track3-sys026-utt130.wav,wav/vmc2026-track3-sys019-utt129.wav,4.480810632563831
sys022,utt248,wav/vmc2026-track3-sys022-utt248.wav,wav/vmc2026-track3-sys019-utt247.wav,4.413481493028318
sys023,utt318,wav/vmc2026-track3-sys023-utt318.wav,wav/vmc2026-track3-sys019-utt317.wav,4.259171669155114
sys024,utt192,wav/vmc2026-track3-sys024-utt192.wav,wav/vmc2026-track3-sys019-utt191.wav,4.010560152702212
sys008,utt028,wav/vmc2026-track3-sys008-utt028.wav,wav/vmc2026-track3-sys019-utt027.wav,4.465870949786659
sys024,utt156,wav/vmc2026-track3-sys024-utt156.wav,wav/vmc2026-track3-sys019-utt155.wav,4.29608401605104
sys020,utt090,wav/vmc2026-track3-sys020-utt090.wav,wav/vmc2026-track3-sys019-utt089.wav,3.3636579528206103
sys011,utt242,wav/vmc2026-track3-sys011-utt242.wav,wav/vmc2026-track3-sys019-utt241.wav,4.738315183667063
sys013,utt142,wav/vmc2026-track3-sys013-utt142.wav,wav/vmc2026-track3-sys019-utt141.wav,4.392880146808357
sys001,utt184,wav/vmc2026-track3-sys001-utt184.wav,wav/vmc2026-track3-sys019-utt183.wav,4.095727967029512
sys012,utt284,wav/vmc2026-track3-sys012-utt284.wav,wav/vmc2026-track3-sys019-utt283.wav,4.205082106723772
sys007,utt320,wav/vmc2026-track3-sys007-utt320.wav,wav/vmc2026-track3-sys019-utt319.wav,3.925802155112234
sys016,utt312,wav/vmc2026-track3-sys016-utt312.wav,wav/vmc2026-track3-sys019-utt311.wav,4.346136805812657
sys024,utt186,wav/vmc2026-track3-sys024-utt186.wav,wav/vmc2026-track3-sys019-utt185.wav,4.211308840411966
sys012,utt212,wav/vmc2026-track3-sys012-utt212.wav,wav/vmc2026-track3-sys019-utt211.wav,4.058780419744846
sys005,utt180,wav/vmc2026-track3-sys005-utt180.wav,wav/vmc2026-track3-sys019-utt179.wav,2.9214398558413004
sys007,utt004,wav/vmc2026-track3-sys007-utt004.wav,wav/vmc2026-track3-sys019-utt003.wav,3.447979867338958
sys023,utt300,wav/vmc2026-track3-sys023-utt300.wav,wav/vmc2026-track3-sys019-utt299.wav,4.295032243843365
sys024,utt030,wav/vmc2026-track3-sys024-utt030.wav,wav/vmc2026-track3-sys019-utt029.wav,4.4631338203267035
sys010,utt028,wav/vmc2026-track3-sys010-utt028.wav,wav/vmc2026-track3-sys019-utt027.wav,4.1482058326627245
sys007,utt294,wav/vmc2026-track3-sys007-utt294.wav,wav/vmc2026-track3-sys019-utt293.wav,3.9834753211150375
sys020,utt140,wav/vmc2026-track3-sys020-utt140.wav,wav/vmc2026-track3-sys019-utt139.wav,3.116097887825953
sys022,utt048,wav/vmc2026-track3-sys022-utt048.wav,wav/vmc2026-track3-sys019-utt047.wav,4.428619357438127
sys025,utt290,wav/vmc2026-track3-sys025-utt290.wav,wav/vmc2026-track3-sys019-utt289.wav,4.137011767286475
sys022,utt216,wav/vmc2026-track3-sys022-utt216.wav,wav/vmc2026-track3-sys019-utt215.wav,4.2860610827169765
sys012,utt158,wav/vmc2026-track3-sys012-utt158.wav,wav/vmc2026-track3-sys019-utt157.wav,3.994698559647652
sys006,utt296,wav/vmc2026-track3-sys006-utt296.wav,wav/vmc2026-track3-sys019-utt295.wav,5.0
sys002,utt002,wav/vmc2026-track3-sys002-utt002.wav,wav/vmc2026-track3-sys019-utt001.wav,4.457881980569998
sys014,utt138,wav/vmc2026-track3-sys014-utt138.wav,wav/vmc2026-track3-sys019-utt137.wav,4.387525123393869
sys026,utt072,wav/vmc2026-track3-sys026-utt072.wav,wav/vmc2026-track3-sys019-utt071.wav,4.269828432818457
sys017,utt102,wav/vmc2026-track3-sys017-utt102.wav,wav/vmc2026-track3-sys019-utt101.wav,3.996697618411471
sys018,utt128,wav/vmc2026-track3-sys018-utt128.wav,wav/vmc2026-track3-sys019-utt127.wav,4.01860435718431
sys009,utt140,wav/vmc2026-track3-sys009-utt140.wav,wav/vmc2026-track3-sys019-utt139.wav,4.0102975728810994
sys018,utt248,wav/vmc2026-track3-sys018-utt248.wav,wav/vmc2026-track3-sys019-utt247.wav,4.443542675622843
sys020,utt226,wav/vmc2026-track3-sys020-utt226.wav,wav/vmc2026-track3-sys019-utt225.wav,3.6459258211293784
sys001,utt118,wav/vmc2026-track3-sys001-utt118.wav,wav/vmc2026-track3-sys019-utt117.wav,3.9560857772220146
sys026,utt018,wav/vmc2026-track3-sys026-utt018.wav,wav/vmc2026-track3-sys019-utt017.wav,4.012803223787017
sys018,utt076,wav/vmc2026-track3-sys018-utt076.wav,wav/vmc2026-track3-sys019-utt075.wav,3.9499171534973487
sys002,utt226,wav/vmc2026-track3-sys002-utt226.wav,wav/vmc2026-track3-sys019-utt225.wav,4.217872020202051
sys020,utt138,wav/vmc2026-track3-sys020-utt138.wav,wav/vmc2026-track3-sys019-utt137.wav,2.9311389268728276
sys006,utt266,wav/vmc2026-track3-sys006-utt266.wav,wav/vmc2026-track3-sys019-utt265.wav,3.90293846747809
sys020,utt242,wav/vmc2026-track3-sys020-utt242.wav,wav/vmc2026-track3-sys019-utt241.wav,3.300834539428412
sys026,utt034,wav/vmc2026-track3-sys026-utt034.wav,wav/vmc2026-track3-sys019-utt033.wav,3.7106285611380856
sys010,utt062,wav/vmc2026-track3-sys010-utt062.wav,wav/vmc2026-track3-sys019-utt061.wav,3.8529355294171626
sys010,utt042,wav/vmc2026-track3-sys010-utt042.wav,wav/vmc2026-track3-sys019-utt041.wav,4.244383295365806
sys016,utt022,wav/vmc2026-track3-sys016-utt022.wav,wav/vmc2026-track3-sys019-utt021.wav,3.3537308887859525
sys011,utt246,wav/vmc2026-track3-sys011-utt246.wav,wav/vmc2026-track3-sys019-utt245.wav,4.50817965307488
sys018,utt086,wav/vmc2026-track3-sys018-utt086.wav,wav/vmc2026-track3-sys019-utt085.wav,3.217133838843756
sys010,utt026,wav/vmc2026-track3-sys010-utt026.wav,wav/vmc2026-track3-sys019-utt025.wav,3.815940204730235
sys002,utt124,wav/vmc2026-track3-sys002-utt124.wav,wav/vmc2026-track3-sys019-utt123.wav,4.615275791932505
sys008,utt026,wav/vmc2026-track3-sys008-utt026.wav,wav/vmc2026-track3-sys019-utt025.wav,4.705115985407402
sys026,utt156,wav/vmc2026-track3-sys026-utt156.wav,wav/vmc2026-track3-sys019-utt155.wav,4.877157802688704
sys026,utt214,wav/vmc2026-track3-sys026-utt214.wav,wav/vmc2026-track3-sys019-utt213.wav,4.212773571641756
sys024,utt028,wav/vmc2026-track3-sys024-utt028.wav,wav/vmc2026-track3-sys019-utt027.wav,4.1727398255877155
sys002,utt236,wav/vmc2026-track3-sys002-utt236.wav,wav/vmc2026-track3-sys019-utt235.wav,3.819138942381568
sys008,utt156,wav/vmc2026-track3-sys008-utt156.wav,wav/vmc2026-track3-sys019-utt155.wav,4.749371503389422
sys024,utt150,wav/vmc2026-track3-sys024-utt150.wav,wav/vmc2026-track3-sys019-utt149.wav,3.908984127508014
sys011,utt066,wav/vmc2026-track3-sys011-utt066.wav,wav/vmc2026-track3-sys019-utt065.wav,4.1425677808797605
sys022,utt010,wav/vmc2026-track3-sys022-utt010.wav,wav/vmc2026-track3-sys019-utt009.wav,4.141654090387626
sys007,utt072,wav/vmc2026-track3-sys007-utt072.wav,wav/vmc2026-track3-sys019-utt071.wav,3.804088993345995
sys011,utt030,wav/vmc2026-track3-sys011-utt030.wav,wav/vmc2026-track3-sys019-utt029.wav,4.5850635576682075
sys025,utt172,wav/vmc2026-track3-sys025-utt172.wav,wav/vmc2026-track3-sys019-utt171.wav,3.155685117336925
sys009,utt312,wav/vmc2026-track3-sys009-utt312.wav,wav/vmc2026-track3-sys019-utt311.wav,4.249440474697679
sys011,utt238,wav/vmc2026-track3-sys011-utt238.wav,wav/vmc2026-track3-sys019-utt237.wav,4.149430926982532
sys016,utt236,wav/vmc2026-track3-sys016-utt236.wav,wav/vmc2026-track3-sys019-utt235.wav,4.210784539598924
sys005,utt014,wav/vmc2026-track3-sys005-utt014.wav,wav/vmc2026-track3-sys019-utt013.wav,3.985078017711974
sys002,utt072,wav/vmc2026-track3-sys002-utt072.wav,wav/vmc2026-track3-sys019-utt071.wav,3.999883421425231
sys011,utt318,wav/vmc2026-track3-sys011-utt318.wav,wav/vmc2026-track3-sys019-utt317.wav,4.6174568174771204
sys005,utt248,wav/vmc2026-track3-sys005-utt248.wav,wav/vmc2026-track3-sys019-utt247.wav,4.242239568470155
sys008,utt118,wav/vmc2026-track3-sys008-utt118.wav,wav/vmc2026-track3-sys019-utt117.wav,4.6843955203691054
sys014,utt068,wav/vmc2026-track3-sys014-utt068.wav,wav/vmc2026-track3-sys019-utt067.wav,4.463590611768387
sys001,utt124,wav/vmc2026-track3-sys001-utt124.wav,wav/vmc2026-track3-sys019-utt123.wav,3.782715683413759
sys008,utt040,wav/vmc2026-track3-sys008-utt040.wav,wav/vmc2026-track3-sys019-utt039.wav,4.80024368234968
sys012,utt180,wav/vmc2026-track3-sys012-utt180.wav,wav/vmc2026-track3-sys019-utt179.wav,3.128956235387079
sys023,utt118,wav/vmc2026-track3-sys023-utt118.wav,wav/vmc2026-track3-sys019-utt117.wav,4.1830539371749085
sys002,utt010,wav/vmc2026-track3-sys002-utt010.wav,wav/vmc2026-track3-sys019-utt009.wav,3.9745915628043718
sys012,utt044,wav/vmc2026-track3-sys012-utt044.wav,wav/vmc2026-track3-sys019-utt043.wav,3.8573753665450803
sys014,utt152,wav/vmc2026-track3-sys014-utt152.wav,wav/vmc2026-track3-sys019-utt151.wav,4.767805248693877
sys025,utt194,wav/vmc2026-track3-sys025-utt194.wav,wav/vmc2026-track3-sys019-utt193.wav,3.676773054975866
sys020,utt130,wav/vmc2026-track3-sys020-utt130.wav,wav/vmc2026-track3-sys019-utt129.wav,3.248786732903506
sys014,utt012,wav/vmc2026-track3-sys014-utt012.wav,wav/vmc2026-track3-sys019-utt011.wav,4.6730565164309095
sys016,utt294,wav/vmc2026-track3-sys016-utt294.wav,wav/vmc2026-track3-sys019-utt293.wav,4.611567519381611
sys020,utt308,wav/vmc2026-track3-sys020-utt308.wav,wav/vmc2026-track3-sys019-utt307.wav,3.4926505467591933
sys023,utt158,wav/vmc2026-track3-sys023-utt158.wav,wav/vmc2026-track3-sys019-utt157.wav,4.630387487021984
sys007,utt262,wav/vmc2026-track3-sys007-utt262.wav,wav/vmc2026-track3-sys019-utt261.wav,4.48988511429973
sys006,utt290,wav/vmc2026-track3-sys006-utt290.wav,wav/vmc2026-track3-sys019-utt289.wav,4.451475375359267
sys011,utt108,wav/vmc2026-track3-sys011-utt108.wav,wav/vmc2026-track3-sys019-utt107.wav,4.7078764499451635
sys007,utt034,wav/vmc2026-track3-sys007-utt034.wav,wav/vmc2026-track3-sys019-utt033.wav,4.182804238971262
sys013,utt144,wav/vmc2026-track3-sys013-utt144.wav,wav/vmc2026-track3-sys019-utt143.wav,3.899035702301686
sys020,utt304,wav/vmc2026-track3-sys020-utt304.wav,wav/vmc2026-track3-sys019-utt303.wav,3.4463476926026178
sys002,utt120,wav/vmc2026-track3-sys002-utt120.wav,wav/vmc2026-track3-sys019-utt119.wav,3.71396775894159
sys008,utt274,wav/vmc2026-track3-sys008-utt274.wav,wav/vmc2026-track3-sys019-utt273.wav,4.735617652409061
sys001,utt246,wav/vmc2026-track3-sys001-utt246.wav,wav/vmc2026-track3-sys019-utt245.wav,4.567131406612743
sys006,utt064,wav/vmc2026-track3-sys006-utt064.wav,wav/vmc2026-track3-sys019-utt063.wav,4.367276343488168
sys008,utt206,wav/vmc2026-track3-sys008-utt206.wav,wav/vmc2026-track3-sys019-utt205.wav,4.6153323686696455
sys008,utt262,wav/vmc2026-track3-sys008-utt262.wav,wav/vmc2026-track3-sys019-utt261.wav,4.445574335902123
sys023,utt186,wav/vmc2026-track3-sys023-utt186.wav,wav/vmc2026-track3-sys019-utt185.wav,4.1022737179829765
sys026,utt132,wav/vmc2026-track3-sys026-utt132.wav,wav/vmc2026-track3-sys019-utt131.wav,3.683116337533375
sys012,utt236,wav/vmc2026-track3-sys012-utt236.wav,wav/vmc2026-track3-sys019-utt235.wav,4.116897151568333
sys002,utt308,wav/vmc2026-track3-sys002-utt308.wav,wav/vmc2026-track3-sys019-utt307.wav,4.040531416847984
sys002,utt320,wav/vmc2026-track3-sys002-utt320.wav,wav/vmc2026-track3-sys019-utt319.wav,3.9112066344262835
sys002,utt140,wav/vmc2026-track3-sys002-utt140.wav,wav/vmc2026-track3-sys019-utt139.wav,3.6814419546999284
sys025,utt262,wav/vmc2026-track3-sys025-utt262.wav,wav/vmc2026-track3-sys019-utt261.wav,3.939472486374654
sys002,utt078,wav/vmc2026-track3-sys002-utt078.wav,wav/vmc2026-track3-sys019-utt077.wav,4.421771326632389
sys012,utt034,wav/vmc2026-track3-sys012-utt034.wav,wav/vmc2026-track3-sys019-utt033.wav,3.141839413293752
sys001,utt090,wav/vmc2026-track3-sys001-utt090.wav,wav/vmc2026-track3-sys019-utt089.wav,4.39887169611072
sys016,utt082,wav/vmc2026-track3-sys016-utt082.wav,wav/vmc2026-track3-sys019-utt081.wav,3.853082393180628
sys011,utt072,wav/vmc2026-track3-sys011-utt072.wav,wav/vmc2026-track3-sys019-utt071.wav,4.594730094336511
sys009,utt284,wav/vmc2026-track3-sys009-utt284.wav,wav/vmc2026-track3-sys019-utt283.wav,4.579086690755885
sys016,utt116,wav/vmc2026-track3-sys016-utt116.wav,wav/vmc2026-track3-sys019-utt115.wav,3.7658904235601245
sys008,utt152,wav/vmc2026-track3-sys008-utt152.wav,wav/vmc2026-track3-sys019-utt151.wav,4.8225370397826675
sys022,utt236,wav/vmc2026-track3-sys022-utt236.wav,wav/vmc2026-track3-sys019-utt235.wav,3.947281867258589
sys005,utt032,wav/vmc2026-track3-sys005-utt032.wav,wav/vmc2026-track3-sys019-utt031.wav,3.3273777188933176
sys012,utt218,wav/vmc2026-track3-sys012-utt218.wav,wav/vmc2026-track3-sys019-utt217.wav,4.3968642408587
sys020,utt224,wav/vmc2026-track3-sys020-utt224.wav,wav/vmc2026-track3-sys019-utt223.wav,3.165049953226741
sys020,utt314,wav/vmc2026-track3-sys020-utt314.wav,wav/vmc2026-track3-sys019-utt313.wav,3.068958158709137
sys005,utt262,wav/vmc2026-track3-sys005-utt262.wav,wav/vmc2026-track3-sys019-utt261.wav,3.338893287816059
sys023,utt120,wav/vmc2026-track3-sys023-utt120.wav,wav/vmc2026-track3-sys019-utt119.wav,4.4560275088504495
sys012,utt222,wav/vmc2026-track3-sys012-utt222.wav,wav/vmc2026-track3-sys019-utt221.wav,3.921842414323076
sys011,utt290,wav/vmc2026-track3-sys011-utt290.wav,wav/vmc2026-track3-sys019-utt289.wav,4.69138713731847
sys017,utt050,wav/vmc2026-track3-sys017-utt050.wav,wav/vmc2026-track3-sys019-utt049.wav,4.5324770018340335
sys020,utt306,wav/vmc2026-track3-sys020-utt306.wav,wav/vmc2026-track3-sys019-utt305.wav,3.4698011082535425
sys012,utt266,wav/vmc2026-track3-sys012-utt266.wav,wav/vmc2026-track3-sys019-utt265.wav,3.6125117556644657
sys020,utt044,wav/vmc2026-track3-sys020-utt044.wav,wav/vmc2026-track3-sys019-utt043.wav,3.3599919314219817
sys020,utt144,wav/vmc2026-track3-sys020-utt144.wav,wav/vmc2026-track3-sys019-utt143.wav,3.2356389191947015
sys008,utt064,wav/vmc2026-track3-sys008-utt064.wav,wav/vmc2026-track3-sys019-utt063.wav,5.0
sys006,utt230,wav/vmc2026-track3-sys006-utt230.wav,wav/vmc2026-track3-sys019-utt229.wav,4.406834221401973
sys008,utt312,wav/vmc2026-track3-sys008-utt312.wav,wav/vmc2026-track3-sys019-utt311.wav,4.43414374245281
sys022,utt290,wav/vmc2026-track3-sys022-utt290.wav,wav/vmc2026-track3-sys019-utt289.wav,3.3571339260700106
sys011,utt018,wav/vmc2026-track3-sys011-utt018.wav,wav/vmc2026-track3-sys019-utt017.wav,4.475654003803472
sys012,utt226,wav/vmc2026-track3-sys012-utt226.wav,wav/vmc2026-track3-sys019-utt225.wav,4.132085683677191
sys006,utt104,wav/vmc2026-track3-sys006-utt104.wav,wav/vmc2026-track3-sys019-utt103.wav,4.656692120467415
sys002,utt104,wav/vmc2026-track3-sys002-utt104.wav,wav/vmc2026-track3-sys019-utt103.wav,4.725373518820848
sys020,utt320,wav/vmc2026-track3-sys020-utt320.wav,wav/vmc2026-track3-sys019-utt319.wav,3.205016446336127
sys013,utt088,wav/vmc2026-track3-sys013-utt088.wav,wav/vmc2026-track3-sys019-utt087.wav,4.135305620568616
sys017,utt192,wav/vmc2026-track3-sys017-utt192.wav,wav/vmc2026-track3-sys019-utt191.wav,4.363683491633196
sys013,utt210,wav/vmc2026-track3-sys013-utt210.wav,wav/vmc2026-track3-sys019-utt209.wav,4.135752490207929
sys025,utt020,wav/vmc2026-track3-sys025-utt020.wav,wav/vmc2026-track3-sys019-utt019.wav,3.9681199297769867
sys001,utt264,wav/vmc2026-track3-sys001-utt264.wav,wav/vmc2026-track3-sys019-utt263.wav,3.8704389641816297
sys013,utt308,wav/vmc2026-track3-sys013-utt308.wav,wav/vmc2026-track3-sys019-utt307.wav,4.091107643637704
sys006,utt090,wav/vmc2026-track3-sys006-utt090.wav,wav/vmc2026-track3-sys019-utt089.wav,4.58082825217288
sys012,utt136,wav/vmc2026-track3-sys012-utt136.wav,wav/vmc2026-track3-sys019-utt135.wav,3.5683383574515557
sys009,utt186,wav/vmc2026-track3-sys009-utt186.wav,wav/vmc2026-track3-sys019-utt185.wav,4.098038844384991
sys005,utt136,wav/vmc2026-track3-sys005-utt136.wav,wav/vmc2026-track3-sys019-utt135.wav,3.66198619765321
sys011,utt300,wav/vmc2026-track3-sys011-utt300.wav,wav/vmc2026-track3-sys019-utt299.wav,4.417587505690957
sys009,utt298,wav/vmc2026-track3-sys009-utt298.wav,wav/vmc2026-track3-sys019-utt297.wav,4.387001527801213
sys016,utt102,wav/vmc2026-track3-sys016-utt102.wav,wav/vmc2026-track3-sys019-utt101.wav,4.225753238929384
sys024,utt132,wav/vmc2026-track3-sys024-utt132.wav,wav/vmc2026-track3-sys019-utt131.wav,4.068745345167485
sys017,utt262,wav/vmc2026-track3-sys017-utt262.wav,wav/vmc2026-track3-sys019-utt261.wav,4.626752017573876
sys024,utt130,wav/vmc2026-track3-sys024-utt130.wav,wav/vmc2026-track3-sys019-utt129.wav,4.509973938635772
sys009,utt204,wav/vmc2026-track3-sys009-utt204.wav,wav/vmc2026-track3-sys019-utt203.wav,3.839470093569066
sys010,utt020,wav/vmc2026-track3-sys010-utt020.wav,wav/vmc2026-track3-sys019-utt019.wav,3.96373689559366
sys007,utt032,wav/vmc2026-track3-sys007-utt032.wav,wav/vmc2026-track3-sys019-utt031.wav,3.6228771239971413
sys014,utt090,wav/vmc2026-track3-sys014-utt090.wav,wav/vmc2026-track3-sys019-utt089.wav,4.531316689012479
sys006,utt222,wav/vmc2026-track3-sys006-utt222.wav,wav/vmc2026-track3-sys019-utt221.wav,3.8917625045171684
sys006,utt050,wav/vmc2026-track3-sys006-utt050.wav,wav/vmc2026-track3-sys019-utt049.wav,4.21965738969449
sys020,utt280,wav/vmc2026-track3-sys020-utt280.wav,wav/vmc2026-track3-sys019-utt279.wav,3.536696954144655
sys018,utt220,wav/vmc2026-track3-sys018-utt220.wav,wav/vmc2026-track3-sys019-utt219.wav,3.662055825190264
sys006,utt146,wav/vmc2026-track3-sys006-utt146.wav,wav/vmc2026-track3-sys019-utt145.wav,4.429538530043653
sys022,utt312,wav/vmc2026-track3-sys022-utt312.wav,wav/vmc2026-track3-sys019-utt311.wav,3.8902930960168587
sys024,utt310,wav/vmc2026-track3-sys024-utt310.wav,wav/vmc2026-track3-sys019-utt309.wav,4.092328383105698
sys023,utt226,wav/vmc2026-track3-sys023-utt226.wav,wav/vmc2026-track3-sys019-utt225.wav,4.21935253331333
sys010,utt242,wav/vmc2026-track3-sys010-utt242.wav,wav/vmc2026-track3-sys019-utt241.wav,4.3291756584398255
sys007,utt276,wav/vmc2026-track3-sys007-utt276.wav,wav/vmc2026-track3-sys019-utt275.wav,3.9794473727984427
sys002,utt044,wav/vmc2026-track3-sys002-utt044.wav,wav/vmc2026-track3-sys019-utt043.wav,4.15751158267862
sys018,utt286,wav/vmc2026-track3-sys018-utt286.wav,wav/vmc2026-track3-sys019-utt285.wav,3.849115170631362
sys025,utt080,wav/vmc2026-track3-sys025-utt080.wav,wav/vmc2026-track3-sys019-utt079.wav,4.135462656441075
sys016,utt032,wav/vmc2026-track3-sys016-utt032.wav,wav/vmc2026-track3-sys019-utt031.wav,4.040145161419085
sys025,utt034,wav/vmc2026-track3-sys025-utt034.wav,wav/vmc2026-track3-sys019-utt033.wav,4.254279025804493
sys010,utt262,wav/vmc2026-track3-sys010-utt262.wav,wav/vmc2026-track3-sys019-utt261.wav,4.554417218900562
sys010,utt176,wav/vmc2026-track3-sys010-utt176.wav,wav/vmc2026-track3-sys019-utt175.wav,3.792956324632457
sys013,utt078,wav/vmc2026-track3-sys013-utt078.wav,wav/vmc2026-track3-sys019-utt077.wav,4.199641914115611
sys026,utt302,wav/vmc2026-track3-sys026-utt302.wav,wav/vmc2026-track3-sys019-utt301.wav,4.132962953283937
sys026,utt108,wav/vmc2026-track3-sys026-utt108.wav,wav/vmc2026-track3-sys019-utt107.wav,4.227553428451916
sys016,utt244,wav/vmc2026-track3-sys016-utt244.wav,wav/vmc2026-track3-sys019-utt243.wav,4.142443073502794
sys023,utt088,wav/vmc2026-track3-sys023-utt088.wav,wav/vmc2026-track3-sys019-utt087.wav,4.061765754223961
sys005,utt152,wav/vmc2026-track3-sys005-utt152.wav,wav/vmc2026-track3-sys019-utt151.wav,4.1036142244384335
sys014,utt228,wav/vmc2026-track3-sys014-utt228.wav,wav/vmc2026-track3-sys019-utt227.wav,5.0
sys002,utt296,wav/vmc2026-track3-sys002-utt296.wav,wav/vmc2026-track3-sys019-utt295.wav,4.804393836485503
sys023,utt082,wav/vmc2026-track3-sys023-utt082.wav,wav/vmc2026-track3-sys019-utt081.wav,3.8273968382769223
sys010,utt172,wav/vmc2026-track3-sys010-utt172.wav,wav/vmc2026-track3-sys019-utt171.wav,3.875422969796672
sys006,utt136,wav/vmc2026-track3-sys006-utt136.wav,wav/vmc2026-track3-sys019-utt135.wav,4.153328030119772
sys014,utt292,wav/vmc2026-track3-sys014-utt292.wav,wav/vmc2026-track3-sys019-utt291.wav,4.623354721925708
sys010,utt104,wav/vmc2026-track3-sys010-utt104.wav,wav/vmc2026-track3-sys019-utt103.wav,4.512699726271364
sys022,utt298,wav/vmc2026-track3-sys022-utt298.wav,wav/vmc2026-track3-sys019-utt297.wav,3.713671557259933
sys018,utt140,wav/vmc2026-track3-sys018-utt140.wav,wav/vmc2026-track3-sys019-utt139.wav,3.286227439440218
sys002,utt248,wav/vmc2026-track3-sys002-utt248.wav,wav/vmc2026-track3-sys019-utt247.wav,4.843826805624069
sys002,utt182,wav/vmc2026-track3-sys002-utt182.wav,wav/vmc2026-track3-sys019-utt181.wav,4.548211699954841
sys018,utt212,wav/vmc2026-track3-sys018-utt212.wav,wav/vmc2026-track3-sys019-utt211.wav,3.81874703160843
sys026,utt080,wav/vmc2026-track3-sys026-utt080.wav,wav/vmc2026-track3-sys019-utt079.wav,4.1666707736352
sys023,utt136,wav/vmc2026-track3-sys023-utt136.wav,wav/vmc2026-track3-sys019-utt135.wav,4.122184865960845
sys013,utt038,wav/vmc2026-track3-sys013-utt038.wav,wav/vmc2026-track3-sys019-utt037.wav,4.1860531681190425
sys007,utt126,wav/vmc2026-track3-sys007-utt126.wav,wav/vmc2026-track3-sys019-utt125.wav,3.7679498622514065
sys006,utt006,wav/vmc2026-track3-sys006-utt006.wav,wav/vmc2026-track3-sys019-utt005.wav,4.325011869705789
sys006,utt232,wav/vmc2026-track3-sys006-utt232.wav,wav/vmc2026-track3-sys019-utt231.wav,4.35502018725902
sys020,utt228,wav/vmc2026-track3-sys020-utt228.wav,wav/vmc2026-track3-sys019-utt227.wav,3.9200463825208987
sys010,utt266,wav/vmc2026-track3-sys010-utt266.wav,wav/vmc2026-track3-sys019-utt265.wav,3.7637965400106888
sys010,utt030,wav/vmc2026-track3-sys010-utt030.wav,wav/vmc2026-track3-sys019-utt029.wav,4.061237565511627
sys005,utt178,wav/vmc2026-track3-sys005-utt178.wav,wav/vmc2026-track3-sys019-utt177.wav,4.129927911028248
sys006,utt206,wav/vmc2026-track3-sys006-utt206.wav,wav/vmc2026-track3-sys019-utt205.wav,4.511158997633494
sys013,utt264,wav/vmc2026-track3-sys013-utt264.wav,wav/vmc2026-track3-sys019-utt263.wav,4.289033126081209
sys005,utt312,wav/vmc2026-track3-sys005-utt312.wav,wav/vmc2026-track3-sys019-utt311.wav,3.8602391490650128
sys013,utt306,wav/vmc2026-track3-sys013-utt306.wav,wav/vmc2026-track3-sys019-utt305.wav,4.443296720006032
sys023,utt306,wav/vmc2026-track3-sys023-utt306.wav,wav/vmc2026-track3-sys019-utt305.wav,4.371551174599936
sys017,utt150,wav/vmc2026-track3-sys017-utt150.wav,wav/vmc2026-track3-sys019-utt149.wav,3.9734826900172484
sys001,utt034,wav/vmc2026-track3-sys001-utt034.wav,wav/vmc2026-track3-sys019-utt033.wav,4.433804041696662
sys009,utt212,wav/vmc2026-track3-sys009-utt212.wav,wav/vmc2026-track3-sys019-utt211.wav,4.327688935894741
sys002,utt298,wav/vmc2026-track3-sys002-utt298.wav,wav/vmc2026-track3-sys019-utt297.wav,4.821677875539891
sys006,utt038,wav/vmc2026-track3-sys006-utt038.wav,wav/vmc2026-track3-sys019-utt037.wav,4.379048056925994
sys026,utt122,wav/vmc2026-track3-sys026-utt122.wav,wav/vmc2026-track3-sys019-utt121.wav,4.236243680537267
sys009,utt008,wav/vmc2026-track3-sys009-utt008.wav,wav/vmc2026-track3-sys019-utt007.wav,4.388200231968517
sys018,utt104,wav/vmc2026-track3-sys018-utt104.wav,wav/vmc2026-track3-sys019-utt103.wav,4.076767994399759
sys018,utt216,wav/vmc2026-track3-sys018-utt216.wav,wav/vmc2026-track3-sys019-utt215.wav,4.276921558046052
sys025,utt044,wav/vmc2026-track3-sys025-utt044.wav,wav/vmc2026-track3-sys019-utt043.wav,3.8341043580952485
sys006,utt216,wav/vmc2026-track3-sys006-utt216.wav,wav/vmc2026-track3-sys019-utt215.wav,4.64457891979843
sys024,utt296,wav/vmc2026-track3-sys024-utt296.wav,wav/vmc2026-track3-sys019-utt295.wav,4.2921038645749094
sys018,utt308,wav/vmc2026-track3-sys018-utt308.wav,wav/vmc2026-track3-sys019-utt307.wav,3.906908347289086
sys010,utt070,wav/vmc2026-track3-sys010-utt070.wav,wav/vmc2026-track3-sys019-utt069.wav,4.204715006187708
sys023,utt028,wav/vmc2026-track3-sys023-utt028.wav,wav/vmc2026-track3-sys019-utt027.wav,4.0359720228135805
sys002,utt040,wav/vmc2026-track3-sys002-utt040.wav,wav/vmc2026-track3-sys019-utt039.wav,4.448383114513656
sys009,utt082,wav/vmc2026-track3-sys009-utt082.wav,wav/vmc2026-track3-sys019-utt081.wav,4.131849863706909
sys016,utt184,wav/vmc2026-track3-sys016-utt184.wav,wav/vmc2026-track3-sys019-utt183.wav,4.23849313616523
sys007,utt210,wav/vmc2026-track3-sys007-utt210.wav,wav/vmc2026-track3-sys019-utt209.wav,4.451599855924194
sys025,utt296,wav/vmc2026-track3-sys025-utt296.wav,wav/vmc2026-track3-sys019-utt295.wav,3.562235848764096
sys016,utt090,wav/vmc2026-track3-sys016-utt090.wav,wav/vmc2026-track3-sys019-utt089.wav,3.484566857396276
sys012,utt014,wav/vmc2026-track3-sys012-utt014.wav,wav/vmc2026-track3-sys019-utt013.wav,4.707782674724839
sys014,utt074,wav/vmc2026-track3-sys014-utt074.wav,wav/vmc2026-track3-sys019-utt073.wav,4.812476818609705
sys023,utt278,wav/vmc2026-track3-sys023-utt278.wav,wav/vmc2026-track3-sys019-utt277.wav,4.347906568803493
sys009,utt042,wav/vmc2026-track3-sys009-utt042.wav,wav/vmc2026-track3-sys019-utt041.wav,4.3181195419190725
sys009,utt132,wav/vmc2026-track3-sys009-utt132.wav,wav/vmc2026-track3-sys019-utt131.wav,4.204740590270151
sys009,utt232,wav/vmc2026-track3-sys009-utt232.wav,wav/vmc2026-track3-sys019-utt231.wav,4.083477001876614
sys016,utt124,wav/vmc2026-track3-sys016-utt124.wav,wav/vmc2026-track3-sys019-utt123.wav,3.3689435307447892
sys007,utt314,wav/vmc2026-track3-sys007-utt314.wav,wav/vmc2026-track3-sys019-utt313.wav,4.1009476544658074
sys013,utt178,wav/vmc2026-track3-sys013-utt178.wav,wav/vmc2026-track3-sys019-utt177.wav,4.1359323197771785
sys013,utt074,wav/vmc2026-track3-sys013-utt074.wav,wav/vmc2026-track3-sys019-utt073.wav,3.9116759190573793
sys026,utt202,wav/vmc2026-track3-sys026-utt202.wav,wav/vmc2026-track3-sys019-utt201.wav,4.242588425311793
sys026,utt304,wav/vmc2026-track3-sys026-utt304.wav,wav/vmc2026-track3-sys019-utt303.wav,3.9162808258461097
sys010,utt212,wav/vmc2026-track3-sys010-utt212.wav,wav/vmc2026-track3-sys019-utt211.wav,4.447345788252874
sys024,utt316,wav/vmc2026-track3-sys024-utt316.wav,wav/vmc2026-track3-sys019-utt315.wav,3.735105558098761
sys007,utt288,wav/vmc2026-track3-sys007-utt288.wav,wav/vmc2026-track3-sys019-utt287.wav,4.146653338699045
sys011,utt128,wav/vmc2026-track3-sys011-utt128.wav,wav/vmc2026-track3-sys019-utt127.wav,4.253343078967395
sys022,utt106,wav/vmc2026-track3-sys022-utt106.wav,wav/vmc2026-track3-sys019-utt105.wav,3.4313076752557032
sys013,utt136,wav/vmc2026-track3-sys013-utt136.wav,wav/vmc2026-track3-sys019-utt135.wav,4.387255907731423
sys005,utt106,wav/vmc2026-track3-sys005-utt106.wav,wav/vmc2026-track3-sys019-utt105.wav,4.086593434853513
sys017,utt274,wav/vmc2026-track3-sys017-utt274.wav,wav/vmc2026-track3-sys019-utt273.wav,4.2251661853838405
sys002,utt038,wav/vmc2026-track3-sys002-utt038.wav,wav/vmc2026-track3-sys019-utt037.wav,4.153545216755834
sys007,utt238,wav/vmc2026-track3-sys007-utt238.wav,wav/vmc2026-track3-sys019-utt237.wav,4.609236206902065
sys010,utt300,wav/vmc2026-track3-sys010-utt300.wav,wav/vmc2026-track3-sys019-utt299.wav,4.040958181453015
sys017,utt046,wav/vmc2026-track3-sys017-utt046.wav,wav/vmc2026-track3-sys019-utt045.wav,4.163899326793223
sys001,utt048,wav/vmc2026-track3-sys001-utt048.wav,wav/vmc2026-track3-sys019-utt047.wav,4.220482090793023
sys014,utt246,wav/vmc2026-track3-sys014-utt246.wav,wav/vmc2026-track3-sys019-utt245.wav,4.873890192481343
sys017,utt124,wav/vmc2026-track3-sys017-utt124.wav,wav/vmc2026-track3-sys019-utt123.wav,4.382448447594419
sys022,utt264,wav/vmc2026-track3-sys022-utt264.wav,wav/vmc2026-track3-sys019-utt263.wav,3.319274428521126
sys012,utt148,wav/vmc2026-track3-sys012-utt148.wav,wav/vmc2026-track3-sys019-utt147.wav,3.0744858190220854
sys011,utt042,wav/vmc2026-track3-sys011-utt042.wav,wav/vmc2026-track3-sys019-utt041.wav,4.4014042398426785
sys009,utt224,wav/vmc2026-track3-sys009-utt224.wav,wav/vmc2026-track3-sys019-utt223.wav,4.683166512570406
sys010,utt136,wav/vmc2026-track3-sys010-utt136.wav,wav/vmc2026-track3-sys019-utt135.wav,3.9182401445826027
sys026,utt118,wav/vmc2026-track3-sys026-utt118.wav,wav/vmc2026-track3-sys019-utt117.wav,4.103363803195228
sys018,utt072,wav/vmc2026-track3-sys018-utt072.wav,wav/vmc2026-track3-sys019-utt071.wav,4.144727396058281
sys025,utt242,wav/vmc2026-track3-sys025-utt242.wav,wav/vmc2026-track3-sys019-utt241.wav,3.8310698428850967
sys022,utt272,wav/vmc2026-track3-sys022-utt272.wav,wav/vmc2026-track3-sys019-utt271.wav,3.7837543269059326
sys024,utt110,wav/vmc2026-track3-sys024-utt110.wav,wav/vmc2026-track3-sys019-utt109.wav,4.253942078661718
sys002,utt232,wav/vmc2026-track3-sys002-utt232.wav,wav/vmc2026-track3-sys019-utt231.wav,4.406314900168055
sys010,utt226,wav/vmc2026-track3-sys010-utt226.wav,wav/vmc2026-track3-sys019-utt225.wav,4.326489981450772
sys017,utt208,wav/vmc2026-track3-sys017-utt208.wav,wav/vmc2026-track3-sys019-utt207.wav,4.187508312898158
sys008,utt308,wav/vmc2026-track3-sys008-utt308.wav,wav/vmc2026-track3-sys019-utt307.wav,4.794668806974622
sys007,utt212,wav/vmc2026-track3-sys007-utt212.wav,wav/vmc2026-track3-sys019-utt211.wav,4.1706166086430425
sys016,utt104,wav/vmc2026-track3-sys016-utt104.wav,wav/vmc2026-track3-sys019-utt103.wav,3.9132086697946242
sys020,utt284,wav/vmc2026-track3-sys020-utt284.wav,wav/vmc2026-track3-sys019-utt283.wav,4.0889926497307725
sys012,utt042,wav/vmc2026-track3-sys012-utt042.wav,wav/vmc2026-track3-sys019-utt041.wav,3.8912594686354645
sys014,utt248,wav/vmc2026-track3-sys014-utt248.wav,wav/vmc2026-track3-sys019-utt247.wav,5.0
sys024,utt066,wav/vmc2026-track3-sys024-utt066.wav,wav/vmc2026-track3-sys019-utt065.wav,3.909800859759724
sys025,utt292,wav/vmc2026-track3-sys025-utt292.wav,wav/vmc2026-track3-sys019-utt291.wav,3.743410500356538
sys002,utt244,wav/vmc2026-track3-sys002-utt244.wav,wav/vmc2026-track3-sys019-utt243.wav,4.566477489580439
sys023,utt042,wav/vmc2026-track3-sys023-utt042.wav,wav/vmc2026-track3-sys019-utt041.wav,4.27190122424243
sys009,utt040,wav/vmc2026-track3-sys009-utt040.wav,wav/vmc2026-track3-sys019-utt039.wav,4.27985860447207
sys008,utt078,wav/vmc2026-track3-sys008-utt078.wav,wav/vmc2026-track3-sys019-utt077.wav,4.827961421255389
sys017,utt122,wav/vmc2026-track3-sys017-utt122.wav,wav/vmc2026-track3-sys019-utt121.wav,4.364623902314979
sys007,utt152,wav/vmc2026-track3-sys007-utt152.wav,wav/vmc2026-track3-sys019-utt151.wav,4.880791978918701
sys018,utt144,wav/vmc2026-track3-sys018-utt144.wav,wav/vmc2026-track3-sys019-utt143.wav,3.2526959705115095
sys012,utt160,wav/vmc2026-track3-sys012-utt160.wav,wav/vmc2026-track3-sys019-utt159.wav,3.8355063284533433
sys013,utt312,wav/vmc2026-track3-sys013-utt312.wav,wav/vmc2026-track3-sys019-utt311.wav,4.428595168345682
sys017,utt268,wav/vmc2026-track3-sys017-utt268.wav,wav/vmc2026-track3-sys019-utt267.wav,4.033396550227516
sys002,utt306,wav/vmc2026-track3-sys002-utt306.wav,wav/vmc2026-track3-sys019-utt305.wav,4.518426197937368
sys005,utt036,wav/vmc2026-track3-sys005-utt036.wav,wav/vmc2026-track3-sys019-utt035.wav,3.540592768651632
sys008,utt246,wav/vmc2026-track3-sys008-utt246.wav,wav/vmc2026-track3-sys019-utt245.wav,4.9256056764732365
sys006,utt036,wav/vmc2026-track3-sys006-utt036.wav,wav/vmc2026-track3-sys019-utt035.wav,4.499035209641165
sys005,utt112,wav/vmc2026-track3-sys005-utt112.wav,wav/vmc2026-track3-sys019-utt111.wav,3.6163693115902102
sys005,utt222,wav/vmc2026-track3-sys005-utt222.wav,wav/vmc2026-track3-sys019-utt221.wav,3.7066305257137553
sys022,utt088,wav/vmc2026-track3-sys022-utt088.wav,wav/vmc2026-track3-sys019-utt087.wav,3.3271772486224043
sys026,utt242,wav/vmc2026-track3-sys026-utt242.wav,wav/vmc2026-track3-sys019-utt241.wav,3.9151050240658805
sys016,utt062,wav/vmc2026-track3-sys016-utt062.wav,wav/vmc2026-track3-sys019-utt061.wav,4.032337503035271
sys012,utt234,wav/vmc2026-track3-sys012-utt234.wav,wav/vmc2026-track3-sys019-utt233.wav,3.774917799743325
sys006,utt138,wav/vmc2026-track3-sys006-utt138.wav,wav/vmc2026-track3-sys019-utt137.wav,4.281471162205526
sys006,utt180,wav/vmc2026-track3-sys006-utt180.wav,wav/vmc2026-track3-sys019-utt179.wav,4.037192494784934
sys025,utt214,wav/vmc2026-track3-sys025-utt214.wav,wav/vmc2026-track3-sys019-utt213.wav,4.372668008108926
sys005,utt224,wav/vmc2026-track3-sys005-utt224.wav,wav/vmc2026-track3-sys019-utt223.wav,4.0192764348632934
sys023,utt106,wav/vmc2026-track3-sys023-utt106.wav,wav/vmc2026-track3-sys019-utt105.wav,4.405646620973128
sys026,utt126,wav/vmc2026-track3-sys026-utt126.wav,wav/vmc2026-track3-sys019-utt125.wav,4.601628753392401
sys014,utt308,wav/vmc2026-track3-sys014-utt308.wav,wav/vmc2026-track3-sys019-utt307.wav,5.0
sys011,utt192,wav/vmc2026-track3-sys011-utt192.wav,wav/vmc2026-track3-sys019-utt191.wav,4.556045131158238
sys002,utt030,wav/vmc2026-track3-sys002-utt030.wav,wav/vmc2026-track3-sys019-utt029.wav,4.187079304380314
sys018,utt296,wav/vmc2026-track3-sys018-utt296.wav,wav/vmc2026-track3-sys019-utt295.wav,4.201644787365105
sys012,utt154,wav/vmc2026-track3-sys012-utt154.wav,wav/vmc2026-track3-sys019-utt153.wav,4.311849220611519
sys009,utt214,wav/vmc2026-track3-sys009-utt214.wav,wav/vmc2026-track3-sys019-utt213.wav,4.316470715838134
sys005,utt064,wav/vmc2026-track3-sys005-utt064.wav,wav/vmc2026-track3-sys019-utt063.wav,4.314361110039445
sys008,utt050,wav/vmc2026-track3-sys008-utt050.wav,wav/vmc2026-track3-sys019-utt049.wav,4.583181229158839
sys026,utt312,wav/vmc2026-track3-sys026-utt312.wav,wav/vmc2026-track3-sys019-utt311.wav,4.3132409871185144
sys018,utt200,wav/vmc2026-track3-sys018-utt200.wav,wav/vmc2026-track3-sys019-utt199.wav,4.3269204559915
sys002,utt186,wav/vmc2026-track3-sys002-utt186.wav,wav/vmc2026-track3-sys019-utt185.wav,4.476654065858351
sys002,utt106,wav/vmc2026-track3-sys002-utt106.wav,wav/vmc2026-track3-sys019-utt105.wav,4.3056223367260325
sys006,utt044,wav/vmc2026-track3-sys006-utt044.wav,wav/vmc2026-track3-sys019-utt043.wav,3.9071463283843677
sys014,utt172,wav/vmc2026-track3-sys014-utt172.wav,wav/vmc2026-track3-sys019-utt171.wav,4.793027743570231
sys017,utt030,wav/vmc2026-track3-sys017-utt030.wav,wav/vmc2026-track3-sys019-utt029.wav,4.211435688554667
sys022,utt154,wav/vmc2026-track3-sys022-utt154.wav,wav/vmc2026-track3-sys019-utt153.wav,4.358893581098088
sys023,utt006,wav/vmc2026-track3-sys023-utt006.wav,wav/vmc2026-track3-sys019-utt005.wav,4.162670157219112
sys022,utt128,wav/vmc2026-track3-sys022-utt128.wav,wav/vmc2026-track3-sys019-utt127.wav,3.3695340507499356
sys023,utt114,wav/vmc2026-track3-sys023-utt114.wav,wav/vmc2026-track3-sys019-utt113.wav,3.913799966686278
sys010,utt312,wav/vmc2026-track3-sys010-utt312.wav,wav/vmc2026-track3-sys019-utt311.wav,4.540464567994635
sys013,utt300,wav/vmc2026-track3-sys013-utt300.wav,wav/vmc2026-track3-sys019-utt299.wav,4.057421111852164
sys023,utt148,wav/vmc2026-track3-sys023-utt148.wav,wav/vmc2026-track3-sys019-utt147.wav,3.601808847196424
sys010,utt160,wav/vmc2026-track3-sys010-utt160.wav,wav/vmc2026-track3-sys019-utt159.wav,4.5186684581397305
sys009,utt124,wav/vmc2026-track3-sys009-utt124.wav,wav/vmc2026-track3-sys019-utt123.wav,3.8450408531105005
sys017,utt112,wav/vmc2026-track3-sys017-utt112.wav,wav/vmc2026-track3-sys019-utt111.wav,3.8666158773294437
sys012,utt026,wav/vmc2026-track3-sys012-utt026.wav,wav/vmc2026-track3-sys019-utt025.wav,4.0493496484995335
sys018,utt314,wav/vmc2026-track3-sys018-utt314.wav,wav/vmc2026-track3-sys019-utt313.wav,3.085871409252907
sys018,utt268,wav/vmc2026-track3-sys018-utt268.wav,wav/vmc2026-track3-sys019-utt267.wav,3.928314439361226
sys024,utt184,wav/vmc2026-track3-sys024-utt184.wav,wav/vmc2026-track3-sys019-utt183.wav,4.010239954462415
sys013,utt194,wav/vmc2026-track3-sys013-utt194.wav,wav/vmc2026-track3-sys019-utt193.wav,4.124566985810546
sys018,utt182,wav/vmc2026-track3-sys018-utt182.wav,wav/vmc2026-track3-sys019-utt181.wav,3.511152814972039
sys020,utt244,wav/vmc2026-track3-sys020-utt244.wav,wav/vmc2026-track3-sys019-utt243.wav,3.8552354863992555
sys025,utt132,wav/vmc2026-track3-sys025-utt132.wav,wav/vmc2026-track3-sys019-utt131.wav,3.552793529083524
sys024,utt014,wav/vmc2026-track3-sys024-utt014.wav,wav/vmc2026-track3-sys019-utt013.wav,4.650859795152064
sys014,utt180,wav/vmc2026-track3-sys014-utt180.wav,wav/vmc2026-track3-sys019-utt179.wav,4.626812257205485
sys023,utt280,wav/vmc2026-track3-sys023-utt280.wav,wav/vmc2026-track3-sys019-utt279.wav,4.711661054417808
sys018,utt178,wav/vmc2026-track3-sys018-utt178.wav,wav/vmc2026-track3-sys019-utt177.wav,4.103798476554505
sys011,utt154,wav/vmc2026-track3-sys011-utt154.wav,wav/vmc2026-track3-sys019-utt153.wav,4.595723121834976
sys008,utt278,wav/vmc2026-track3-sys008-utt278.wav,wav/vmc2026-track3-sys019-utt277.wav,4.779286464215346
sys022,utt250,wav/vmc2026-track3-sys022-utt250.wav,wav/vmc2026-track3-sys019-utt249.wav,3.789250831642878
sys022,utt182,wav/vmc2026-track3-sys022-utt182.wav,wav/vmc2026-track3-sys019-utt181.wav,3.388423295894496
sys013,utt262,wav/vmc2026-track3-sys013-utt262.wav,wav/vmc2026-track3-sys019-utt261.wav,4.052381559502804
sys017,utt172,wav/vmc2026-track3-sys017-utt172.wav,wav/vmc2026-track3-sys019-utt171.wav,4.142826326766451
sys026,utt244,wav/vmc2026-track3-sys026-utt244.wav,wav/vmc2026-track3-sys019-utt243.wav,4.13543992385196
sys026,utt022,wav/vmc2026-track3-sys026-utt022.wav,wav/vmc2026-track3-sys019-utt021.wav,4.254593308078593
sys023,utt068,wav/vmc2026-track3-sys023-utt068.wav,wav/vmc2026-track3-sys019-utt067.wav,4.205238646010559
sys008,utt264,wav/vmc2026-track3-sys008-utt264.wav,wav/vmc2026-track3-sys019-utt263.wav,4.199180257018762
sys001,utt084,wav/vmc2026-track3-sys001-utt084.wav,wav/vmc2026-track3-sys019-utt083.wav,4.553778949189157
sys018,utt102,wav/vmc2026-track3-sys018-utt102.wav,wav/vmc2026-track3-sys019-utt101.wav,3.8247298244937693
sys024,utt024,wav/vmc2026-track3-sys024-utt024.wav,wav/vmc2026-track3-sys019-utt023.wav,3.8737718744283125
sys020,utt076,wav/vmc2026-track3-sys020-utt076.wav,wav/vmc2026-track3-sys019-utt075.wav,3.576696862318336
sys016,utt118,wav/vmc2026-track3-sys016-utt118.wav,wav/vmc2026-track3-sys019-utt117.wav,3.662301987329702
sys001,utt156,wav/vmc2026-track3-sys001-utt156.wav,wav/vmc2026-track3-sys019-utt155.wav,4.133647278959744
sys025,utt192,wav/vmc2026-track3-sys025-utt192.wav,wav/vmc2026-track3-sys019-utt191.wav,3.4941626908420123
sys023,utt014,wav/vmc2026-track3-sys023-utt014.wav,wav/vmc2026-track3-sys019-utt013.wav,4.451000164947624
sys007,utt172,wav/vmc2026-track3-sys007-utt172.wav,wav/vmc2026-track3-sys019-utt171.wav,3.84910785876003
sys010,utt268,wav/vmc2026-track3-sys010-utt268.wav,wav/vmc2026-track3-sys019-utt267.wav,4.346924094719965
sys016,utt306,wav/vmc2026-track3-sys016-utt306.wav,wav/vmc2026-track3-sys019-utt305.wav,3.8860989892922997
sys013,utt286,wav/vmc2026-track3-sys013-utt286.wav,wav/vmc2026-track3-sys019-utt285.wav,4.373205795735858
sys010,utt218,wav/vmc2026-track3-sys010-utt218.wav,wav/vmc2026-track3-sys019-utt217.wav,4.566750245659948
sys024,utt290,wav/vmc2026-track3-sys024-utt290.wav,wav/vmc2026-track3-sys019-utt289.wav,3.4986238362664563
sys013,utt070,wav/vmc2026-track3-sys013-utt070.wav,wav/vmc2026-track3-sys019-utt069.wav,4.0631171081571775
sys018,utt126,wav/vmc2026-track3-sys018-utt126.wav,wav/vmc2026-track3-sys019-utt125.wav,4.102545788828391
sys014,utt120,wav/vmc2026-track3-sys014-utt120.wav,wav/vmc2026-track3-sys019-utt119.wav,4.742204193815809
sys022,utt104,wav/vmc2026-track3-sys022-utt104.wav,wav/vmc2026-track3-sys019-utt103.wav,3.4977169302337616
sys024,utt034,wav/vmc2026-track3-sys024-utt034.wav,wav/vmc2026-track3-sys019-utt033.wav,4.496438787581162
sys025,utt070,wav/vmc2026-track3-sys025-utt070.wav,wav/vmc2026-track3-sys019-utt069.wav,3.765572431548056
sys013,utt226,wav/vmc2026-track3-sys013-utt226.wav,wav/vmc2026-track3-sys019-utt225.wav,4.567849925895225
sys002,utt230,wav/vmc2026-track3-sys002-utt230.wav,wav/vmc2026-track3-sys019-utt229.wav,4.799477105388329
sys020,utt292,wav/vmc2026-track3-sys020-utt292.wav,wav/vmc2026-track3-sys019-utt291.wav,3.441126194973682
sys018,utt008,wav/vmc2026-track3-sys018-utt008.wav,wav/vmc2026-track3-sys019-utt007.wav,3.9022580761988968
sys024,utt220,wav/vmc2026-track3-sys024-utt220.wav,wav/vmc2026-track3-sys019-utt219.wav,4.160382107726347
sys005,utt030,wav/vmc2026-track3-sys005-utt030.wav,wav/vmc2026-track3-sys019-utt029.wav,3.7463955862228793
sys020,utt148,wav/vmc2026-track3-sys020-utt148.wav,wav/vmc2026-track3-sys019-utt147.wav,3.0956875972277773
sys006,utt066,wav/vmc2026-track3-sys006-utt066.wav,wav/vmc2026-track3-sys019-utt065.wav,4.503349737364862
sys020,utt154,wav/vmc2026-track3-sys020-utt154.wav,wav/vmc2026-track3-sys019-utt153.wav,4.087491553569561
sys011,utt176,wav/vmc2026-track3-sys011-utt176.wav,wav/vmc2026-track3-sys019-utt175.wav,5.0
sys022,utt208,wav/vmc2026-track3-sys022-utt208.wav,wav/vmc2026-track3-sys019-utt207.wav,4.188612717422981
sys018,utt032,wav/vmc2026-track3-sys018-utt032.wav,wav/vmc2026-track3-sys019-utt031.wav,3.607728308381982
sys023,utt144,wav/vmc2026-track3-sys023-utt144.wav,wav/vmc2026-track3-sys019-utt143.wav,3.3436167927175635
sys012,utt084,wav/vmc2026-track3-sys012-utt084.wav,wav/vmc2026-track3-sys019-utt083.wav,3.9015589037929717
sys006,utt176,wav/vmc2026-track3-sys006-utt176.wav,wav/vmc2026-track3-sys019-utt175.wav,4.437040660729554
sys020,utt218,wav/vmc2026-track3-sys020-utt218.wav,wav/vmc2026-track3-sys019-utt217.wav,3.8423718521742636
sys012,utt002,wav/vmc2026-track3-sys012-utt002.wav,wav/vmc2026-track3-sys019-utt001.wav,4.385565526938962
sys016,utt292,wav/vmc2026-track3-sys016-utt292.wav,wav/vmc2026-track3-sys019-utt291.wav,4.349089186172819
sys022,utt282,wav/vmc2026-track3-sys022-utt282.wav,wav/vmc2026-track3-sys019-utt281.wav,4.0872757618209405
sys011,utt184,wav/vmc2026-track3-sys011-utt184.wav,wav/vmc2026-track3-sys019-utt183.wav,4.069409210540261
sys022,utt196,wav/vmc2026-track3-sys022-utt196.wav,wav/vmc2026-track3-sys019-utt195.wav,4.076356053297014
sys024,utt002,wav/vmc2026-track3-sys024-utt002.wav,wav/vmc2026-track3-sys019-utt001.wav,4.370384421032541
sys016,utt298,wav/vmc2026-track3-sys016-utt298.wav,wav/vmc2026-track3-sys019-utt297.wav,4.12159480455037
sys012,utt194,wav/vmc2026-track3-sys012-utt194.wav,wav/vmc2026-track3-sys019-utt193.wav,3.5354309597120808
sys012,utt238,wav/vmc2026-track3-sys012-utt238.wav,wav/vmc2026-track3-sys019-utt237.wav,4.44380788699841
sys008,utt084,wav/vmc2026-track3-sys008-utt084.wav,wav/vmc2026-track3-sys019-utt083.wav,4.830184128965157
sys007,utt086,wav/vmc2026-track3-sys007-utt086.wav,wav/vmc2026-track3-sys019-utt085.wav,3.5906493508346427
sys006,utt022,wav/vmc2026-track3-sys006-utt022.wav,wav/vmc2026-track3-sys019-utt021.wav,4.169999197166614
sys020,utt266,wav/vmc2026-track3-sys020-utt266.wav,wav/vmc2026-track3-sys019-utt265.wav,2.9192143299212825
sys007,utt112,wav/vmc2026-track3-sys007-utt112.wav,wav/vmc2026-track3-sys019-utt111.wav,3.6406378241488775
sys014,utt232,wav/vmc2026-track3-sys014-utt232.wav,wav/vmc2026-track3-sys019-utt231.wav,4.49971135180151
sys020,utt112,wav/vmc2026-track3-sys020-utt112.wav,wav/vmc2026-track3-sys019-utt111.wav,3.0239216911607025
sys022,utt038,wav/vmc2026-track3-sys022-utt038.wav,wav/vmc2026-track3-sys019-utt037.wav,3.5845509723972304
sys018,utt218,wav/vmc2026-track3-sys018-utt218.wav,wav/vmc2026-track3-sys019-utt217.wav,3.842955280285169
sys005,utt298,wav/vmc2026-track3-sys005-utt298.wav,wav/vmc2026-track3-sys019-utt297.wav,3.9948223899788133
sys025,utt302,wav/vmc2026-track3-sys025-utt302.wav,wav/vmc2026-track3-sys019-utt301.wav,3.583395118179403
sys018,utt270,wav/vmc2026-track3-sys018-utt270.wav,wav/vmc2026-track3-sys019-utt269.wav,4.119379810338553
sys009,utt282,wav/vmc2026-track3-sys009-utt282.wav,wav/vmc2026-track3-sys019-utt281.wav,4.547217357042184
sys018,utt210,wav/vmc2026-track3-sys018-utt210.wav,wav/vmc2026-track3-sys019-utt209.wav,4.025212515008259
sys001,utt172,wav/vmc2026-track3-sys001-utt172.wav,wav/vmc2026-track3-sys019-utt171.wav,3.8897246737875784
sys013,utt002,wav/vmc2026-track3-sys013-utt002.wav,wav/vmc2026-track3-sys019-utt001.wav,4.529098904852227
sys009,utt302,wav/vmc2026-track3-sys009-utt302.wav,wav/vmc2026-track3-sys019-utt301.wav,4.281615178711132
sys024,utt292,wav/vmc2026-track3-sys024-utt292.wav,wav/vmc2026-track3-sys019-utt291.wav,4.323129253806236
sys010,utt264,wav/vmc2026-track3-sys010-utt264.wav,wav/vmc2026-track3-sys019-utt263.wav,4.055345416551313
sys007,utt200,wav/vmc2026-track3-sys007-utt200.wav,wav/vmc2026-track3-sys019-utt199.wav,4.504129643473981
sys022,utt102,wav/vmc2026-track3-sys022-utt102.wav,wav/vmc2026-track3-sys019-utt101.wav,3.532371646138399
sys013,utt062,wav/vmc2026-track3-sys013-utt062.wav,wav/vmc2026-track3-sys019-utt061.wav,3.970319240627602
sys013,utt250,wav/vmc2026-track3-sys013-utt250.wav,wav/vmc2026-track3-sys019-utt249.wav,4.491714961719572
sys010,utt010,wav/vmc2026-track3-sys010-utt010.wav,wav/vmc2026-track3-sys019-utt009.wav,4.458760285859167
sys024,utt180,wav/vmc2026-track3-sys024-utt180.wav,wav/vmc2026-track3-sys019-utt179.wav,3.421001261948086
sys002,utt208,wav/vmc2026-track3-sys002-utt208.wav,wav/vmc2026-track3-sys019-utt207.wav,4.188654122660052
sys013,utt050,wav/vmc2026-track3-sys013-utt050.wav,wav/vmc2026-track3-sys019-utt049.wav,4.434206398426971
sys013,utt066,wav/vmc2026-track3-sys013-utt066.wav,wav/vmc2026-track3-sys019-utt065.wav,3.8015114836733312
sys001,utt266,wav/vmc2026-track3-sys001-utt266.wav,wav/vmc2026-track3-sys019-utt265.wav,4.064134057390066
sys001,utt016,wav/vmc2026-track3-sys001-utt016.wav,wav/vmc2026-track3-sys019-utt015.wav,4.231798918540074
sys024,utt018,wav/vmc2026-track3-sys024-utt018.wav,wav/vmc2026-track3-sys019-utt017.wav,4.393750483182584
sys001,utt020,wav/vmc2026-track3-sys001-utt020.wav,wav/vmc2026-track3-sys019-utt019.wav,3.9828765956091385
sys016,utt126,wav/vmc2026-track3-sys016-utt126.wav,wav/vmc2026-track3-sys019-utt125.wav,4.460302726305404
sys022,utt198,wav/vmc2026-track3-sys022-utt198.wav,wav/vmc2026-track3-sys019-utt197.wav,4.193514586469852
sys006,utt076,wav/vmc2026-track3-sys006-utt076.wav,wav/vmc2026-track3-sys019-utt075.wav,4.55288782047726
sys002,utt266,wav/vmc2026-track3-sys002-utt266.wav,wav/vmc2026-track3-sys019-utt265.wav,4.295283849529814
sys001,utt116,wav/vmc2026-track3-sys001-utt116.wav,wav/vmc2026-track3-sys019-utt115.wav,4.0243014488664715
sys025,utt264,wav/vmc2026-track3-sys025-utt264.wav,wav/vmc2026-track3-sys019-utt263.wav,3.9293520818206824
sys006,utt134,wav/vmc2026-track3-sys006-utt134.wav,wav/vmc2026-track3-sys019-utt133.wav,4.420995692093156
sys012,utt144,wav/vmc2026-track3-sys012-utt144.wav,wav/vmc2026-track3-sys019-utt143.wav,3.0123186319877218
sys007,utt046,wav/vmc2026-track3-sys007-utt046.wav,wav/vmc2026-track3-sys019-utt045.wav,4.324055817178633
sys008,utt214,wav/vmc2026-track3-sys008-utt214.wav,wav/vmc2026-track3-sys019-utt213.wav,4.661515676230273
sys007,utt176,wav/vmc2026-track3-sys007-utt176.wav,wav/vmc2026-track3-sys019-utt175.wav,3.180385551948765
sys007,utt224,wav/vmc2026-track3-sys007-utt224.wav,wav/vmc2026-track3-sys019-utt223.wav,4.272517704341512
sys014,utt276,wav/vmc2026-track3-sys014-utt276.wav,wav/vmc2026-track3-sys019-utt275.wav,4.397321519476094
sys009,utt084,wav/vmc2026-track3-sys009-utt084.wav,wav/vmc2026-track3-sys019-utt083.wav,4.1551829274105145
sys011,utt034,wav/vmc2026-track3-sys011-utt034.wav,wav/vmc2026-track3-sys019-utt033.wav,4.467553950114437
sys025,utt148,wav/vmc2026-track3-sys025-utt148.wav,wav/vmc2026-track3-sys019-utt147.wav,3.620247476017895
sys005,utt132,wav/vmc2026-track3-sys005-utt132.wav,wav/vmc2026-track3-sys019-utt131.wav,4.002296830536543
sys024,utt318,wav/vmc2026-track3-sys024-utt318.wav,wav/vmc2026-track3-sys019-utt317.wav,4.0611606352312295
sys018,utt186,wav/vmc2026-track3-sys018-utt186.wav,wav/vmc2026-track3-sys019-utt185.wav,3.100631048136953
sys017,utt108,wav/vmc2026-track3-sys017-utt108.wav,wav/vmc2026-track3-sys019-utt107.wav,4.18568414575002
sys022,utt156,wav/vmc2026-track3-sys022-utt156.wav,wav/vmc2026-track3-sys019-utt155.wav,3.916726067642689
sys023,utt038,wav/vmc2026-track3-sys023-utt038.wav,wav/vmc2026-track3-sys019-utt037.wav,4.060870237809148
sys005,utt192,wav/vmc2026-track3-sys005-utt192.wav,wav/vmc2026-track3-sys019-utt191.wav,3.235260356076958
sys013,utt248,wav/vmc2026-track3-sys013-utt248.wav,wav/vmc2026-track3-sys019-utt247.wav,4.788757545252379
sys022,utt008,wav/vmc2026-track3-sys022-utt008.wav,wav/vmc2026-track3-sys019-utt007.wav,3.8859776435171893
sys014,utt174,wav/vmc2026-track3-sys014-utt174.wav,wav/vmc2026-track3-sys019-utt173.wav,4.5151933543190355
sys008,utt234,wav/vmc2026-track3-sys008-utt234.wav,wav/vmc2026-track3-sys019-utt233.wav,4.066679962769967
sys001,utt066,wav/vmc2026-track3-sys001-utt066.wav,wav/vmc2026-track3-sys019-utt065.wav,3.8298072524897417
sys022,utt044,wav/vmc2026-track3-sys022-utt044.wav,wav/vmc2026-track3-sys019-utt043.wav,3.8589897568835334
sys008,utt178,wav/vmc2026-track3-sys008-utt178.wav,wav/vmc2026-track3-sys019-utt177.wav,4.664789537851514
sys008,utt306,wav/vmc2026-track3-sys008-utt306.wav,wav/vmc2026-track3-sys019-utt305.wav,4.880988047698912
sys020,utt072,wav/vmc2026-track3-sys020-utt072.wav,wav/vmc2026-track3-sys019-utt071.wav,3.5369979138653527
sys018,utt264,wav/vmc2026-track3-sys018-utt264.wav,wav/vmc2026-track3-sys019-utt263.wav,3.4995213220563754
sys018,utt112,wav/vmc2026-track3-sys018-utt112.wav,wav/vmc2026-track3-sys019-utt111.wav,3.6853828147421472
sys020,utt174,wav/vmc2026-track3-sys020-utt174.wav,wav/vmc2026-track3-sys019-utt173.wav,2.537218172544055
sys016,utt274,wav/vmc2026-track3-sys016-utt274.wav,wav/vmc2026-track3-sys019-utt273.wav,3.8654397437182895
sys009,utt266,wav/vmc2026-track3-sys009-utt266.wav,wav/vmc2026-track3-sys019-utt265.wav,4.124985201229196
sys026,utt174,wav/vmc2026-track3-sys026-utt174.wav,wav/vmc2026-track3-sys019-utt173.wav,4.060681877531136
sys024,utt202,wav/vmc2026-track3-sys024-utt202.wav,wav/vmc2026-track3-sys019-utt201.wav,3.9259486129424723
sys013,utt130,wav/vmc2026-track3-sys013-utt130.wav,wav/vmc2026-track3-sys019-utt129.wav,4.941495294735845
sys012,utt184,wav/vmc2026-track3-sys012-utt184.wav,wav/vmc2026-track3-sys019-utt183.wav,3.417890059517127
sys006,utt086,wav/vmc2026-track3-sys006-utt086.wav,wav/vmc2026-track3-sys019-utt085.wav,4.548037852098169
sys020,utt002,wav/vmc2026-track3-sys020-utt002.wav,wav/vmc2026-track3-sys019-utt001.wav,3.167266193204192
sys025,utt110,wav/vmc2026-track3-sys025-utt110.wav,wav/vmc2026-track3-sys019-utt109.wav,3.5732294128043756
sys025,utt130,wav/vmc2026-track3-sys025-utt130.wav,wav/vmc2026-track3-sys019-utt129.wav,3.8011981918353146
sys013,utt126,wav/vmc2026-track3-sys013-utt126.wav,wav/vmc2026-track3-sys019-utt125.wav,4.587762308511795
sys005,utt242,wav/vmc2026-track3-sys005-utt242.wav,wav/vmc2026-track3-sys019-utt241.wav,3.714210636071665
sys010,utt292,wav/vmc2026-track3-sys010-utt292.wav,wav/vmc2026-track3-sys019-utt291.wav,4.585808759924625
sys016,utt180,wav/vmc2026-track3-sys016-utt180.wav,wav/vmc2026-track3-sys019-utt179.wav,3.504760793695084
sys026,utt088,wav/vmc2026-track3-sys026-utt088.wav,wav/vmc2026-track3-sys019-utt087.wav,4.2935197029667975
sys006,utt032,wav/vmc2026-track3-sys006-utt032.wav,wav/vmc2026-track3-sys019-utt031.wav,3.9404216009461326
sys001,utt178,wav/vmc2026-track3-sys001-utt178.wav,wav/vmc2026-track3-sys019-utt177.wav,4.098354310225312
sys012,utt032,wav/vmc2026-track3-sys012-utt032.wav,wav/vmc2026-track3-sys019-utt031.wav,3.7233084486336696
sys020,utt248,wav/vmc2026-track3-sys020-utt248.wav,wav/vmc2026-track3-sys019-utt247.wav,3.9276122727049136
sys025,utt012,wav/vmc2026-track3-sys025-utt012.wav,wav/vmc2026-track3-sys019-utt011.wav,3.902400141197137
sys011,utt050,wav/vmc2026-track3-sys011-utt050.wav,wav/vmc2026-track3-sys019-utt049.wav,4.607970973610099
sys023,utt238,wav/vmc2026-track3-sys023-utt238.wav,wav/vmc2026-track3-sys019-utt237.wav,4.431422345295087
sys010,utt238,wav/vmc2026-track3-sys010-utt238.wav,wav/vmc2026-track3-sys019-utt237.wav,4.600184876292637
sys024,utt208,wav/vmc2026-track3-sys024-utt208.wav,wav/vmc2026-track3-sys019-utt207.wav,3.7465542201656272
sys005,utt134,wav/vmc2026-track3-sys005-utt134.wav,wav/vmc2026-track3-sys019-utt133.wav,3.3496661593455386
sys007,utt248,wav/vmc2026-track3-sys007-utt248.wav,wav/vmc2026-track3-sys019-utt247.wav,4.093197807178133
sys006,utt048,wav/vmc2026-track3-sys006-utt048.wav,wav/vmc2026-track3-sys019-utt047.wav,4.595983986798102
sys010,utt276,wav/vmc2026-track3-sys010-utt276.wav,wav/vmc2026-track3-sys019-utt275.wav,4.082676631316136
sys026,utt158,wav/vmc2026-track3-sys026-utt158.wav,wav/vmc2026-track3-sys019-utt157.wav,4.688743360502502
sys016,utt232,wav/vmc2026-track3-sys016-utt232.wav,wav/vmc2026-track3-sys019-utt231.wav,4.116888399849981
sys016,utt008,wav/vmc2026-track3-sys016-utt008.wav,wav/vmc2026-track3-sys019-utt007.wav,4.007106574894288
sys009,utt028,wav/vmc2026-track3-sys009-utt028.wav,wav/vmc2026-track3-sys019-utt027.wav,4.45922532352032
sys009,utt046,wav/vmc2026-track3-sys009-utt046.wav,wav/vmc2026-track3-sys019-utt045.wav,4.333660072352931
sys002,utt016,wav/vmc2026-track3-sys002-utt016.wav,wav/vmc2026-track3-sys019-utt015.wav,4.240761771579085
sys012,utt082,wav/vmc2026-track3-sys012-utt082.wav,wav/vmc2026-track3-sys019-utt081.wav,3.6314178943715527
sys006,utt124,wav/vmc2026-track3-sys006-utt124.wav,wav/vmc2026-track3-sys019-utt123.wav,4.1619072323596615
sys026,utt272,wav/vmc2026-track3-sys026-utt272.wav,wav/vmc2026-track3-sys019-utt271.wav,4.390673744811634
sys002,utt268,wav/vmc2026-track3-sys002-utt268.wav,wav/vmc2026-track3-sys019-utt267.wav,4.353393511535326
sys009,utt110,wav/vmc2026-track3-sys009-utt110.wav,wav/vmc2026-track3-sys019-utt109.wav,4.5037840609119915
sys008,utt320,wav/vmc2026-track3-sys008-utt320.wav,wav/vmc2026-track3-sys019-utt319.wav,4.42611265291475
sys010,utt124,wav/vmc2026-track3-sys010-utt124.wav,wav/vmc2026-track3-sys019-utt123.wav,3.9726007107820247
sys005,utt130,wav/vmc2026-track3-sys005-utt130.wav,wav/vmc2026-track3-sys019-utt129.wav,4.079922632644207
sys010,utt206,wav/vmc2026-track3-sys010-utt206.wav,wav/vmc2026-track3-sys019-utt205.wav,4.361222799769269
sys001,utt298,wav/vmc2026-track3-sys001-utt298.wav,wav/vmc2026-track3-sys019-utt297.wav,4.327360049438865
sys005,utt110,wav/vmc2026-track3-sys005-utt110.wav,wav/vmc2026-track3-sys019-utt109.wav,3.6201388103211842
sys001,utt194,wav/vmc2026-track3-sys001-utt194.wav,wav/vmc2026-track3-sys019-utt193.wav,4.243693854383651
sys023,utt010,wav/vmc2026-track3-sys023-utt010.wav,wav/vmc2026-track3-sys019-utt009.wav,4.329070595883104
sys018,utt246,wav/vmc2026-track3-sys018-utt246.wav,wav/vmc2026-track3-sys019-utt245.wav,4.094975736705004
sys013,utt298,wav/vmc2026-track3-sys013-utt298.wav,wav/vmc2026-track3-sys019-utt297.wav,4.471024174289653
sys002,utt224,wav/vmc2026-track3-sys002-utt224.wav,wav/vmc2026-track3-sys019-utt223.wav,4.0351256198883485
sys016,utt270,wav/vmc2026-track3-sys016-utt270.wav,wav/vmc2026-track3-sys019-utt269.wav,4.08267171319745
sys016,utt026,wav/vmc2026-track3-sys016-utt026.wav,wav/vmc2026-track3-sys019-utt025.wav,3.3325959066210755
sys023,utt128,wav/vmc2026-track3-sys023-utt128.wav,wav/vmc2026-track3-sys019-utt127.wav,4.111866931278383
sys010,utt142,wav/vmc2026-track3-sys010-utt142.wav,wav/vmc2026-track3-sys019-utt141.wav,3.935628141706923
sys009,utt192,wav/vmc2026-track3-sys009-utt192.wav,wav/vmc2026-track3-sys019-utt191.wav,4.516697696350313
sys016,utt220,wav/vmc2026-track3-sys016-utt220.wav,wav/vmc2026-track3-sys019-utt219.wav,3.614888481267925
sys014,utt072,wav/vmc2026-track3-sys014-utt072.wav,wav/vmc2026-track3-sys019-utt071.wav,4.4938078917125965
sys014,utt312,wav/vmc2026-track3-sys014-utt312.wav,wav/vmc2026-track3-sys019-utt311.wav,4.468924277251058
sys013,utt014,wav/vmc2026-track3-sys013-utt014.wav,wav/vmc2026-track3-sys019-utt013.wav,4.4934011137685275
sys006,utt320,wav/vmc2026-track3-sys006-utt320.wav,wav/vmc2026-track3-sys019-utt319.wav,4.4677603482817165
sys011,utt078,wav/vmc2026-track3-sys011-utt078.wav,wav/vmc2026-track3-sys019-utt077.wav,4.625842462906976
sys017,utt236,wav/vmc2026-track3-sys017-utt236.wav,wav/vmc2026-track3-sys019-utt235.wav,4.146231892234652
sys011,utt152,wav/vmc2026-track3-sys011-utt152.wav,wav/vmc2026-track3-sys019-utt151.wav,4.470843501022271
sys016,utt140,wav/vmc2026-track3-sys016-utt140.wav,wav/vmc2026-track3-sys019-utt139.wav,3.458858584010499
sys017,utt178,wav/vmc2026-track3-sys017-utt178.wav,wav/vmc2026-track3-sys019-utt177.wav,4.10409434468639
sys017,utt224,wav/vmc2026-track3-sys017-utt224.wav,wav/vmc2026-track3-sys019-utt223.wav,3.7818786898039973
sys018,utt292,wav/vmc2026-track3-sys018-utt292.wav,wav/vmc2026-track3-sys019-utt291.wav,4.267150187357302
sys022,utt148,wav/vmc2026-track3-sys022-utt148.wav,wav/vmc2026-track3-sys019-utt147.wav,4.001414361995461
sys025,utt038,wav/vmc2026-track3-sys025-utt038.wav,wav/vmc2026-track3-sys019-utt037.wav,4.379051857441608
sys026,utt278,wav/vmc2026-track3-sys026-utt278.wav,wav/vmc2026-track3-sys019-utt277.wav,4.188711138715279
sys005,utt080,wav/vmc2026-track3-sys005-utt080.wav,wav/vmc2026-track3-sys019-utt079.wav,3.876453446283315
sys008,utt172,wav/vmc2026-track3-sys008-utt172.wav,wav/vmc2026-track3-sys019-utt171.wav,4.18781508952053
sys014,utt156,wav/vmc2026-track3-sys014-utt156.wav,wav/vmc2026-track3-sys019-utt155.wav,5.0
sys012,utt230,wav/vmc2026-track3-sys012-utt230.wav,wav/vmc2026-track3-sys019-utt229.wav,4.044765445357062
sys007,utt106,wav/vmc2026-track3-sys007-utt106.wav,wav/vmc2026-track3-sys019-utt105.wav,4.310234790649114
sys025,utt036,wav/vmc2026-track3-sys025-utt036.wav,wav/vmc2026-track3-sys019-utt035.wav,4.072891559065563
sys022,utt152,wav/vmc2026-track3-sys022-utt152.wav,wav/vmc2026-track3-sys019-utt151.wav,4.317902472725022
sys006,utt308,wav/vmc2026-track3-sys006-utt308.wav,wav/vmc2026-track3-sys019-utt307.wav,4.80369300018251
sys008,utt226,wav/vmc2026-track3-sys008-utt226.wav,wav/vmc2026-track3-sys019-utt225.wav,5.0
sys010,utt038,wav/vmc2026-track3-sys010-utt038.wav,wav/vmc2026-track3-sys019-utt037.wav,3.445711104900692
sys016,utt284,wav/vmc2026-track3-sys016-utt284.wav,wav/vmc2026-track3-sys019-utt283.wav,4.166199194624946
sys001,utt192,wav/vmc2026-track3-sys001-utt192.wav,wav/vmc2026-track3-sys019-utt191.wav,4.129058451542965
sys010,utt228,wav/vmc2026-track3-sys010-utt228.wav,wav/vmc2026-track3-sys019-utt227.wav,4.411301737108077
sys002,utt194,wav/vmc2026-track3-sys002-utt194.wav,wav/vmc2026-track3-sys019-utt193.wav,4.632976392632419
sys006,utt306,wav/vmc2026-track3-sys006-utt306.wav,wav/vmc2026-track3-sys019-utt305.wav,4.378998668893484
sys010,utt074,wav/vmc2026-track3-sys010-utt074.wav,wav/vmc2026-track3-sys019-utt073.wav,3.655906329621853
sys016,utt288,wav/vmc2026-track3-sys016-utt288.wav,wav/vmc2026-track3-sys019-utt287.wav,3.85888365677621
sys005,utt074,wav/vmc2026-track3-sys005-utt074.wav,wav/vmc2026-track3-sys019-utt073.wav,3.5510977236182066
sys007,utt038,wav/vmc2026-track3-sys007-utt038.wav,wav/vmc2026-track3-sys019-utt037.wav,3.7673755907143103
sys022,utt296,wav/vmc2026-track3-sys022-utt296.wav,wav/vmc2026-track3-sys019-utt295.wav,3.8325426993337834
sys017,utt202,wav/vmc2026-track3-sys017-utt202.wav,wav/vmc2026-track3-sys019-utt201.wav,4.232040393268377
sys001,utt286,wav/vmc2026-track3-sys001-utt286.wav,wav/vmc2026-track3-sys019-utt285.wav,4.193087317389723
sys009,utt268,wav/vmc2026-track3-sys009-utt268.wav,wav/vmc2026-track3-sys019-utt267.wav,4.1011808616657826
sys020,utt272,wav/vmc2026-track3-sys020-utt272.wav,wav/vmc2026-track3-sys019-utt271.wav,3.2875316887728565
sys013,utt030,wav/vmc2026-track3-sys013-utt030.wav,wav/vmc2026-track3-sys019-utt029.wav,4.321908830786675
sys012,utt012,wav/vmc2026-track3-sys012-utt012.wav,wav/vmc2026-track3-sys019-utt011.wav,4.086494741970236
sys013,utt234,wav/vmc2026-track3-sys013-utt234.wav,wav/vmc2026-track3-sys019-utt233.wav,3.648454441382783
sys011,utt076,wav/vmc2026-track3-sys011-utt076.wav,wav/vmc2026-track3-sys019-utt075.wav,4.2333612278703425
sys017,utt080,wav/vmc2026-track3-sys017-utt080.wav,wav/vmc2026-track3-sys019-utt079.wav,4.086513100754459
sys001,utt080,wav/vmc2026-track3-sys001-utt080.wav,wav/vmc2026-track3-sys019-utt079.wav,4.101733334884362
sys008,utt176,wav/vmc2026-track3-sys008-utt176.wav,wav/vmc2026-track3-sys019-utt175.wav,4.582402113768942
sys009,utt182,wav/vmc2026-track3-sys009-utt182.wav,wav/vmc2026-track3-sys019-utt181.wav,4.226916355059143
sys012,utt046,wav/vmc2026-track3-sys012-utt046.wav,wav/vmc2026-track3-sys019-utt045.wav,3.757016375369576
sys002,utt158,wav/vmc2026-track3-sys002-utt158.wav,wav/vmc2026-track3-sys019-utt157.wav,4.941783792230936
sys009,utt250,wav/vmc2026-track3-sys009-utt250.wav,wav/vmc2026-track3-sys019-utt249.wav,4.695223169514197
sys008,utt298,wav/vmc2026-track3-sys008-utt298.wav,wav/vmc2026-track3-sys019-utt297.wav,4.915832478369619
sys012,utt316,wav/vmc2026-track3-sys012-utt316.wav,wav/vmc2026-track3-sys019-utt315.wav,4.2191770890274185
sys023,utt142,wav/vmc2026-track3-sys023-utt142.wav,wav/vmc2026-track3-sys019-utt141.wav,4.1488163778518965
sys023,utt312,wav/vmc2026-track3-sys023-utt312.wav,wav/vmc2026-track3-sys019-utt311.wav,4.55994421541463
sys017,utt300,wav/vmc2026-track3-sys017-utt300.wav,wav/vmc2026-track3-sys019-utt299.wav,4.240936569340136
sys002,utt122,wav/vmc2026-track3-sys002-utt122.wav,wav/vmc2026-track3-sys019-utt121.wav,4.546198490424629
sys012,utt036,wav/vmc2026-track3-sys012-utt036.wav,wav/vmc2026-track3-sys019-utt035.wav,4.138254202091971
sys022,utt036,wav/vmc2026-track3-sys022-utt036.wav,wav/vmc2026-track3-sys019-utt035.wav,4.026751980086442
sys010,utt014,wav/vmc2026-track3-sys010-utt014.wav,wav/vmc2026-track3-sys019-utt013.wav,4.284137057204599
sys007,utt140,wav/vmc2026-track3-sys007-utt140.wav,wav/vmc2026-track3-sys019-utt139.wav,3.6186199973388855
sys001,utt304,wav/vmc2026-track3-sys001-utt304.wav,wav/vmc2026-track3-sys019-utt303.wav,3.8213173013848096
sys005,utt160,wav/vmc2026-track3-sys005-utt160.wav,wav/vmc2026-track3-sys019-utt159.wav,4.035926322982689
sys014,utt030,wav/vmc2026-track3-sys014-utt030.wav,wav/vmc2026-track3-sys019-utt029.wav,4.139489725897032
sys022,utt066,wav/vmc2026-track3-sys022-utt066.wav,wav/vmc2026-track3-sys019-utt065.wav,4.294731916871585
sys026,utt040,wav/vmc2026-track3-sys026-utt040.wav,wav/vmc2026-track3-sys019-utt039.wav,4.438295870502095
sys023,utt076,wav/vmc2026-track3-sys023-utt076.wav,wav/vmc2026-track3-sys019-utt075.wav,4.1800133335678975
sys024,utt046,wav/vmc2026-track3-sys024-utt046.wav,wav/vmc2026-track3-sys019-utt045.wav,3.7901628058796772
sys016,utt194,wav/vmc2026-track3-sys016-utt194.wav,wav/vmc2026-track3-sys019-utt193.wav,3.8323315711756187
sys011,utt212,wav/vmc2026-track3-sys011-utt212.wav,wav/vmc2026-track3-sys019-utt211.wav,4.234656822562577
sys009,utt030,wav/vmc2026-track3-sys009-utt030.wav,wav/vmc2026-track3-sys019-utt029.wav,4.445532573552171
sys002,utt088,wav/vmc2026-track3-sys002-utt088.wav,wav/vmc2026-track3-sys019-utt087.wav,4.134901783095253
sys013,utt006,wav/vmc2026-track3-sys013-utt006.wav,wav/vmc2026-track3-sys019-utt005.wav,4.275435361787444
sys013,utt034,wav/vmc2026-track3-sys013-utt034.wav,wav/vmc2026-track3-sys019-utt033.wav,3.6484861764700858
sys016,utt276,wav/vmc2026-track3-sys016-utt276.wav,wav/vmc2026-track3-sys019-utt275.wav,3.6671491806607017
sys001,utt018,wav/vmc2026-track3-sys001-utt018.wav,wav/vmc2026-track3-sys019-utt017.wav,4.412528591825598
sys005,utt184,wav/vmc2026-track3-sys005-utt184.wav,wav/vmc2026-track3-sys019-utt183.wav,4.065038384516941
sys013,utt036,wav/vmc2026-track3-sys013-utt036.wav,wav/vmc2026-track3-sys019-utt035.wav,3.9627241314939003
sys026,utt282,wav/vmc2026-track3-sys026-utt282.wav,wav/vmc2026-track3-sys019-utt281.wav,4.4984237178899775
sys018,utt300,wav/vmc2026-track3-sys018-utt300.wav,wav/vmc2026-track3-sys019-utt299.wav,4.625626196195664
sys005,utt294,wav/vmc2026-track3-sys005-utt294.wav,wav/vmc2026-track3-sys019-utt293.wav,4.175181417535334
sys012,utt078,wav/vmc2026-track3-sys012-utt078.wav,wav/vmc2026-track3-sys019-utt077.wav,4.105550566937851
sys001,utt294,wav/vmc2026-track3-sys001-utt294.wav,wav/vmc2026-track3-sys019-utt293.wav,4.448096315471651
sys018,utt184,wav/vmc2026-track3-sys018-utt184.wav,wav/vmc2026-track3-sys019-utt183.wav,3.6499469243812985
sys014,utt282,wav/vmc2026-track3-sys014-utt282.wav,wav/vmc2026-track3-sys019-utt281.wav,4.725476994984884
sys014,utt218,wav/vmc2026-track3-sys014-utt218.wav,wav/vmc2026-track3-sys019-utt217.wav,4.811056703464229
sys017,utt086,wav/vmc2026-track3-sys017-utt086.wav,wav/vmc2026-track3-sys019-utt085.wav,2.9909069272858346
sys014,utt132,wav/vmc2026-track3-sys014-utt132.wav,wav/vmc2026-track3-sys019-utt131.wav,4.322569901970113
sys011,utt002,wav/vmc2026-track3-sys011-utt002.wav,wav/vmc2026-track3-sys019-utt001.wav,4.562600541976111
sys012,utt010,wav/vmc2026-track3-sys012-utt010.wav,wav/vmc2026-track3-sys019-utt009.wav,4.409972005710019
sys010,utt120,wav/vmc2026-track3-sys010-utt120.wav,wav/vmc2026-track3-sys019-utt119.wav,3.8726139783035
sys013,utt278,wav/vmc2026-track3-sys013-utt278.wav,wav/vmc2026-track3-sys019-utt277.wav,4.202945483284396
sys022,utt194,wav/vmc2026-track3-sys022-utt194.wav,wav/vmc2026-track3-sys019-utt193.wav,4.122218349094453
sys025,utt310,wav/vmc2026-track3-sys025-utt310.wav,wav/vmc2026-track3-sys019-utt309.wav,3.8521732105848785
sys014,utt104,wav/vmc2026-track3-sys014-utt104.wav,wav/vmc2026-track3-sys019-utt103.wav,4.522635430224058
sys007,utt028,wav/vmc2026-track3-sys007-utt028.wav,wav/vmc2026-track3-sys019-utt027.wav,4.0996408389154055
sys011,utt150,wav/vmc2026-track3-sys011-utt150.wav,wav/vmc2026-track3-sys019-utt149.wav,4.263082736588961
sys010,utt192,wav/vmc2026-track3-sys010-utt192.wav,wav/vmc2026-track3-sys019-utt191.wav,3.971402363377302
sys006,utt084,wav/vmc2026-track3-sys006-utt084.wav,wav/vmc2026-track3-sys019-utt083.wav,4.5397203068703895
sys017,utt130,wav/vmc2026-track3-sys017-utt130.wav,wav/vmc2026-track3-sys019-utt129.wav,4.6477807002903635
sys009,utt106,wav/vmc2026-track3-sys009-utt106.wav,wav/vmc2026-track3-sys019-utt105.wav,4.624126061574138
sys010,utt128,wav/vmc2026-track3-sys010-utt128.wav,wav/vmc2026-track3-sys019-utt127.wav,4.411370574419294
sys007,utt026,wav/vmc2026-track3-sys007-utt026.wav,wav/vmc2026-track3-sys019-utt025.wav,4.190859522880722
sys005,utt046,wav/vmc2026-track3-sys005-utt046.wav,wav/vmc2026-track3-sys019-utt045.wav,3.558361558848303
sys002,utt126,wav/vmc2026-track3-sys002-utt126.wav,wav/vmc2026-track3-sys019-utt125.wav,4.065433724164521
sys026,utt042,wav/vmc2026-track3-sys026-utt042.wav,wav/vmc2026-track3-sys019-utt041.wav,4.470571862144425
sys009,utt292,wav/vmc2026-track3-sys009-utt292.wav,wav/vmc2026-track3-sys019-utt291.wav,4.690054272554275
sys020,utt212,wav/vmc2026-track3-sys020-utt212.wav,wav/vmc2026-track3-sys019-utt211.wav,3.2221271539575502
sys009,utt034,wav/vmc2026-track3-sys009-utt034.wav,wav/vmc2026-track3-sys019-utt033.wav,4.102627434965534
sys008,utt068,wav/vmc2026-track3-sys008-utt068.wav,wav/vmc2026-track3-sys019-utt067.wav,4.607838179129158
sys008,utt112,wav/vmc2026-track3-sys008-utt112.wav,wav/vmc2026-track3-sys019-utt111.wav,4.048121940135776
sys008,utt062,wav/vmc2026-track3-sys008-utt062.wav,wav/vmc2026-track3-sys019-utt061.wav,4.046514477464278
sys005,utt244,wav/vmc2026-track3-sys005-utt244.wav,wav/vmc2026-track3-sys019-utt243.wav,3.8612298451768634
sys013,utt044,wav/vmc2026-track3-sys013-utt044.wav,wav/vmc2026-track3-sys019-utt043.wav,4.02352690136089
sys007,utt286,wav/vmc2026-track3-sys007-utt286.wav,wav/vmc2026-track3-sys019-utt285.wav,4.048477973997165
sys005,utt276,wav/vmc2026-track3-sys005-utt276.wav,wav/vmc2026-track3-sys019-utt275.wav,3.4745444756826998
sys006,utt276,wav/vmc2026-track3-sys006-utt276.wav,wav/vmc2026-track3-sys019-utt275.wav,4.720669908987121
sys018,utt316,wav/vmc2026-track3-sys018-utt316.wav,wav/vmc2026-track3-sys019-utt315.wav,3.414084288466823
sys009,utt108,wav/vmc2026-track3-sys009-utt108.wav,wav/vmc2026-track3-sys019-utt107.wav,4.3555456499748555
sys009,utt218,wav/vmc2026-track3-sys009-utt218.wav,wav/vmc2026-track3-sys019-utt217.wav,4.535202879548195
sys018,utt232,wav/vmc2026-track3-sys018-utt232.wav,wav/vmc2026-track3-sys019-utt231.wav,3.4309419640703283
sys018,utt282,wav/vmc2026-track3-sys018-utt282.wav,wav/vmc2026-track3-sys019-utt281.wav,4.272851933808783
sys025,utt152,wav/vmc2026-track3-sys025-utt152.wav,wav/vmc2026-track3-sys019-utt151.wav,4.309315712208648
sys006,utt010,wav/vmc2026-track3-sys006-utt010.wav,wav/vmc2026-track3-sys019-utt009.wav,4.585431732840728
sys024,utt016,wav/vmc2026-track3-sys024-utt016.wav,wav/vmc2026-track3-sys019-utt015.wav,4.062432603461144
sys009,utt064,wav/vmc2026-track3-sys009-utt064.wav,wav/vmc2026-track3-sys019-utt063.wav,4.515037945455606
sys020,utt020,wav/vmc2026-track3-sys020-utt020.wav,wav/vmc2026-track3-sys019-utt019.wav,3.8361081588528085
sys025,utt284,wav/vmc2026-track3-sys025-utt284.wav,wav/vmc2026-track3-sys019-utt283.wav,4.06051948842761
sys016,utt238,wav/vmc2026-track3-sys016-utt238.wav,wav/vmc2026-track3-sys019-utt237.wav,3.891305295065244
sys023,utt200,wav/vmc2026-track3-sys023-utt200.wav,wav/vmc2026-track3-sys019-utt199.wav,4.577376318759533
sys024,utt116,wav/vmc2026-track3-sys024-utt116.wav,wav/vmc2026-track3-sys019-utt115.wav,3.7611113188199523
sys025,utt272,wav/vmc2026-track3-sys025-utt272.wav,wav/vmc2026-track3-sys019-utt271.wav,3.87249645683207
sys001,utt242,wav/vmc2026-track3-sys001-utt242.wav,wav/vmc2026-track3-sys019-utt241.wav,4.578859129421825
sys020,utt220,wav/vmc2026-track3-sys020-utt220.wav,wav/vmc2026-track3-sys019-utt219.wav,3.420908914169347
sys011,utt138,wav/vmc2026-track3-sys011-utt138.wav,wav/vmc2026-track3-sys019-utt137.wav,4.267805790328418
sys018,utt276,wav/vmc2026-track3-sys018-utt276.wav,wav/vmc2026-track3-sys019-utt275.wav,3.8809592906887183
sys014,utt234,wav/vmc2026-track3-sys014-utt234.wav,wav/vmc2026-track3-sys019-utt233.wav,4.3056790878020035
sys018,utt158,wav/vmc2026-track3-sys018-utt158.wav,wav/vmc2026-track3-sys019-utt157.wav,4.516344634462001
sys012,utt204,wav/vmc2026-track3-sys012-utt204.wav,wav/vmc2026-track3-sys019-utt203.wav,4.012856416416766
sys014,utt264,wav/vmc2026-track3-sys014-utt264.wav,wav/vmc2026-track3-sys019-utt263.wav,4.459505605969371
sys007,utt124,wav/vmc2026-track3-sys007-utt124.wav,wav/vmc2026-track3-sys019-utt123.wav,3.9235172017057884
sys007,utt160,wav/vmc2026-track3-sys007-utt160.wav,wav/vmc2026-track3-sys019-utt159.wav,4.579804354505279
sys024,utt152,wav/vmc2026-track3-sys024-utt152.wav,wav/vmc2026-track3-sys019-utt151.wav,4.111557570520248
sys025,utt064,wav/vmc2026-track3-sys025-utt064.wav,wav/vmc2026-track3-sys019-utt063.wav,4.517885417542996
sys024,utt080,wav/vmc2026-track3-sys024-utt080.wav,wav/vmc2026-track3-sys019-utt079.wav,4.164409065877269
sys018,utt208,wav/vmc2026-track3-sys018-utt208.wav,wav/vmc2026-track3-sys019-utt207.wav,3.898274180126956
sys026,utt250,wav/vmc2026-track3-sys026-utt250.wav,wav/vmc2026-track3-sys019-utt249.wav,4.165674540431787
sys014,utt022,wav/vmc2026-track3-sys014-utt022.wav,wav/vmc2026-track3-sys019-utt021.wav,4.430182225253521
sys001,utt122,wav/vmc2026-track3-sys001-utt122.wav,wav/vmc2026-track3-sys019-utt121.wav,3.975538439647252
sys012,utt112,wav/vmc2026-track3-sys012-utt112.wav,wav/vmc2026-track3-sys019-utt111.wav,4.090987922716984
sys013,utt246,wav/vmc2026-track3-sys013-utt246.wav,wav/vmc2026-track3-sys019-utt245.wav,4.494006460039009
sys016,utt198,wav/vmc2026-track3-sys016-utt198.wav,wav/vmc2026-track3-sys019-utt197.wav,4.051072730967033
sys006,utt316,wav/vmc2026-track3-sys006-utt316.wav,wav/vmc2026-track3-sys019-utt315.wav,4.273428347777993
sys017,utt302,wav/vmc2026-track3-sys017-utt302.wav,wav/vmc2026-track3-sys019-utt301.wav,4.5147720511249005
sys007,utt016,wav/vmc2026-track3-sys007-utt016.wav,wav/vmc2026-track3-sys019-utt015.wav,4.71604353244847
sys001,utt158,wav/vmc2026-track3-sys001-utt158.wav,wav/vmc2026-track3-sys019-utt157.wav,4.355114876407698
sys024,utt070,wav/vmc2026-track3-sys024-utt070.wav,wav/vmc2026-track3-sys019-utt069.wav,4.081240763835249
sys002,utt238,wav/vmc2026-track3-sys002-utt238.wav,wav/vmc2026-track3-sys019-utt237.wav,4.680762978402395
sys005,utt304,wav/vmc2026-track3-sys005-utt304.wav,wav/vmc2026-track3-sys019-utt303.wav,3.7607107620181073
sys023,utt090,wav/vmc2026-track3-sys023-utt090.wav,wav/vmc2026-track3-sys019-utt089.wav,4.148785856479575
sys007,utt048,wav/vmc2026-track3-sys007-utt048.wav,wav/vmc2026-track3-sys019-utt047.wav,3.872033310631674
sys022,utt294,wav/vmc2026-track3-sys022-utt294.wav,wav/vmc2026-track3-sys019-utt293.wav,4.35438994869854
sys026,utt230,wav/vmc2026-track3-sys026-utt230.wav,wav/vmc2026-track3-sys019-utt229.wav,4.607478250275539
sys024,utt248,wav/vmc2026-track3-sys024-utt248.wav,wav/vmc2026-track3-sys019-utt247.wav,4.5732423715596635
sys006,utt218,wav/vmc2026-track3-sys006-utt218.wav,wav/vmc2026-track3-sys019-utt217.wav,4.757306346094143
sys006,utt234,wav/vmc2026-track3-sys006-utt234.wav,wav/vmc2026-track3-sys019-utt233.wav,4.423300289239804
sys011,utt146,wav/vmc2026-track3-sys011-utt146.wav,wav/vmc2026-track3-sys019-utt145.wav,4.286179500704293
sys016,utt084,wav/vmc2026-track3-sys016-utt084.wav,wav/vmc2026-track3-sys019-utt083.wav,3.71233946341222
sys014,utt318,wav/vmc2026-track3-sys014-utt318.wav,wav/vmc2026-track3-sys019-utt317.wav,4.664643858582068
sys018,utt142,wav/vmc2026-track3-sys018-utt142.wav,wav/vmc2026-track3-sys019-utt141.wav,3.8488807189736436
sys014,utt298,wav/vmc2026-track3-sys014-utt298.wav,wav/vmc2026-track3-sys019-utt297.wav,4.862596566130953
sys017,utt176,wav/vmc2026-track3-sys017-utt176.wav,wav/vmc2026-track3-sys019-utt175.wav,3.9089249466232485
sys002,utt264,wav/vmc2026-track3-sys002-utt264.wav,wav/vmc2026-track3-sys019-utt263.wav,4.274715293546538
sys026,utt106,wav/vmc2026-track3-sys026-utt106.wav,wav/vmc2026-track3-sys019-utt105.wav,4.536387168026716
sys018,utt236,wav/vmc2026-track3-sys018-utt236.wav,wav/vmc2026-track3-sys019-utt235.wav,4.397319385818621
sys013,utt204,wav/vmc2026-track3-sys013-utt204.wav,wav/vmc2026-track3-sys019-utt203.wav,4.370651410731686
sys016,utt318,wav/vmc2026-track3-sys016-utt318.wav,wav/vmc2026-track3-sys019-utt317.wav,4.601028834984167
sys008,utt042,wav/vmc2026-track3-sys008-utt042.wav,wav/vmc2026-track3-sys019-utt041.wav,4.747264463798259
sys008,utt282,wav/vmc2026-track3-sys008-utt282.wav,wav/vmc2026-track3-sys019-utt281.wav,4.968118195097482
sys012,utt108,wav/vmc2026-track3-sys012-utt108.wav,wav/vmc2026-track3-sys019-utt107.wav,3.8966510863321915
sys001,utt314,wav/vmc2026-track3-sys001-utt314.wav,wav/vmc2026-track3-sys019-utt313.wav,4.128182478472537
sys018,utt050,wav/vmc2026-track3-sys018-utt050.wav,wav/vmc2026-track3-sys019-utt049.wav,4.071270307331468
sys017,utt146,wav/vmc2026-track3-sys017-utt146.wav,wav/vmc2026-track3-sys019-utt145.wav,4.348869067147103
sys012,utt120,wav/vmc2026-track3-sys012-utt120.wav,wav/vmc2026-track3-sys019-utt119.wav,4.06064711127786
sys008,utt124,wav/vmc2026-track3-sys008-utt124.wav,wav/vmc2026-track3-sys019-utt123.wav,4.5255289395934755
sys007,utt182,wav/vmc2026-track3-sys007-utt182.wav,wav/vmc2026-track3-sys019-utt181.wav,3.73048952824654
sys008,utt046,wav/vmc2026-track3-sys008-utt046.wav,wav/vmc2026-track3-sys019-utt045.wav,4.6207685530615255
sys001,utt142,wav/vmc2026-track3-sys001-utt142.wav,wav/vmc2026-track3-sys019-utt141.wav,4.153276062132045
sys026,utt016,wav/vmc2026-track3-sys026-utt016.wav,wav/vmc2026-track3-sys019-utt015.wav,4.019216348177854
sys014,utt270,wav/vmc2026-track3-sys014-utt270.wav,wav/vmc2026-track3-sys019-utt269.wav,4.379043486636067
sys016,utt200,wav/vmc2026-track3-sys016-utt200.wav,wav/vmc2026-track3-sys019-utt199.wav,4.565041023026049
sys012,utt300,wav/vmc2026-track3-sys012-utt300.wav,wav/vmc2026-track3-sys019-utt299.wav,4.246491233426265
sys022,utt040,wav/vmc2026-track3-sys022-utt040.wav,wav/vmc2026-track3-sys019-utt039.wav,4.1577266049589845
sys026,utt036,wav/vmc2026-track3-sys026-utt036.wav,wav/vmc2026-track3-sys019-utt035.wav,4.358360630642297
sys010,utt024,wav/vmc2026-track3-sys010-utt024.wav,wav/vmc2026-track3-sys019-utt023.wav,3.3807528985334208
sys012,utt040,wav/vmc2026-track3-sys012-utt040.wav,wav/vmc2026-track3-sys019-utt039.wav,4.257073429580667
sys009,utt006,wav/vmc2026-track3-sys009-utt006.wav,wav/vmc2026-track3-sys019-utt005.wav,4.1874339017263456
sys005,utt114,wav/vmc2026-track3-sys005-utt114.wav,wav/vmc2026-track3-sys019-utt113.wav,3.1297964264773896
sys020,utt142,wav/vmc2026-track3-sys020-utt142.wav,wav/vmc2026-track3-sys019-utt141.wav,3.302094154043152
sys025,utt120,wav/vmc2026-track3-sys025-utt120.wav,wav/vmc2026-track3-sys019-utt119.wav,3.9203782580979483
sys016,utt110,wav/vmc2026-track3-sys016-utt110.wav,wav/vmc2026-track3-sys019-utt109.wav,4.207573623618005
sys009,utt138,wav/vmc2026-track3-sys009-utt138.wav,wav/vmc2026-track3-sys019-utt137.wav,3.994631619609712
sys002,utt250,wav/vmc2026-track3-sys002-utt250.wav,wav/vmc2026-track3-sys019-utt249.wav,4.356902605432365
sys020,utt136,wav/vmc2026-track3-sys020-utt136.wav,wav/vmc2026-track3-sys019-utt135.wav,3.0023127363121813
sys002,utt202,wav/vmc2026-track3-sys002-utt202.wav,wav/vmc2026-track3-sys019-utt201.wav,4.511535048885166
sys008,utt120,wav/vmc2026-track3-sys008-utt120.wav,wav/vmc2026-track3-sys019-utt119.wav,4.7226045754621975
sys024,utt174,wav/vmc2026-track3-sys024-utt174.wav,wav/vmc2026-track3-sys019-utt173.wav,3.625697687676653
sys002,utt006,wav/vmc2026-track3-sys002-utt006.wav,wav/vmc2026-track3-sys019-utt005.wav,3.74880345167793
sys002,utt008,wav/vmc2026-track3-sys002-utt008.wav,wav/vmc2026-track3-sys019-utt007.wav,4.276712982781694
sys012,utt294,wav/vmc2026-track3-sys012-utt294.wav,wav/vmc2026-track3-sys019-utt293.wav,4.048569684072116
sys001,utt106,wav/vmc2026-track3-sys001-utt106.wav,wav/vmc2026-track3-sys019-utt105.wav,4.066009453144479
sys020,utt010,wav/vmc2026-track3-sys020-utt010.wav,wav/vmc2026-track3-sys019-utt009.wav,3.706689853174669
sys018,utt284,wav/vmc2026-track3-sys018-utt284.wav,wav/vmc2026-track3-sys019-utt283.wav,3.563266349646637
sys018,utt196,wav/vmc2026-track3-sys018-utt196.wav,wav/vmc2026-track3-sys019-utt195.wav,3.8848736367704433
sys018,utt048,wav/vmc2026-track3-sys018-utt048.wav,wav/vmc2026-track3-sys019-utt047.wav,3.85116226202199
sys024,utt140,wav/vmc2026-track3-sys024-utt140.wav,wav/vmc2026-track3-sys019-utt139.wav,3.490086311972072
sys001,utt250,wav/vmc2026-track3-sys001-utt250.wav,wav/vmc2026-track3-sys019-utt249.wav,4.709140900628239
sys013,utt084,wav/vmc2026-track3-sys013-utt084.wav,wav/vmc2026-track3-sys019-utt083.wav,4.464426903223127
sys020,utt118,wav/vmc2026-track3-sys020-utt118.wav,wav/vmc2026-track3-sys019-utt117.wav,3.6741291307120925
sys005,utt050,wav/vmc2026-track3-sys005-utt050.wav,wav/vmc2026-track3-sys019-utt049.wav,3.6856517039439485
sys025,utt028,wav/vmc2026-track3-sys025-utt028.wav,wav/vmc2026-track3-sys019-utt027.wav,4.219832060971642
sys022,utt310,wav/vmc2026-track3-sys022-utt310.wav,wav/vmc2026-track3-sys019-utt309.wav,4.2992016400944815
sys025,utt090,wav/vmc2026-track3-sys025-utt090.wav,wav/vmc2026-track3-sys019-utt089.wav,4.290914289702102
sys023,utt024,wav/vmc2026-track3-sys023-utt024.wav,wav/vmc2026-track3-sys019-utt023.wav,4.376505974266345
sys009,utt272,wav/vmc2026-track3-sys009-utt272.wav,wav/vmc2026-track3-sys019-utt271.wav,4.6717508998251045
sys005,utt024,wav/vmc2026-track3-sys005-utt024.wav,wav/vmc2026-track3-sys019-utt023.wav,4.053475206177201
sys023,utt146,wav/vmc2026-track3-sys023-utt146.wav,wav/vmc2026-track3-sys019-utt145.wav,3.8286077104267937
sys016,utt316,wav/vmc2026-track3-sys016-utt316.wav,wav/vmc2026-track3-sys019-utt315.wav,3.7243967361756525
sys025,utt106,wav/vmc2026-track3-sys025-utt106.wav,wav/vmc2026-track3-sys019-utt105.wav,4.171730306241163
sys026,utt154,wav/vmc2026-track3-sys026-utt154.wav,wav/vmc2026-track3-sys019-utt153.wav,4.172989003679885
sys007,utt208,wav/vmc2026-track3-sys007-utt208.wav,wav/vmc2026-track3-sys019-utt207.wav,4.097121721453839
sys022,utt280,wav/vmc2026-track3-sys022-utt280.wav,wav/vmc2026-track3-sys019-utt279.wav,3.912897142158101
sys020,utt200,wav/vmc2026-track3-sys020-utt200.wav,wav/vmc2026-track3-sys019-utt199.wav,3.7336297788065345
sys026,utt226,wav/vmc2026-track3-sys026-utt226.wav,wav/vmc2026-track3-sys019-utt225.wav,4.330105862316467
sys020,utt234,wav/vmc2026-track3-sys020-utt234.wav,wav/vmc2026-track3-sys019-utt233.wav,3.6423033567788443
sys022,utt126,wav/vmc2026-track3-sys022-utt126.wav,wav/vmc2026-track3-sys019-utt125.wav,4.083387172470351
sys009,utt112,wav/vmc2026-track3-sys009-utt112.wav,wav/vmc2026-track3-sys019-utt111.wav,3.943859914676781
sys006,utt126,wav/vmc2026-track3-sys006-utt126.wav,wav/vmc2026-track3-sys019-utt125.wav,4.836223731279954
sys012,utt156,wav/vmc2026-track3-sys012-utt156.wav,wav/vmc2026-track3-sys019-utt155.wav,3.986327031168091
sys018,utt174,wav/vmc2026-track3-sys018-utt174.wav,wav/vmc2026-track3-sys019-utt173.wav,3.5851781270938594
sys009,utt126,wav/vmc2026-track3-sys009-utt126.wav,wav/vmc2026-track3-sys019-utt125.wav,4.471093091513445
sys012,utt214,wav/vmc2026-track3-sys012-utt214.wav,wav/vmc2026-track3-sys019-utt213.wav,3.837994612209312
sys018,utt068,wav/vmc2026-track3-sys018-utt068.wav,wav/vmc2026-track3-sys019-utt067.wav,3.9349351857721797
sys007,utt114,wav/vmc2026-track3-sys007-utt114.wav,wav/vmc2026-track3-sys019-utt113.wav,3.6817810370386432
sys011,utt194,wav/vmc2026-track3-sys011-utt194.wav,wav/vmc2026-track3-sys019-utt193.wav,4.2375338846608805
sys009,utt242,wav/vmc2026-track3-sys009-utt242.wav,wav/vmc2026-track3-sys019-utt241.wav,4.295916437737636
sys006,utt018,wav/vmc2026-track3-sys006-utt018.wav,wav/vmc2026-track3-sys019-utt017.wav,4.753548438604486
sys011,utt048,wav/vmc2026-track3-sys011-utt048.wav,wav/vmc2026-track3-sys019-utt047.wav,4.439397513879876
sys012,utt206,wav/vmc2026-track3-sys012-utt206.wav,wav/vmc2026-track3-sys019-utt205.wav,4.114113571068517
sys016,utt156,wav/vmc2026-track3-sys016-utt156.wav,wav/vmc2026-track3-sys019-utt155.wav,4.210168220671799
sys018,utt228,wav/vmc2026-track3-sys018-utt228.wav,wav/vmc2026-track3-sys019-utt227.wav,3.9029189621631577
sys002,utt292,wav/vmc2026-track3-sys002-utt292.wav,wav/vmc2026-track3-sys019-utt291.wav,4.548013879067553
sys024,utt084,wav/vmc2026-track3-sys024-utt084.wav,wav/vmc2026-track3-sys019-utt083.wav,3.6625759564411133
sys002,utt272,wav/vmc2026-track3-sys002-utt272.wav,wav/vmc2026-track3-sys019-utt271.wav,4.781632392586777
sys001,utt112,wav/vmc2026-track3-sys001-utt112.wav,wav/vmc2026-track3-sys019-utt111.wav,3.978661716180161
sys023,utt008,wav/vmc2026-track3-sys023-utt008.wav,wav/vmc2026-track3-sys019-utt007.wav,4.454508288357677
sys023,utt264,wav/vmc2026-track3-sys023-utt264.wav,wav/vmc2026-track3-sys019-utt263.wav,3.8191869295692955
sys006,utt082,wav/vmc2026-track3-sys006-utt082.wav,wav/vmc2026-track3-sys019-utt081.wav,4.152071750809769
sys017,utt298,wav/vmc2026-track3-sys017-utt298.wav,wav/vmc2026-track3-sys019-utt297.wav,3.7695240915825723
sys005,utt126,wav/vmc2026-track3-sys005-utt126.wav,wav/vmc2026-track3-sys019-utt125.wav,3.5485969692645436
sys016,utt012,wav/vmc2026-track3-sys016-utt012.wav,wav/vmc2026-track3-sys019-utt011.wav,4.189508994294751
sys024,utt044,wav/vmc2026-track3-sys024-utt044.wav,wav/vmc2026-track3-sys019-utt043.wav,3.882780953637683
sys014,utt038,wav/vmc2026-track3-sys014-utt038.wav,wav/vmc2026-track3-sys019-utt037.wav,4.498838700725861
sys010,utt102,wav/vmc2026-track3-sys010-utt102.wav,wav/vmc2026-track3-sys019-utt101.wav,4.202468516539982
sys010,utt048,wav/vmc2026-track3-sys010-utt048.wav,wav/vmc2026-track3-sys019-utt047.wav,4.548667898861882
sys012,utt074,wav/vmc2026-track3-sys012-utt074.wav,wav/vmc2026-track3-sys019-utt073.wav,3.8688061600259482
sys011,utt086,wav/vmc2026-track3-sys011-utt086.wav,wav/vmc2026-track3-sys019-utt085.wav,4.3072819037498
sys024,utt288,wav/vmc2026-track3-sys024-utt288.wav,wav/vmc2026-track3-sys019-utt287.wav,3.6896782065984643
sys010,utt296,wav/vmc2026-track3-sys010-utt296.wav,wav/vmc2026-track3-sys019-utt295.wav,4.559389091311038
sys009,utt086,wav/vmc2026-track3-sys009-utt086.wav,wav/vmc2026-track3-sys019-utt085.wav,3.607466535089935
sys026,utt290,wav/vmc2026-track3-sys026-utt290.wav,wav/vmc2026-track3-sys019-utt289.wav,4.057393998906335
sys011,utt286,wav/vmc2026-track3-sys011-utt286.wav,wav/vmc2026-track3-sys019-utt285.wav,4.367224305478446
sys013,utt102,wav/vmc2026-track3-sys013-utt102.wav,wav/vmc2026-track3-sys019-utt101.wav,4.2672178957785265
sys017,utt304,wav/vmc2026-track3-sys017-utt304.wav,wav/vmc2026-track3-sys019-utt303.wav,3.967006388736388
sys001,utt224,wav/vmc2026-track3-sys001-utt224.wav,wav/vmc2026-track3-sys019-utt223.wav,4.558592097400357
sys006,utt268,wav/vmc2026-track3-sys006-utt268.wav,wav/vmc2026-track3-sys019-utt267.wav,4.459983429666448
sys026,utt068,wav/vmc2026-track3-sys026-utt068.wav,wav/vmc2026-track3-sys019-utt067.wav,4.122181126093928
sys008,utt010,wav/vmc2026-track3-sys008-utt010.wav,wav/vmc2026-track3-sys019-utt009.wav,4.657564021988193
sys024,utt158,wav/vmc2026-track3-sys024-utt158.wav,wav/vmc2026-track3-sys019-utt157.wav,4.165214708183088
sys012,utt196,wav/vmc2026-track3-sys012-utt196.wav,wav/vmc2026-track3-sys019-utt195.wav,4.025780163648863
sys017,utt088,wav/vmc2026-track3-sys017-utt088.wav,wav/vmc2026-track3-sys019-utt087.wav,4.079691489076761
sys024,utt230,wav/vmc2026-track3-sys024-utt230.wav,wav/vmc2026-track3-sys019-utt229.wav,4.838254733911767
sys026,utt144,wav/vmc2026-track3-sys026-utt144.wav,wav/vmc2026-track3-sys019-utt143.wav,3.463739458107961
sys018,utt138,wav/vmc2026-track3-sys018-utt138.wav,wav/vmc2026-track3-sys019-utt137.wav,3.4064340541360023
sys024,utt300,wav/vmc2026-track3-sys024-utt300.wav,wav/vmc2026-track3-sys019-utt299.wav,4.374667214665116
sys007,utt234,wav/vmc2026-track3-sys007-utt234.wav,wav/vmc2026-track3-sys019-utt233.wav,3.9984312374741853
sys024,utt038,wav/vmc2026-track3-sys024-utt038.wav,wav/vmc2026-track3-sys019-utt037.wav,3.760235116827913
sys011,utt186,wav/vmc2026-track3-sys011-utt186.wav,wav/vmc2026-track3-sys019-utt185.wav,4.268592096113211
sys008,utt074,wav/vmc2026-track3-sys008-utt074.wav,wav/vmc2026-track3-sys019-utt073.wav,4.830330898733994
sys012,utt152,wav/vmc2026-track3-sys012-utt152.wav,wav/vmc2026-track3-sys019-utt151.wav,4.077945901803098
sys022,utt150,wav/vmc2026-track3-sys022-utt150.wav,wav/vmc2026-track3-sys019-utt149.wav,3.628585770477622
sys006,utt110,wav/vmc2026-track3-sys006-utt110.wav,wav/vmc2026-track3-sys019-utt109.wav,4.696430025205161
sys020,utt032,wav/vmc2026-track3-sys020-utt032.wav,wav/vmc2026-track3-sys019-utt031.wav,3.2563889442302063
sys024,utt172,wav/vmc2026-track3-sys024-utt172.wav,wav/vmc2026-track3-sys019-utt171.wav,3.38521627608208
sys023,utt194,wav/vmc2026-track3-sys023-utt194.wav,wav/vmc2026-track3-sys019-utt193.wav,4.309606670862111
sys022,utt120,wav/vmc2026-track3-sys022-utt120.wav,wav/vmc2026-track3-sys019-utt119.wav,3.115275082683174
sys011,utt196,wav/vmc2026-track3-sys011-utt196.wav,wav/vmc2026-track3-sys019-utt195.wav,4.207572016581715
sys011,utt288,wav/vmc2026-track3-sys011-utt288.wav,wav/vmc2026-track3-sys019-utt287.wav,4.298615762830314
sys013,utt302,wav/vmc2026-track3-sys013-utt302.wav,wav/vmc2026-track3-sys019-utt301.wav,4.031161538336235
sys016,utt182,wav/vmc2026-track3-sys016-utt182.wav,wav/vmc2026-track3-sys019-utt181.wav,3.7420472066382304
sys018,utt014,wav/vmc2026-track3-sys018-utt014.wav,wav/vmc2026-track3-sys019-utt013.wav,3.7131687206093367
sys016,utt020,wav/vmc2026-track3-sys016-utt020.wav,wav/vmc2026-track3-sys019-utt019.wav,3.716109646222261
sys013,utt042,wav/vmc2026-track3-sys013-utt042.wav,wav/vmc2026-track3-sys019-utt041.wav,4.157284325213244
sys017,utt120,wav/vmc2026-track3-sys017-utt120.wav,wav/vmc2026-track3-sys019-utt119.wav,4.054198475167613
sys013,utt274,wav/vmc2026-track3-sys013-utt274.wav,wav/vmc2026-track3-sys019-utt273.wav,4.418892629691929
sys007,utt090,wav/vmc2026-track3-sys007-utt090.wav,wav/vmc2026-track3-sys019-utt089.wav,3.787641053713655
sys023,utt192,wav/vmc2026-track3-sys023-utt192.wav,wav/vmc2026-track3-sys019-utt191.wav,4.438508472622503
sys012,utt064,wav/vmc2026-track3-sys012-utt064.wav,wav/vmc2026-track3-sys019-utt063.wav,4.147418635530491
sys007,utt070,wav/vmc2026-track3-sys007-utt070.wav,wav/vmc2026-track3-sys019-utt069.wav,3.83292495688981
sys023,utt180,wav/vmc2026-track3-sys023-utt180.wav,wav/vmc2026-track3-sys019-utt179.wav,4.22921620286344
sys013,utt104,wav/vmc2026-track3-sys013-utt104.wav,wav/vmc2026-track3-sys019-utt103.wav,4.479021540913069
sys002,utt284,wav/vmc2026-track3-sys002-utt284.wav,wav/vmc2026-track3-sys019-utt283.wav,4.613750325168554
sys006,utt130,wav/vmc2026-track3-sys006-utt130.wav,wav/vmc2026-track3-sys019-utt129.wav,4.77667158510611
sys001,utt144,wav/vmc2026-track3-sys001-utt144.wav,wav/vmc2026-track3-sys019-utt143.wav,3.71859402508062
sys007,utt304,wav/vmc2026-track3-sys007-utt304.wav,wav/vmc2026-track3-sys019-utt303.wav,3.540956731878501
sys013,utt186,wav/vmc2026-track3-sys013-utt186.wav,wav/vmc2026-track3-sys019-utt185.wav,4.211323821237776
sys023,utt072,wav/vmc2026-track3-sys023-utt072.wav,wav/vmc2026-track3-sys019-utt071.wav,3.678934148442756
sys025,utt076,wav/vmc2026-track3-sys025-utt076.wav,wav/vmc2026-track3-sys019-utt075.wav,4.283829813939743
sys011,utt158,wav/vmc2026-track3-sys011-utt158.wav,wav/vmc2026-track3-sys019-utt157.wav,4.564502718296712
sys014,utt128,wav/vmc2026-track3-sys014-utt128.wav,wav/vmc2026-track3-sys019-utt127.wav,4.664463940938004
sys005,utt028,wav/vmc2026-track3-sys005-utt028.wav,wav/vmc2026-track3-sys019-utt027.wav,4.070953379608248
sys017,utt078,wav/vmc2026-track3-sys017-utt078.wav,wav/vmc2026-track3-sys019-utt077.wav,4.451952383500826
sys010,utt208,wav/vmc2026-track3-sys010-utt208.wav,wav/vmc2026-track3-sys019-utt207.wav,3.802001031831505
sys022,utt034,wav/vmc2026-track3-sys022-utt034.wav,wav/vmc2026-track3-sys019-utt033.wav,4.628197700798631
sys011,utt210,wav/vmc2026-track3-sys011-utt210.wav,wav/vmc2026-track3-sys019-utt209.wav,4.235372394970578
sys002,utt276,wav/vmc2026-track3-sys002-utt276.wav,wav/vmc2026-track3-sys019-utt275.wav,4.081543507104125
sys010,utt234,wav/vmc2026-track3-sys010-utt234.wav,wav/vmc2026-track3-sys019-utt233.wav,4.1117483457283175
sys026,utt044,wav/vmc2026-track3-sys026-utt044.wav,wav/vmc2026-track3-sys019-utt043.wav,4.098709071062547
sys006,utt294,wav/vmc2026-track3-sys006-utt294.wav,wav/vmc2026-track3-sys019-utt293.wav,5.0
sys022,utt246,wav/vmc2026-track3-sys022-utt246.wav,wav/vmc2026-track3-sys019-utt245.wav,4.4363804423235065
sys017,utt024,wav/vmc2026-track3-sys017-utt024.wav,wav/vmc2026-track3-sys019-utt023.wav,3.844036331872351
sys025,utt144,wav/vmc2026-track3-sys025-utt144.wav,wav/vmc2026-track3-sys019-utt143.wav,3.517915199985491
sys010,utt288,wav/vmc2026-track3-sys010-utt288.wav,wav/vmc2026-track3-sys019-utt287.wav,3.7525430375421003
sys005,utt038,wav/vmc2026-track3-sys005-utt038.wav,wav/vmc2026-track3-sys019-utt037.wav,3.7884766692537077
sys012,utt142,wav/vmc2026-track3-sys012-utt142.wav,wav/vmc2026-track3-sys019-utt141.wav,3.7247390788963965
sys006,utt016,wav/vmc2026-track3-sys006-utt016.wav,wav/vmc2026-track3-sys019-utt015.wav,4.949851573964648
sys013,utt174,wav/vmc2026-track3-sys013-utt174.wav,wav/vmc2026-track3-sys019-utt173.wav,4.393909315513041
sys008,utt184,wav/vmc2026-track3-sys008-utt184.wav,wav/vmc2026-track3-sys019-utt183.wav,4.748140150862669
sys011,utt278,wav/vmc2026-track3-sys011-utt278.wav,wav/vmc2026-track3-sys019-utt277.wav,4.401380251224042
sys020,utt028,wav/vmc2026-track3-sys020-utt028.wav,wav/vmc2026-track3-sys019-utt027.wav,3.305431685194547
sys018,utt106,wav/vmc2026-track3-sys018-utt106.wav,wav/vmc2026-track3-sys019-utt105.wav,3.9384439583066913
sys026,utt288,wav/vmc2026-track3-sys026-utt288.wav,wav/vmc2026-track3-sys019-utt287.wav,3.9889963304061933
sys009,utt306,wav/vmc2026-track3-sys009-utt306.wav,wav/vmc2026-track3-sys019-utt305.wav,4.433481603307154
sys014,utt112,wav/vmc2026-track3-sys014-utt112.wav,wav/vmc2026-track3-sys019-utt111.wav,4.1287265373488635
sys014,utt036,wav/vmc2026-track3-sys014-utt036.wav,wav/vmc2026-track3-sys019-utt035.wav,4.523642173768227
sys017,utt228,wav/vmc2026-track3-sys017-utt228.wav,wav/vmc2026-track3-sys019-utt227.wav,4.58403874584605
sys017,utt180,wav/vmc2026-track3-sys017-utt180.wav,wav/vmc2026-track3-sys019-utt179.wav,3.1098287426324362
sys013,utt296,wav/vmc2026-track3-sys013-utt296.wav,wav/vmc2026-track3-sys019-utt295.wav,4.454115407045051
sys014,utt006,wav/vmc2026-track3-sys014-utt006.wav,wav/vmc2026-track3-sys019-utt005.wav,4.5435769315421375
sys010,utt112,wav/vmc2026-track3-sys010-utt112.wav,wav/vmc2026-track3-sys019-utt111.wav,3.7821190971900416
sys017,utt198,wav/vmc2026-track3-sys017-utt198.wav,wav/vmc2026-track3-sys019-utt197.wav,4.658152481154205
sys008,utt192,wav/vmc2026-track3-sys008-utt192.wav,wav/vmc2026-track3-sys019-utt191.wav,4.33042943394607
sys002,utt316,wav/vmc2026-track3-sys002-utt316.wav,wav/vmc2026-track3-sys019-utt315.wav,3.7989850334234703
sys016,utt150,wav/vmc2026-track3-sys016-utt150.wav,wav/vmc2026-track3-sys019-utt149.wav,3.7140187249824024
sys020,utt278,wav/vmc2026-track3-sys020-utt278.wav,wav/vmc2026-track3-sys019-utt277.wav,3.1419595026887093
sys008,utt180,wav/vmc2026-track3-sys008-utt180.wav,wav/vmc2026-track3-sys019-utt179.wav,4.649962181700664
sys005,utt076,wav/vmc2026-track3-sys005-utt076.wav,wav/vmc2026-track3-sys019-utt075.wav,3.0774373611532027
sys001,utt008,wav/vmc2026-track3-sys001-utt008.wav,wav/vmc2026-track3-sys019-utt007.wav,4.507898078451342
sys002,utt262,wav/vmc2026-track3-sys002-utt262.wav,wav/vmc2026-track3-sys019-utt261.wav,4.528442181724357
sys009,utt286,wav/vmc2026-track3-sys009-utt286.wav,wav/vmc2026-track3-sys019-utt285.wav,4.3208288517049835
sys008,utt248,wav/vmc2026-track3-sys008-utt248.wav,wav/vmc2026-track3-sys019-utt247.wav,5.0
sys026,utt086,wav/vmc2026-track3-sys026-utt086.wav,wav/vmc2026-track3-sys019-utt085.wav,2.9688227748782077
sys006,utt004,wav/vmc2026-track3-sys006-utt004.wav,wav/vmc2026-track3-sys019-utt003.wav,4.2275360915999975
sys008,utt222,wav/vmc2026-track3-sys008-utt222.wav,wav/vmc2026-track3-sys019-utt221.wav,4.407412989192441
sys011,utt142,wav/vmc2026-track3-sys011-utt142.wav,wav/vmc2026-track3-sys019-utt141.wav,4.490680878740114
sys010,utt044,wav/vmc2026-track3-sys010-utt044.wav,wav/vmc2026-track3-sys019-utt043.wav,3.869000170345892
sys023,utt108,wav/vmc2026-track3-sys023-utt108.wav,wav/vmc2026-track3-sys019-utt107.wav,4.433128212172406
sys013,utt008,wav/vmc2026-track3-sys013-utt008.wav,wav/vmc2026-track3-sys019-utt007.wav,4.382355899480881
sys001,utt204,wav/vmc2026-track3-sys001-utt204.wav,wav/vmc2026-track3-sys019-utt203.wav,4.104716536015718
sys026,utt112,wav/vmc2026-track3-sys026-utt112.wav,wav/vmc2026-track3-sys019-utt111.wav,4.214802462396026
sys018,utt244,wav/vmc2026-track3-sys018-utt244.wav,wav/vmc2026-track3-sys019-utt243.wav,3.703652563669767
sys026,utt138,wav/vmc2026-track3-sys026-utt138.wav,wav/vmc2026-track3-sys019-utt137.wav,3.947011732048287
sys024,utt320,wav/vmc2026-track3-sys024-utt320.wav,wav/vmc2026-track3-sys019-utt319.wav,3.7619646089708154
sys013,utt220,wav/vmc2026-track3-sys013-utt220.wav,wav/vmc2026-track3-sys019-utt219.wav,4.180169393426886
sys006,utt204,wav/vmc2026-track3-sys006-utt204.wav,wav/vmc2026-track3-sys019-utt203.wav,4.480507303839104
sys013,utt200,wav/vmc2026-track3-sys013-utt200.wav,wav/vmc2026-track3-sys019-utt199.wav,4.145920291103842
sys016,utt160,wav/vmc2026-track3-sys016-utt160.wav,wav/vmc2026-track3-sys019-utt159.wav,4.108684927486187
sys001,utt312,wav/vmc2026-track3-sys001-utt312.wav,wav/vmc2026-track3-sys019-utt311.wav,4.203528888117252
sys011,utt268,wav/vmc2026-track3-sys011-utt268.wav,wav/vmc2026-track3-sys019-utt267.wav,3.8256619251521076
sys016,utt148,wav/vmc2026-track3-sys016-utt148.wav,wav/vmc2026-track3-sys019-utt147.wav,3.564718565509338
sys008,utt294,wav/vmc2026-track3-sys008-utt294.wav,wav/vmc2026-track3-sys019-utt293.wav,4.880250381135651
sys025,utt006,wav/vmc2026-track3-sys025-utt006.wav,wav/vmc2026-track3-sys019-utt005.wav,4.146048188505123
sys012,utt110,wav/vmc2026-track3-sys012-utt110.wav,wav/vmc2026-track3-sys019-utt109.wav,4.18622982475533
sys012,utt150,wav/vmc2026-track3-sys012-utt150.wav,wav/vmc2026-track3-sys019-utt149.wav,2.9721443347538163
sys018,utt262,wav/vmc2026-track3-sys018-utt262.wav,wav/vmc2026-track3-sys019-utt261.wav,4.518081206264156
sys020,utt114,wav/vmc2026-track3-sys020-utt114.wav,wav/vmc2026-track3-sys019-utt113.wav,2.847809512533958
sys014,utt266,wav/vmc2026-track3-sys014-utt266.wav,wav/vmc2026-track3-sys019-utt265.wav,4.067921869825984
sys016,utt218,wav/vmc2026-track3-sys016-utt218.wav,wav/vmc2026-track3-sys019-utt217.wav,4.231936755248482
sys016,utt268,wav/vmc2026-track3-sys016-utt268.wav,wav/vmc2026-track3-sys019-utt267.wav,4.024984024920708
sys014,utt016,wav/vmc2026-track3-sys014-utt016.wav,wav/vmc2026-track3-sys019-utt015.wav,4.938051214264895
sys010,utt040,wav/vmc2026-track3-sys010-utt040.wav,wav/vmc2026-track3-sys019-utt039.wav,4.387286373063974
sys002,utt286,wav/vmc2026-track3-sys002-utt286.wav,wav/vmc2026-track3-sys019-utt285.wav,4.611821566402048
sys014,utt178,wav/vmc2026-track3-sys014-utt178.wav,wav/vmc2026-track3-sys019-utt177.wav,4.679623372131394
sys016,utt226,wav/vmc2026-track3-sys016-utt226.wav,wav/vmc2026-track3-sys019-utt225.wav,3.396567333201331
sys002,utt050,wav/vmc2026-track3-sys002-utt050.wav,wav/vmc2026-track3-sys019-utt049.wav,4.847123578244299
sys016,utt234,wav/vmc2026-track3-sys016-utt234.wav,wav/vmc2026-track3-sys019-utt233.wav,4.257841059582933
sys008,utt128,wav/vmc2026-track3-sys008-utt128.wav,wav/vmc2026-track3-sys019-utt127.wav,4.468310521018504
sys008,utt130,wav/vmc2026-track3-sys008-utt130.wav,wav/vmc2026-track3-sys019-utt129.wav,4.711137548001713
sys008,utt318,wav/vmc2026-track3-sys008-utt318.wav,wav/vmc2026-track3-sys019-utt317.wav,4.536170931892527
sys017,utt064,wav/vmc2026-track3-sys017-utt064.wav,wav/vmc2026-track3-sys019-utt063.wav,4.402288597437402
sys005,utt004,wav/vmc2026-track3-sys005-utt004.wav,wav/vmc2026-track3-sys019-utt003.wav,4.120354407271931
sys002,utt206,wav/vmc2026-track3-sys002-utt206.wav,wav/vmc2026-track3-sys019-utt205.wav,4.587871193442588
sys023,utt230,wav/vmc2026-track3-sys023-utt230.wav,wav/vmc2026-track3-sys019-utt229.wav,4.4038992628286575
sys017,utt126,wav/vmc2026-track3-sys017-utt126.wav,wav/vmc2026-track3-sys019-utt125.wav,4.5585180549028514
sys001,utt030,wav/vmc2026-track3-sys001-utt030.wav,wav/vmc2026-track3-sys019-utt029.wav,4.0137854626564184
sys009,utt316,wav/vmc2026-track3-sys009-utt316.wav,wav/vmc2026-track3-sys019-utt315.wav,3.941386694655452
sys008,utt126,wav/vmc2026-track3-sys008-utt126.wav,wav/vmc2026-track3-sys019-utt125.wav,4.559659994358944
sys005,utt268,wav/vmc2026-track3-sys005-utt268.wav,wav/vmc2026-track3-sys019-utt267.wav,3.4688451087479857
sys025,utt270,wav/vmc2026-track3-sys025-utt270.wav,wav/vmc2026-track3-sys019-utt269.wav,4.052646500393878
sys024,utt032,wav/vmc2026-track3-sys024-utt032.wav,wav/vmc2026-track3-sys019-utt031.wav,3.1060259747941306
sys020,utt106,wav/vmc2026-track3-sys020-utt106.wav,wav/vmc2026-track3-sys019-utt105.wav,3.8530135994065278
sys001,utt280,wav/vmc2026-track3-sys001-utt280.wav,wav/vmc2026-track3-sys019-utt279.wav,4.522024509920475
sys016,utt296,wav/vmc2026-track3-sys016-utt296.wav,wav/vmc2026-track3-sys019-utt295.wav,4.530034245435754
sys007,utt278,wav/vmc2026-track3-sys007-utt278.wav,wav/vmc2026-track3-sys019-utt277.wav,3.800993819222933
sys017,utt104,wav/vmc2026-track3-sys017-utt104.wav,wav/vmc2026-track3-sys019-utt103.wav,4.447676903498644
sys025,utt320,wav/vmc2026-track3-sys025-utt320.wav,wav/vmc2026-track3-sys019-utt319.wav,3.9115339214936244
sys002,utt282,wav/vmc2026-track3-sys002-utt282.wav,wav/vmc2026-track3-sys019-utt281.wav,4.986669681516299
sys009,utt014,wav/vmc2026-track3-sys009-utt014.wav,wav/vmc2026-track3-sys019-utt013.wav,4.890881506124829
sys006,utt116,wav/vmc2026-track3-sys006-utt116.wav,wav/vmc2026-track3-sys019-utt115.wav,4.678749204644818
sys025,utt224,wav/vmc2026-track3-sys025-utt224.wav,wav/vmc2026-track3-sys019-utt223.wav,4.0085769915721485
sys006,utt114,wav/vmc2026-track3-sys006-utt114.wav,wav/vmc2026-track3-sys019-utt113.wav,3.8557558538039465
sys010,utt116,wav/vmc2026-track3-sys010-utt116.wav,wav/vmc2026-track3-sys019-utt115.wav,3.7826773810741616
sys017,utt128,wav/vmc2026-track3-sys017-utt128.wav,wav/vmc2026-track3-sys019-utt127.wav,4.023865447249409
sys011,utt084,wav/vmc2026-track3-sys011-utt084.wav,wav/vmc2026-track3-sys019-utt083.wav,4.4068667850954135
sys007,utt136,wav/vmc2026-track3-sys007-utt136.wav,wav/vmc2026-track3-sys019-utt135.wav,3.777171653830096
sys006,utt040,wav/vmc2026-track3-sys006-utt040.wav,wav/vmc2026-track3-sys019-utt039.wav,4.6470414892440814
sys002,utt130,wav/vmc2026-track3-sys002-utt130.wav,wav/vmc2026-track3-sys019-utt129.wav,4.494478622344702
sys022,utt320,wav/vmc2026-track3-sys022-utt320.wav,wav/vmc2026-track3-sys019-utt319.wav,3.7185713077876166
sys014,utt200,wav/vmc2026-track3-sys014-utt200.wav,wav/vmc2026-track3-sys019-utt199.wav,4.8757691980362585
sys011,utt006,wav/vmc2026-track3-sys011-utt006.wav,wav/vmc2026-track3-sys019-utt005.wav,4.089162019741405
sys008,utt288,wav/vmc2026-track3-sys008-utt288.wav,wav/vmc2026-track3-sys019-utt287.wav,4.639404703452163
sys025,utt216,wav/vmc2026-track3-sys025-utt216.wav,wav/vmc2026-track3-sys019-utt215.wav,4.506914141907522
sys009,utt296,wav/vmc2026-track3-sys009-utt296.wav,wav/vmc2026-track3-sys019-utt295.wav,4.564369405220708
sys016,utt196,wav/vmc2026-track3-sys016-utt196.wav,wav/vmc2026-track3-sys019-utt195.wav,3.8520375594791627
sys005,utt144,wav/vmc2026-track3-sys005-utt144.wav,wav/vmc2026-track3-sys019-utt143.wav,3.4922469055062115
sys022,utt002,wav/vmc2026-track3-sys022-utt002.wav,wav/vmc2026-track3-sys019-utt001.wav,3.8551178564757294
sys011,utt228,wav/vmc2026-track3-sys011-utt228.wav,wav/vmc2026-track3-sys019-utt227.wav,4.518248630394129
sys010,utt232,wav/vmc2026-track3-sys010-utt232.wav,wav/vmc2026-track3-sys019-utt231.wav,4.220671309101436
sys008,utt086,wav/vmc2026-track3-sys008-utt086.wav,wav/vmc2026-track3-sys019-utt085.wav,4.59430391763551
sys011,utt180,wav/vmc2026-track3-sys011-utt180.wav,wav/vmc2026-track3-sys019-utt179.wav,4.346892665649035
sys011,utt038,wav/vmc2026-track3-sys011-utt038.wav,wav/vmc2026-track3-sys019-utt037.wav,4.078888819941449
sys005,utt010,wav/vmc2026-track3-sys005-utt010.wav,wav/vmc2026-track3-sys019-utt009.wav,4.480605778798903
sys017,utt084,wav/vmc2026-track3-sys017-utt084.wav,wav/vmc2026-track3-sys019-utt083.wav,4.523812008012926
sys014,utt290,wav/vmc2026-track3-sys014-utt290.wav,wav/vmc2026-track3-sys019-utt289.wav,4.7824148539697795
sys023,utt026,wav/vmc2026-track3-sys023-utt026.wav,wav/vmc2026-track3-sys019-utt025.wav,4.364830779072134
sys005,utt148,wav/vmc2026-track3-sys005-utt148.wav,wav/vmc2026-track3-sys019-utt147.wav,3.5205603189968153
sys013,utt116,wav/vmc2026-track3-sys013-utt116.wav,wav/vmc2026-track3-sys019-utt115.wav,4.326129209856081
sys024,utt120,wav/vmc2026-track3-sys024-utt120.wav,wav/vmc2026-track3-sys019-utt119.wav,3.8872123773808474
sys014,utt154,wav/vmc2026-track3-sys014-utt154.wav,wav/vmc2026-track3-sys019-utt153.wav,4.7063416054219696
sys008,utt088,wav/vmc2026-track3-sys008-utt088.wav,wav/vmc2026-track3-sys019-utt087.wav,4.117400016946138
sys006,utt312,wav/vmc2026-track3-sys006-utt312.wav,wav/vmc2026-track3-sys019-utt311.wav,4.22322184828028
sys002,utt220,wav/vmc2026-track3-sys002-utt220.wav,wav/vmc2026-track3-sys019-utt219.wav,4.630235265490542
sys006,utt286,wav/vmc2026-track3-sys006-utt286.wav,wav/vmc2026-track3-sys019-utt285.wav,4.195717272952476
sys025,utt142,wav/vmc2026-track3-sys025-utt142.wav,wav/vmc2026-track3-sys019-utt141.wav,3.7437362032288495
sys025,utt278,wav/vmc2026-track3-sys025-utt278.wav,wav/vmc2026-track3-sys019-utt277.wav,4.102156074673003
sys020,utt250,wav/vmc2026-track3-sys020-utt250.wav,wav/vmc2026-track3-sys019-utt249.wav,3.4882113855799997
sys002,utt128,wav/vmc2026-track3-sys002-utt128.wav,wav/vmc2026-track3-sys019-utt127.wav,4.25413315771062
sys005,utt012,wav/vmc2026-track3-sys005-utt012.wav,wav/vmc2026-track3-sys019-utt011.wav,3.7556118057284604
sys023,utt222,wav/vmc2026-track3-sys023-utt222.wav,wav/vmc2026-track3-sys019-utt221.wav,4.312466165298537
sys009,utt226,wav/vmc2026-track3-sys009-utt226.wav,wav/vmc2026-track3-sys019-utt225.wav,4.988578598615469
sys025,utt222,wav/vmc2026-track3-sys025-utt222.wav,wav/vmc2026-track3-sys019-utt221.wav,3.4370804023521764
sys001,utt154,wav/vmc2026-track3-sys001-utt154.wav,wav/vmc2026-track3-sys019-utt153.wav,4.6157550628104955
sys007,utt158,wav/vmc2026-track3-sys007-utt158.wav,wav/vmc2026-track3-sys019-utt157.wav,4.640992074564718
sys006,utt236,wav/vmc2026-track3-sys006-utt236.wav,wav/vmc2026-track3-sys019-utt235.wav,4.32713688313085
sys014,utt020,wav/vmc2026-track3-sys014-utt020.wav,wav/vmc2026-track3-sys019-utt019.wav,4.149611319718079
sys005,utt314,wav/vmc2026-track3-sys005-utt314.wav,wav/vmc2026-track3-sys019-utt313.wav,4.060753850637392
sys022,utt042,wav/vmc2026-track3-sys022-utt042.wav,wav/vmc2026-track3-sys019-utt041.wav,4.4603195173398085
sys025,utt312,wav/vmc2026-track3-sys025-utt312.wav,wav/vmc2026-track3-sys019-utt311.wav,4.033851913511287
sys014,utt086,wav/vmc2026-track3-sys014-utt086.wav,wav/vmc2026-track3-sys019-utt085.wav,4.703535337907445
sys020,utt024,wav/vmc2026-track3-sys020-utt024.wav,wav/vmc2026-track3-sys019-utt023.wav,2.8113798786452113
sys002,utt148,wav/vmc2026-track3-sys002-utt148.wav,wav/vmc2026-track3-sys019-utt147.wav,3.9714376994148304
sys009,utt116,wav/vmc2026-track3-sys009-utt116.wav,wav/vmc2026-track3-sys019-utt115.wav,4.313452844468642
sys007,utt120,wav/vmc2026-track3-sys007-utt120.wav,wav/vmc2026-track3-sys019-utt119.wav,4.20812429503828
sys007,utt274,wav/vmc2026-track3-sys007-utt274.wav,wav/vmc2026-track3-sys019-utt273.wav,4.070351478393133
sys008,utt072,wav/vmc2026-track3-sys008-utt072.wav,wav/vmc2026-track3-sys019-utt071.wav,4.404642229848006
sys005,utt264,wav/vmc2026-track3-sys005-utt264.wav,wav/vmc2026-track3-sys019-utt263.wav,3.78605220043019
sys011,utt118,wav/vmc2026-track3-sys011-utt118.wav,wav/vmc2026-track3-sys019-utt117.wav,4.341021662358227
sys023,utt210,wav/vmc2026-track3-sys023-utt210.wav,wav/vmc2026-track3-sys019-utt209.wav,4.213881137607389
sys009,utt038,wav/vmc2026-track3-sys009-utt038.wav,wav/vmc2026-track3-sys019-utt037.wav,3.748061873678764
sys011,utt140,wav/vmc2026-track3-sys011-utt140.wav,wav/vmc2026-track3-sys019-utt139.wav,3.9360482503778287
sys016,utt044,wav/vmc2026-track3-sys016-utt044.wav,wav/vmc2026-track3-sys019-utt043.wav,3.8308764448648303
sys008,utt102,wav/vmc2026-track3-sys008-utt102.wav,wav/vmc2026-track3-sys019-utt101.wav,4.470465244745432
sys009,utt050,wav/vmc2026-track3-sys009-utt050.wav,wav/vmc2026-track3-sys019-utt049.wav,4.770390864750921
sys025,utt046,wav/vmc2026-track3-sys025-utt046.wav,wav/vmc2026-track3-sys019-utt045.wav,3.4587645967585976
sys018,utt016,wav/vmc2026-track3-sys018-utt016.wav,wav/vmc2026-track3-sys019-utt015.wav,4.235123428955404
sys006,utt068,wav/vmc2026-track3-sys006-utt068.wav,wav/vmc2026-track3-sys019-utt067.wav,4.4628633176089165
sys014,utt278,wav/vmc2026-track3-sys014-utt278.wav,wav/vmc2026-track3-sys019-utt277.wav,4.694860873428358
sys020,utt182,wav/vmc2026-track3-sys020-utt182.wav,wav/vmc2026-track3-sys019-utt181.wav,3.3436187265574775
sys017,utt136,wav/vmc2026-track3-sys017-utt136.wav,wav/vmc2026-track3-sys019-utt135.wav,3.6749864211692773
sys025,utt146,wav/vmc2026-track3-sys025-utt146.wav,wav/vmc2026-track3-sys019-utt145.wav,3.8406565568896287
sys002,utt152,wav/vmc2026-track3-sys002-utt152.wav,wav/vmc2026-track3-sys019-utt151.wav,4.517613973080479
sys014,utt182,wav/vmc2026-track3-sys014-utt182.wav,wav/vmc2026-track3-sys019-utt181.wav,4.465255315630112
sys002,utt180,wav/vmc2026-track3-sys002-utt180.wav,wav/vmc2026-track3-sys019-utt179.wav,3.7642082817149634
sys014,utt010,wav/vmc2026-track3-sys014-utt010.wav,wav/vmc2026-track3-sys019-utt009.wav,4.742154378094119
sys008,utt276,wav/vmc2026-track3-sys008-utt276.wav,wav/vmc2026-track3-sys019-utt275.wav,4.475401737872867
sys009,utt246,wav/vmc2026-track3-sys009-utt246.wav,wav/vmc2026-track3-sys019-utt245.wav,4.709267667492664
sys026,utt176,wav/vmc2026-track3-sys026-utt176.wav,wav/vmc2026-track3-sys019-utt175.wav,3.8970986905719642
sys024,utt082,wav/vmc2026-track3-sys024-utt082.wav,wav/vmc2026-track3-sys019-utt081.wav,3.407944293248395
sys011,utt028,wav/vmc2026-track3-sys011-utt028.wav,wav/vmc2026-track3-sys019-utt027.wav,4.456863251561213
sys005,utt266,wav/vmc2026-track3-sys005-utt266.wav,wav/vmc2026-track3-sys019-utt265.wav,3.350263900378179
sys013,utt288,wav/vmc2026-track3-sys013-utt288.wav,wav/vmc2026-track3-sys019-utt287.wav,4.298945277589949
sys024,utt298,wav/vmc2026-track3-sys024-utt298.wav,wav/vmc2026-track3-sys019-utt297.wav,4.410460771282403
sys007,utt266,wav/vmc2026-track3-sys007-utt266.wav,wav/vmc2026-track3-sys019-utt265.wav,4.043380110306018
sys024,utt278,wav/vmc2026-track3-sys024-utt278.wav,wav/vmc2026-track3-sys019-utt277.wav,4.185669268815244
sys014,utt238,wav/vmc2026-track3-sys014-utt238.wav,wav/vmc2026-track3-sys019-utt237.wav,4.933995452287498
sys008,utt232,wav/vmc2026-track3-sys008-utt232.wav,wav/vmc2026-track3-sys019-utt231.wav,4.368550759534873
sys001,utt196,wav/vmc2026-track3-sys001-utt196.wav,wav/vmc2026-track3-sys019-utt195.wav,4.07672974610688
sys020,utt268,wav/vmc2026-track3-sys020-utt268.wav,wav/vmc2026-track3-sys019-utt267.wav,3.215135158108467
sys012,utt232,wav/vmc2026-track3-sys012-utt232.wav,wav/vmc2026-track3-sys019-utt231.wav,4.180493850998742
sys017,utt280,wav/vmc2026-track3-sys017-utt280.wav,wav/vmc2026-track3-sys019-utt279.wav,4.40062579964634
sys011,utt012,wav/vmc2026-track3-sys011-utt012.wav,wav/vmc2026-track3-sys019-utt011.wav,4.272333023471138
sys010,utt298,wav/vmc2026-track3-sys010-utt298.wav,wav/vmc2026-track3-sys019-utt297.wav,4.086554608298079
sys001,utt150,wav/vmc2026-track3-sys001-utt150.wav,wav/vmc2026-track3-sys019-utt149.wav,3.8658677239190298
sys014,utt040,wav/vmc2026-track3-sys014-utt040.wav,wav/vmc2026-track3-sys019-utt039.wav,4.561979900000225
sys013,utt010,wav/vmc2026-track3-sys013-utt010.wav,wav/vmc2026-track3-sys019-utt009.wav,4.680876116280489
sys011,utt172,wav/vmc2026-track3-sys011-utt172.wav,wav/vmc2026-track3-sys019-utt171.wav,4.505932849952583
sys023,utt216,wav/vmc2026-track3-sys023-utt216.wav,wav/vmc2026-track3-sys019-utt215.wav,4.636047123908202
sys008,utt266,wav/vmc2026-track3-sys008-utt266.wav,wav/vmc2026-track3-sys019-utt265.wav,4.426313955654277
sys008,utt006,wav/vmc2026-track3-sys008-utt006.wav,wav/vmc2026-track3-sys019-utt005.wav,4.517774406118139
sys023,utt152,wav/vmc2026-track3-sys023-utt152.wav,wav/vmc2026-track3-sys019-utt151.wav,4.602336532659926
sys016,utt224,wav/vmc2026-track3-sys016-utt224.wav,wav/vmc2026-track3-sys019-utt223.wav,3.478751442342215
sys023,utt132,wav/vmc2026-track3-sys023-utt132.wav,wav/vmc2026-track3-sys019-utt131.wav,3.9396160643942806
sys011,utt284,wav/vmc2026-track3-sys011-utt284.wav,wav/vmc2026-track3-sys019-utt283.wav,4.605479182896723
sys011,utt136,wav/vmc2026-track3-sys011-utt136.wav,wav/vmc2026-track3-sys019-utt135.wav,4.330726206297782
sys017,utt116,wav/vmc2026-track3-sys017-utt116.wav,wav/vmc2026-track3-sys019-utt115.wav,4.256843891322609
sys007,utt080,wav/vmc2026-track3-sys007-utt080.wav,wav/vmc2026-track3-sys019-utt079.wav,4.248558439306011
sys026,utt200,wav/vmc2026-track3-sys026-utt200.wav,wav/vmc2026-track3-sys019-utt199.wav,4.257029381360221
sys006,utt120,wav/vmc2026-track3-sys006-utt120.wav,wav/vmc2026-track3-sys019-utt119.wav,4.706311150970837
sys014,utt242,wav/vmc2026-track3-sys014-utt242.wav,wav/vmc2026-track3-sys019-utt241.wav,4.91131754034908
sys023,utt220,wav/vmc2026-track3-sys023-utt220.wav,wav/vmc2026-track3-sys019-utt219.wav,4.892145074077151
sys013,utt272,wav/vmc2026-track3-sys013-utt272.wav,wav/vmc2026-track3-sys019-utt271.wav,4.010114687615891
sys023,utt214,wav/vmc2026-track3-sys023-utt214.wav,wav/vmc2026-track3-sys019-utt213.wav,4.518390973793035
sys006,utt192,wav/vmc2026-track3-sys006-utt192.wav,wav/vmc2026-track3-sys019-utt191.wav,4.431440719268959
sys014,utt262,wav/vmc2026-track3-sys014-utt262.wav,wav/vmc2026-track3-sys019-utt261.wav,4.858419002736996
sys005,utt070,wav/vmc2026-track3-sys005-utt070.wav,wav/vmc2026-track3-sys019-utt069.wav,3.9155874619381974
sys008,utt238,wav/vmc2026-track3-sys008-utt238.wav,wav/vmc2026-track3-sys019-utt237.wav,4.569735511737328
sys025,utt304,wav/vmc2026-track3-sys025-utt304.wav,wav/vmc2026-track3-sys019-utt303.wav,4.2397701957548835
sys016,utt086,wav/vmc2026-track3-sys016-utt086.wav,wav/vmc2026-track3-sys019-utt085.wav,3.5562173854426145
sys013,utt238,wav/vmc2026-track3-sys013-utt238.wav,wav/vmc2026-track3-sys019-utt237.wav,4.453006422103748
sys007,utt232,wav/vmc2026-track3-sys007-utt232.wav,wav/vmc2026-track3-sys019-utt231.wav,3.745883743989956
sys010,utt174,wav/vmc2026-track3-sys010-utt174.wav,wav/vmc2026-track3-sys019-utt173.wav,4.544225396998398
sys007,utt310,wav/vmc2026-track3-sys007-utt310.wav,wav/vmc2026-track3-sys019-utt309.wav,4.195371477974349
sys022,utt114,wav/vmc2026-track3-sys022-utt114.wav,wav/vmc2026-track3-sys019-utt113.wav,3.6314356120728952
sys025,utt176,wav/vmc2026-track3-sys025-utt176.wav,wav/vmc2026-track3-sys019-utt175.wav,3.5587964361920683
sys017,utt114,wav/vmc2026-track3-sys017-utt114.wav,wav/vmc2026-track3-sys019-utt113.wav,3.614006708419741
sys009,utt278,wav/vmc2026-track3-sys009-utt278.wav,wav/vmc2026-track3-sys019-utt277.wav,4.418646492535817
sys014,utt146,wav/vmc2026-track3-sys014-utt146.wav,wav/vmc2026-track3-sys019-utt145.wav,4.609981691176319
sys009,utt080,wav/vmc2026-track3-sys009-utt080.wav,wav/vmc2026-track3-sys019-utt079.wav,4.20785967131196
sys006,utt224,wav/vmc2026-track3-sys006-utt224.wav,wav/vmc2026-track3-sys019-utt223.wav,4.722884346574857
sys009,utt148,wav/vmc2026-track3-sys009-utt148.wav,wav/vmc2026-track3-sys019-utt147.wav,3.941041118182074
sys010,utt220,wav/vmc2026-track3-sys010-utt220.wav,wav/vmc2026-track3-sys019-utt219.wav,4.568252492284891
sys006,utt074,wav/vmc2026-track3-sys006-utt074.wav,wav/vmc2026-track3-sys019-utt073.wav,4.570903403888145
sys025,utt084,wav/vmc2026-track3-sys025-utt084.wav,wav/vmc2026-track3-sys019-utt083.wav,3.9578013719678844
sys013,utt304,wav/vmc2026-track3-sys013-utt304.wav,wav/vmc2026-track3-sys019-utt303.wav,4.387436398839496
sys022,utt214,wav/vmc2026-track3-sys022-utt214.wav,wav/vmc2026-track3-sys019-utt213.wav,4.239660632275786
sys012,utt134,wav/vmc2026-track3-sys012-utt134.wav,wav/vmc2026-track3-sys019-utt133.wav,3.29217342957301
sys012,utt308,wav/vmc2026-track3-sys012-utt308.wav,wav/vmc2026-track3-sys019-utt307.wav,4.19419265773774
sys018,utt034,wav/vmc2026-track3-sys018-utt034.wav,wav/vmc2026-track3-sys019-utt033.wav,3.4016441564038873
sys007,utt186,wav/vmc2026-track3-sys007-utt186.wav,wav/vmc2026-track3-sys019-utt185.wav,4.070276218696096
sys012,utt086,wav/vmc2026-track3-sys012-utt086.wav,wav/vmc2026-track3-sys019-utt085.wav,4.408810001706231
sys001,utt226,wav/vmc2026-track3-sys001-utt226.wav,wav/vmc2026-track3-sys019-utt225.wav,4.698960467748211
sys016,utt208,wav/vmc2026-track3-sys016-utt208.wav,wav/vmc2026-track3-sys019-utt207.wav,3.9653613021710403
sys016,utt178,wav/vmc2026-track3-sys016-utt178.wav,wav/vmc2026-track3-sys019-utt177.wav,3.641354812928162
sys024,utt090,wav/vmc2026-track3-sys024-utt090.wav,wav/vmc2026-track3-sys019-utt089.wav,3.9699085871029434
sys012,utt024,wav/vmc2026-track3-sys012-utt024.wav,wav/vmc2026-track3-sys019-utt023.wav,3.9682734762289433
sys018,utt266,wav/vmc2026-track3-sys018-utt266.wav,wav/vmc2026-track3-sys019-utt265.wav,4.074747375462604
sys006,utt238,wav/vmc2026-track3-sys006-utt238.wav,wav/vmc2026-track3-sys019-utt237.wav,4.696862746494871
sys006,utt226,wav/vmc2026-track3-sys006-utt226.wav,wav/vmc2026-track3-sys019-utt225.wav,4.923467142460709
sys016,utt250,wav/vmc2026-track3-sys016-utt250.wav,wav/vmc2026-track3-sys019-utt249.wav,3.9144453551545855
sys023,utt110,wav/vmc2026-track3-sys023-utt110.wav,wav/vmc2026-track3-sys019-utt109.wav,4.369059986599651
sys006,utt062,wav/vmc2026-track3-sys006-utt062.wav,wav/vmc2026-track3-sys019-utt061.wav,3.8942592885700162
sys017,utt312,wav/vmc2026-track3-sys017-utt312.wav,wav/vmc2026-track3-sys019-utt311.wav,4.3026127751561045
sys012,utt282,wav/vmc2026-track3-sys012-utt282.wav,wav/vmc2026-track3-sys019-utt281.wav,3.899612481610049
sys001,utt138,wav/vmc2026-track3-sys001-utt138.wav,wav/vmc2026-track3-sys019-utt137.wav,3.9601074371480767
sys001,utt248,wav/vmc2026-track3-sys001-utt248.wav,wav/vmc2026-track3-sys019-utt247.wav,4.695905023858938
sys026,utt300,wav/vmc2026-track3-sys026-utt300.wav,wav/vmc2026-track3-sys019-utt299.wav,4.589758566815243
sys023,utt104,wav/vmc2026-track3-sys023-utt104.wav,wav/vmc2026-track3-sys019-utt103.wav,4.137937895434965
sys002,utt146,wav/vmc2026-track3-sys002-utt146.wav,wav/vmc2026-track3-sys019-utt145.wav,3.931994808803478
sys023,utt314,wav/vmc2026-track3-sys023-utt314.wav,wav/vmc2026-track3-sys019-utt313.wav,3.965422271749197
sys014,utt024,wav/vmc2026-track3-sys014-utt024.wav,wav/vmc2026-track3-sys019-utt023.wav,4.429089195531797
sys005,utt040,wav/vmc2026-track3-sys005-utt040.wav,wav/vmc2026-track3-sys019-utt039.wav,3.3685924639426506
sys009,utt120,wav/vmc2026-track3-sys009-utt120.wav,wav/vmc2026-track3-sys019-utt119.wav,4.305700633835914
sys011,utt264,wav/vmc2026-track3-sys011-utt264.wav,wav/vmc2026-track3-sys019-utt263.wav,4.254431237325736
sys025,utt126,wav/vmc2026-track3-sys025-utt126.wav,wav/vmc2026-track3-sys019-utt125.wav,4.124844513046502
sys020,utt302,wav/vmc2026-track3-sys020-utt302.wav,wav/vmc2026-track3-sys019-utt301.wav,3.4202032940010896
sys023,utt078,wav/vmc2026-track3-sys023-utt078.wav,wav/vmc2026-track3-sys019-utt077.wav,4.226797977234035
sys002,utt222,wav/vmc2026-track3-sys002-utt222.wav,wav/vmc2026-track3-sys019-utt221.wav,4.39781082222401
sys010,utt082,wav/vmc2026-track3-sys010-utt082.wav,wav/vmc2026-track3-sys019-utt081.wav,3.8921091548070574
sys025,utt066,wav/vmc2026-track3-sys025-utt066.wav,wav/vmc2026-track3-sys019-utt065.wav,3.537863331382051
sys009,utt196,wav/vmc2026-track3-sys009-utt196.wav,wav/vmc2026-track3-sys019-utt195.wav,4.505179514935013
sys001,utt012,wav/vmc2026-track3-sys001-utt012.wav,wav/vmc2026-track3-sys019-utt011.wav,4.570028185436254
sys022,utt268,wav/vmc2026-track3-sys022-utt268.wav,wav/vmc2026-track3-sys019-utt267.wav,3.588578202119645
sys005,utt236,wav/vmc2026-track3-sys005-utt236.wav,wav/vmc2026-track3-sys019-utt235.wav,3.518201872886945
sys014,utt150,wav/vmc2026-track3-sys014-utt150.wav,wav/vmc2026-track3-sys019-utt149.wav,4.262169247879678
sys017,utt068,wav/vmc2026-track3-sys017-utt068.wav,wav/vmc2026-track3-sys019-utt067.wav,4.471675965895216
sys026,utt032,wav/vmc2026-track3-sys026-utt032.wav,wav/vmc2026-track3-sys019-utt031.wav,3.7014381723895573
sys010,utt304,wav/vmc2026-track3-sys010-utt304.wav,wav/vmc2026-track3-sys019-utt303.wav,4.00694637338951
sys013,utt156,wav/vmc2026-track3-sys013-utt156.wav,wav/vmc2026-track3-sys019-utt155.wav,4.458379560144435
sys006,utt142,wav/vmc2026-track3-sys006-utt142.wav,wav/vmc2026-track3-sys019-utt141.wav,4.5937241481561335
sys016,utt310,wav/vmc2026-track3-sys016-utt310.wav,wav/vmc2026-track3-sys019-utt309.wav,3.7693883468059806
sys020,utt012,wav/vmc2026-track3-sys020-utt012.wav,wav/vmc2026-track3-sys019-utt011.wav,3.618571190371262
sys011,utt208,wav/vmc2026-track3-sys011-utt208.wav,wav/vmc2026-track3-sys019-utt207.wav,4.302884122173596
sys024,utt204,wav/vmc2026-track3-sys024-utt204.wav,wav/vmc2026-track3-sys019-utt203.wav,3.8411338461420206
sys010,utt008,wav/vmc2026-track3-sys010-utt008.wav,wav/vmc2026-track3-sys019-utt007.wav,4.262423617229501
sys011,utt074,wav/vmc2026-track3-sys011-utt074.wav,wav/vmc2026-track3-sys019-utt073.wav,4.410463453369022
sys018,utt320,wav/vmc2026-track3-sys018-utt320.wav,wav/vmc2026-track3-sys019-utt319.wav,4.060784891824876
sys023,utt208,wav/vmc2026-track3-sys023-utt208.wav,wav/vmc2026-track3-sys019-utt207.wav,3.9015000145075076
sys017,utt028,wav/vmc2026-track3-sys017-utt028.wav,wav/vmc2026-track3-sys019-utt027.wav,4.211731916256605
sys001,utt220,wav/vmc2026-track3-sys001-utt220.wav,wav/vmc2026-track3-sys019-utt219.wav,4.5449540827367585
sys026,utt224,wav/vmc2026-track3-sys026-utt224.wav,wav/vmc2026-track3-sys019-utt223.wav,4.352204698697278
sys007,utt184,wav/vmc2026-track3-sys007-utt184.wav,wav/vmc2026-track3-sys019-utt183.wav,4.088090899817927
sys010,utt016,wav/vmc2026-track3-sys010-utt016.wav,wav/vmc2026-track3-sys019-utt015.wav,4.12075814027723
sys005,utt146,wav/vmc2026-track3-sys005-utt146.wav,wav/vmc2026-track3-sys019-utt145.wav,3.666227372002983
sys008,utt210,wav/vmc2026-track3-sys008-utt210.wav,wav/vmc2026-track3-sys019-utt209.wav,4.571782455396422
sys020,utt042,wav/vmc2026-track3-sys020-utt042.wav,wav/vmc2026-track3-sys019-utt041.wav,3.328904856601123
sys011,utt272,wav/vmc2026-track3-sys011-utt272.wav,wav/vmc2026-track3-sys019-utt271.wav,4.444807316250312
sys008,utt182,wav/vmc2026-track3-sys008-utt182.wav,wav/vmc2026-track3-sys019-utt181.wav,4.634317109550793
sys001,utt140,wav/vmc2026-track3-sys001-utt140.wav,wav/vmc2026-track3-sys019-utt139.wav,3.709557777663511
sys005,utt042,wav/vmc2026-track3-sys005-utt042.wav,wav/vmc2026-track3-sys019-utt041.wav,3.6142553294506503
sys023,utt218,wav/vmc2026-track3-sys023-utt218.wav,wav/vmc2026-track3-sys019-utt217.wav,4.703378725476317
sys012,utt304,wav/vmc2026-track3-sys012-utt304.wav,wav/vmc2026-track3-sys019-utt303.wav,3.5513564008783796
sys020,utt034,wav/vmc2026-track3-sys020-utt034.wav,wav/vmc2026-track3-sys019-utt033.wav,3.1862590042421925
sys022,utt306,wav/vmc2026-track3-sys022-utt306.wav,wav/vmc2026-track3-sys019-utt305.wav,4.068007180220415
sys009,utt274,wav/vmc2026-track3-sys009-utt274.wav,wav/vmc2026-track3-sys019-utt273.wav,4.72032005417651
sys006,utt314,wav/vmc2026-track3-sys006-utt314.wav,wav/vmc2026-track3-sys019-utt313.wav,4.217742078956549
sys012,utt228,wav/vmc2026-track3-sys012-utt228.wav,wav/vmc2026-track3-sys019-utt227.wav,3.601294464151712
sys018,utt304,wav/vmc2026-track3-sys018-utt304.wav,wav/vmc2026-track3-sys019-utt303.wav,3.288636361638778
sys025,utt236,wav/vmc2026-track3-sys025-utt236.wav,wav/vmc2026-track3-sys019-utt235.wav,3.5495287177246415
sys001,utt288,wav/vmc2026-track3-sys001-utt288.wav,wav/vmc2026-track3-sys019-utt287.wav,3.964847224446685
sys014,utt208,wav/vmc2026-track3-sys014-utt208.wav,wav/vmc2026-track3-sys019-utt207.wav,4.276006429617567
sys007,utt042,wav/vmc2026-track3-sys007-utt042.wav,wav/vmc2026-track3-sys019-utt041.wav,3.890244501834204
sys009,utt104,wav/vmc2026-track3-sys009-utt104.wav,wav/vmc2026-track3-sys019-utt103.wav,4.63723112602163
sys007,utt110,wav/vmc2026-track3-sys007-utt110.wav,wav/vmc2026-track3-sys019-utt109.wav,4.025383675768381
sys012,utt286,wav/vmc2026-track3-sys012-utt286.wav,wav/vmc2026-track3-sys019-utt285.wav,4.7180269302420434
sys023,utt036,wav/vmc2026-track3-sys023-utt036.wav,wav/vmc2026-track3-sys019-utt035.wav,4.120430811258146
sys010,utt204,wav/vmc2026-track3-sys010-utt204.wav,wav/vmc2026-track3-sys019-utt203.wav,3.6301830799131327
sys008,utt268,wav/vmc2026-track3-sys008-utt268.wav,wav/vmc2026-track3-sys019-utt267.wav,4.309210246948796
sys022,utt238,wav/vmc2026-track3-sys022-utt238.wav,wav/vmc2026-track3-sys019-utt237.wav,3.894703743667088
sys020,utt192,wav/vmc2026-track3-sys020-utt192.wav,wav/vmc2026-track3-sys019-utt191.wav,3.4974370153474226
sys022,utt084,wav/vmc2026-track3-sys022-utt084.wav,wav/vmc2026-track3-sys019-utt083.wav,3.132742878113582
sys006,utt156,wav/vmc2026-track3-sys006-utt156.wav,wav/vmc2026-track3-sys019-utt155.wav,4.745894931307664
sys022,utt046,wav/vmc2026-track3-sys022-utt046.wav,wav/vmc2026-track3-sys019-utt045.wav,3.9353949054915005
sys001,utt134,wav/vmc2026-track3-sys001-utt134.wav,wav/vmc2026-track3-sys019-utt133.wav,4.062102638491279
sys012,utt004,wav/vmc2026-track3-sys012-utt004.wav,wav/vmc2026-track3-sys019-utt003.wav,4.258303252991563
sys016,utt246,wav/vmc2026-track3-sys016-utt246.wav,wav/vmc2026-track3-sys019-utt245.wav,4.0793789268549965
sys005,utt284,wav/vmc2026-track3-sys005-utt284.wav,wav/vmc2026-track3-sys019-utt283.wav,4.105488324075889
sys008,utt140,wav/vmc2026-track3-sys008-utt140.wav,wav/vmc2026-track3-sys019-utt139.wav,4.134905115638126
sys010,utt134,wav/vmc2026-track3-sys010-utt134.wav,wav/vmc2026-track3-sys019-utt133.wav,3.8695548093954377
sys018,utt224,wav/vmc2026-track3-sys018-utt224.wav,wav/vmc2026-track3-sys019-utt223.wav,3.56547400212415
sys022,utt118,wav/vmc2026-track3-sys022-utt118.wav,wav/vmc2026-track3-sys019-utt117.wav,3.7865151736006997
sys023,utt202,wav/vmc2026-track3-sys023-utt202.wav,wav/vmc2026-track3-sys019-utt201.wav,4.236804761706539
sys016,utt066,wav/vmc2026-track3-sys016-utt066.wav,wav/vmc2026-track3-sys019-utt065.wav,4.260451188639205
sys005,utt280,wav/vmc2026-track3-sys005-utt280.wav,wav/vmc2026-track3-sys019-utt279.wav,4.2379141523416095
sys001,utt032,wav/vmc2026-track3-sys001-utt032.wav,wav/vmc2026-track3-sys019-utt031.wav,3.7111477313175993
sys013,utt082,wav/vmc2026-track3-sys013-utt082.wav,wav/vmc2026-track3-sys019-utt081.wav,4.019468803271429
sys014,utt300,wav/vmc2026-track3-sys014-utt300.wav,wav/vmc2026-track3-sys019-utt299.wav,4.257156791449453
sys012,utt280,wav/vmc2026-track3-sys012-utt280.wav,wav/vmc2026-track3-sys019-utt279.wav,4.927959138309001
sys023,utt250,wav/vmc2026-track3-sys023-utt250.wav,wav/vmc2026-track3-sys019-utt249.wav,4.671719450213798
sys012,utt268,wav/vmc2026-track3-sys012-utt268.wav,wav/vmc2026-track3-sys019-utt267.wav,3.915784612425971
sys001,utt104,wav/vmc2026-track3-sys001-utt104.wav,wav/vmc2026-track3-sys019-utt103.wav,3.898645243963233
sys002,utt176,wav/vmc2026-track3-sys002-utt176.wav,wav/vmc2026-track3-sys019-utt175.wav,3.2941708709274162
sys001,utt108,wav/vmc2026-track3-sys001-utt108.wav,wav/vmc2026-track3-sys019-utt107.wav,3.583327224745364
sys018,utt194,wav/vmc2026-track3-sys018-utt194.wav,wav/vmc2026-track3-sys019-utt193.wav,3.8902689407619593
sys012,utt122,wav/vmc2026-track3-sys012-utt122.wav,wav/vmc2026-track3-sys019-utt121.wav,3.6616189051423973
sys005,utt176,wav/vmc2026-track3-sys005-utt176.wav,wav/vmc2026-track3-sys019-utt175.wav,3.1996327413565657
sys020,utt312,wav/vmc2026-track3-sys020-utt312.wav,wav/vmc2026-track3-sys019-utt311.wav,3.239765982449722
sys020,utt124,wav/vmc2026-track3-sys020-utt124.wav,wav/vmc2026-track3-sys019-utt123.wav,3.167542923051874
sys026,utt308,wav/vmc2026-track3-sys026-utt308.wav,wav/vmc2026-track3-sys019-utt307.wav,4.412425858445761
sys005,utt102,wav/vmc2026-track3-sys005-utt102.wav,wav/vmc2026-track3-sys019-utt101.wav,3.4673144780587477
sys012,utt210,wav/vmc2026-track3-sys012-utt210.wav,wav/vmc2026-track3-sys019-utt209.wav,4.255113603755499
sys012,utt274,wav/vmc2026-track3-sys012-utt274.wav,wav/vmc2026-track3-sys019-utt273.wav,4.5899106147172715
sys023,utt086,wav/vmc2026-track3-sys023-utt086.wav,wav/vmc2026-track3-sys019-utt085.wav,4.525377450678542
sys008,utt132,wav/vmc2026-track3-sys008-utt132.wav,wav/vmc2026-track3-sys019-utt131.wav,4.2588461216639075
sys005,utt026,wav/vmc2026-track3-sys005-utt026.wav,wav/vmc2026-track3-sys019-utt025.wav,3.5147290457202134
sys009,utt310,wav/vmc2026-track3-sys009-utt310.wav,wav/vmc2026-track3-sys019-utt309.wav,4.570922949958034
sys007,utt284,wav/vmc2026-track3-sys007-utt284.wav,wav/vmc2026-track3-sys019-utt283.wav,4.382511531553209
sys009,utt134,wav/vmc2026-track3-sys009-utt134.wav,wav/vmc2026-track3-sys019-utt133.wav,3.6925158601014054
sys025,utt014,wav/vmc2026-track3-sys025-utt014.wav,wav/vmc2026-track3-sys019-utt013.wav,4.643408566924303
sys014,utt066,wav/vmc2026-track3-sys014-utt066.wav,wav/vmc2026-track3-sys019-utt065.wav,4.564257501885079
sys025,utt238,wav/vmc2026-track3-sys025-utt238.wav,wav/vmc2026-track3-sys019-utt237.wav,4.471980421086686
sys006,utt212,wav/vmc2026-track3-sys006-utt212.wav,wav/vmc2026-track3-sys019-utt211.wav,4.402237273947668
sys010,utt114,wav/vmc2026-track3-sys010-utt114.wav,wav/vmc2026-track3-sys019-utt113.wav,3.495443469548367
sys023,utt070,wav/vmc2026-track3-sys023-utt070.wav,wav/vmc2026-track3-sys019-utt069.wav,4.5713964284702815
sys009,utt020,wav/vmc2026-track3-sys009-utt020.wav,wav/vmc2026-track3-sys019-utt019.wav,4.498886951152214
sys026,utt062,wav/vmc2026-track3-sys026-utt062.wav,wav/vmc2026-track3-sys019-utt061.wav,3.971307218680793
sys011,utt310,wav/vmc2026-track3-sys011-utt310.wav,wav/vmc2026-track3-sys019-utt309.wav,4.756487317086949
sys007,utt022,wav/vmc2026-track3-sys007-utt022.wav,wav/vmc2026-track3-sys019-utt021.wav,3.887765834933327
sys008,utt230,wav/vmc2026-track3-sys008-utt230.wav,wav/vmc2026-track3-sys019-utt229.wav,5.0
sys024,utt276,wav/vmc2026-track3-sys024-utt276.wav,wav/vmc2026-track3-sys019-utt275.wav,4.541810003401297
sys006,utt008,wav/vmc2026-track3-sys006-utt008.wav,wav/vmc2026-track3-sys019-utt007.wav,4.814303057588157
sys002,utt234,wav/vmc2026-track3-sys002-utt234.wav,wav/vmc2026-track3-sys019-utt233.wav,4.271984123672888
sys014,utt008,wav/vmc2026-track3-sys014-utt008.wav,wav/vmc2026-track3-sys019-utt007.wav,4.80741096700489
sys006,utt288,wav/vmc2026-track3-sys006-utt288.wav,wav/vmc2026-track3-sys019-utt287.wav,4.509574848914695
sys010,utt320,wav/vmc2026-track3-sys010-utt320.wav,wav/vmc2026-track3-sys019-utt319.wav,4.443930929086354
sys008,utt108,wav/vmc2026-track3-sys008-utt108.wav,wav/vmc2026-track3-sys019-utt107.wav,4.522919767935229
sys014,utt046,wav/vmc2026-track3-sys014-utt046.wav,wav/vmc2026-track3-sys019-utt045.wav,4.648737851461855
sys014,utt286,wav/vmc2026-track3-sys014-utt286.wav,wav/vmc2026-track3-sys019-utt285.wav,4.3465388165864995
sys024,utt242,wav/vmc2026-track3-sys024-utt242.wav,wav/vmc2026-track3-sys019-utt241.wav,3.970610314343345
sys020,utt066,wav/vmc2026-track3-sys020-utt066.wav,wav/vmc2026-track3-sys019-utt065.wav,3.486201803174648
sys020,utt294,wav/vmc2026-track3-sys020-utt294.wav,wav/vmc2026-track3-sys019-utt293.wav,3.1581368250348936
sys002,utt046,wav/vmc2026-track3-sys002-utt046.wav,wav/vmc2026-track3-sys019-utt045.wav,4.573027812361965
sys022,utt186,wav/vmc2026-track3-sys022-utt186.wav,wav/vmc2026-track3-sys019-utt185.wav,4.47906572767666
sys018,utt006,wav/vmc2026-track3-sys018-utt006.wav,wav/vmc2026-track3-sys019-utt005.wav,4.014460940768367
sys018,utt176,wav/vmc2026-track3-sys018-utt176.wav,wav/vmc2026-track3-sys019-utt175.wav,3.4262349877046305
sys026,utt182,wav/vmc2026-track3-sys026-utt182.wav,wav/vmc2026-track3-sys019-utt181.wav,4.129481736228603
sys024,utt148,wav/vmc2026-track3-sys024-utt148.wav,wav/vmc2026-track3-sys019-utt147.wav,3.157324673187144
sys016,utt142,wav/vmc2026-track3-sys016-utt142.wav,wav/vmc2026-track3-sys019-utt141.wav,3.8809708648588033
sys023,utt284,wav/vmc2026-track3-sys023-utt284.wav,wav/vmc2026-track3-sys019-utt283.wav,4.283857589124003
sys022,utt234,wav/vmc2026-track3-sys022-utt234.wav,wav/vmc2026-track3-sys019-utt233.wav,4.339111808570136
sys001,utt088,wav/vmc2026-track3-sys001-utt088.wav,wav/vmc2026-track3-sys019-utt087.wav,3.9962237725904357
sys022,utt076,wav/vmc2026-track3-sys022-utt076.wav,wav/vmc2026-track3-sys019-utt075.wav,4.230210690637242
sys023,utt172,wav/vmc2026-track3-sys023-utt172.wav,wav/vmc2026-track3-sys019-utt171.wav,3.9124914011389946
sys016,utt122,wav/vmc2026-track3-sys016-utt122.wav,wav/vmc2026-track3-sys019-utt121.wav,3.965627781927509
sys024,utt212,wav/vmc2026-track3-sys024-utt212.wav,wav/vmc2026-track3-sys019-utt211.wav,3.8552563378188367
sys017,utt226,wav/vmc2026-track3-sys017-utt226.wav,wav/vmc2026-track3-sys019-utt225.wav,4.8406342179872235
sys008,utt142,wav/vmc2026-track3-sys008-utt142.wav,wav/vmc2026-track3-sys019-utt141.wav,4.543839117551156
sys009,utt062,wav/vmc2026-track3-sys009-utt062.wav,wav/vmc2026-track3-sys019-utt061.wav,3.6068087282970236
sys007,utt146,wav/vmc2026-track3-sys007-utt146.wav,wav/vmc2026-track3-sys019-utt145.wav,4.206386668908974
sys018,utt214,wav/vmc2026-track3-sys018-utt214.wav,wav/vmc2026-track3-sys019-utt213.wav,3.2167463900257762
sys001,utt318,wav/vmc2026-track3-sys001-utt318.wav,wav/vmc2026-track3-sys019-utt317.wav,4.163210367040163
sys026,utt172,wav/vmc2026-track3-sys026-utt172.wav,wav/vmc2026-track3-sys019-utt171.wav,4.045341813097925
sys022,utt022,wav/vmc2026-track3-sys022-utt022.wav,wav/vmc2026-track3-sys019-utt021.wav,4.03513276063886
sys024,utt274,wav/vmc2026-track3-sys024-utt274.wav,wav/vmc2026-track3-sys019-utt273.wav,4.320345741615723
sys018,utt022,wav/vmc2026-track3-sys018-utt022.wav,wav/vmc2026-track3-sys019-utt021.wav,3.6592680880299744
sys023,utt126,wav/vmc2026-track3-sys023-utt126.wav,wav/vmc2026-track3-sys019-utt125.wav,4.732914850531958
sys023,utt044,wav/vmc2026-track3-sys023-utt044.wav,wav/vmc2026-track3-sys019-utt043.wav,4.099315832842217
sys005,utt104,wav/vmc2026-track3-sys005-utt104.wav,wav/vmc2026-track3-sys019-utt103.wav,3.45490661876197
sys020,utt286,wav/vmc2026-track3-sys020-utt286.wav,wav/vmc2026-track3-sys019-utt285.wav,3.655021939994096
sys001,utt208,wav/vmc2026-track3-sys001-utt208.wav,wav/vmc2026-track3-sys019-utt207.wav,3.766542569396761
sys008,utt270,wav/vmc2026-track3-sys008-utt270.wav,wav/vmc2026-track3-sys019-utt269.wav,4.482977889962772
sys005,utt072,wav/vmc2026-track3-sys005-utt072.wav,wav/vmc2026-track3-sys019-utt071.wav,3.78033570294569
sys009,utt238,wav/vmc2026-track3-sys009-utt238.wav,wav/vmc2026-track3-sys019-utt237.wav,4.605239140273975
sys006,utt106,wav/vmc2026-track3-sys006-utt106.wav,wav/vmc2026-track3-sys019-utt105.wav,4.3523790280997225
sys025,utt300,wav/vmc2026-track3-sys025-utt300.wav,wav/vmc2026-track3-sys019-utt299.wav,4.202578953230127
sys008,utt136,wav/vmc2026-track3-sys008-utt136.wav,wav/vmc2026-track3-sys019-utt135.wav,4.831992175045981
sys010,utt088,wav/vmc2026-track3-sys010-utt088.wav,wav/vmc2026-track3-sys019-utt087.wav,4.558540530679681
sys018,utt108,wav/vmc2026-track3-sys018-utt108.wav,wav/vmc2026-track3-sys019-utt107.wav,4.192129985362826
sys025,utt244,wav/vmc2026-track3-sys025-utt244.wav,wav/vmc2026-track3-sys019-utt243.wav,3.832718146521307
sys006,utt034,wav/vmc2026-track3-sys006-utt034.wav,wav/vmc2026-track3-sys019-utt033.wav,4.694449000517412
sys018,utt274,wav/vmc2026-track3-sys018-utt274.wav,wav/vmc2026-track3-sys019-utt273.wav,3.318190904256223
sys009,utt318,wav/vmc2026-track3-sys009-utt318.wav,wav/vmc2026-track3-sys019-utt317.wav,4.564434488957848
sys008,utt022,wav/vmc2026-track3-sys008-utt022.wav,wav/vmc2026-track3-sys019-utt021.wav,4.06213920395343
sys024,utt036,wav/vmc2026-track3-sys024-utt036.wav,wav/vmc2026-track3-sys019-utt035.wav,3.294102523896045
sys022,utt080,wav/vmc2026-track3-sys022-utt080.wav,wav/vmc2026-track3-sys019-utt079.wav,4.1621548073346055
sys010,utt130,wav/vmc2026-track3-sys010-utt130.wav,wav/vmc2026-track3-sys019-utt129.wav,4.440574352232002
sys017,utt072,wav/vmc2026-track3-sys017-utt072.wav,wav/vmc2026-track3-sys019-utt071.wav,4.125446551807417
sys016,utt308,wav/vmc2026-track3-sys016-utt308.wav,wav/vmc2026-track3-sys019-utt307.wav,3.7140975698096477
sys017,utt156,wav/vmc2026-track3-sys017-utt156.wav,wav/vmc2026-track3-sys019-utt155.wav,4.825616399330734
sys008,utt154,wav/vmc2026-track3-sys008-utt154.wav,wav/vmc2026-track3-sys019-utt153.wav,4.926103518953804
sys001,utt126,wav/vmc2026-track3-sys001-utt126.wav,wav/vmc2026-track3-sys019-utt125.wav,4.283801269948169
sys016,utt202,wav/vmc2026-track3-sys016-utt202.wav,wav/vmc2026-track3-sys019-utt201.wav,3.970899342065548
sys014,utt206,wav/vmc2026-track3-sys014-utt206.wav,wav/vmc2026-track3-sys019-utt205.wav,4.546887538855391
sys001,utt302,wav/vmc2026-track3-sys001-utt302.wav,wav/vmc2026-track3-sys019-utt301.wav,3.9456035705601185
sys020,utt110,wav/vmc2026-track3-sys020-utt110.wav,wav/vmc2026-track3-sys019-utt109.wav,3.901672124306021
sys025,utt024,wav/vmc2026-track3-sys025-utt024.wav,wav/vmc2026-track3-sys019-utt023.wav,3.888837861575364
sys020,utt014,wav/vmc2026-track3-sys020-utt014.wav,wav/vmc2026-track3-sys019-utt013.wav,4.07909506174674
sys009,utt160,wav/vmc2026-track3-sys009-utt160.wav,wav/vmc2026-track3-sys019-utt159.wav,4.372431699369083
sys010,utt302,wav/vmc2026-track3-sys010-utt302.wav,wav/vmc2026-track3-sys019-utt301.wav,4.3837322660814495
sys020,utt006,wav/vmc2026-track3-sys020-utt006.wav,wav/vmc2026-track3-sys019-utt005.wav,3.473723128640029
sys010,utt230,wav/vmc2026-track3-sys010-utt230.wav,wav/vmc2026-track3-sys019-utt229.wav,4.374963058258622
sys005,utt156,wav/vmc2026-track3-sys005-utt156.wav,wav/vmc2026-track3-sys019-utt155.wav,4.026079945350897
sys007,utt074,wav/vmc2026-track3-sys007-utt074.wav,wav/vmc2026-track3-sys019-utt073.wav,4.272736658146506
sys002,utt070,wav/vmc2026-track3-sys002-utt070.wav,wav/vmc2026-track3-sys019-utt069.wav,3.9916874972543086
sys008,utt148,wav/vmc2026-track3-sys008-utt148.wav,wav/vmc2026-track3-sys019-utt147.wav,3.903465800069733
sys020,utt236,wav/vmc2026-track3-sys020-utt236.wav,wav/vmc2026-track3-sys019-utt235.wav,2.725793659221554
sys026,utt078,wav/vmc2026-track3-sys026-utt078.wav,wav/vmc2026-track3-sys019-utt077.wav,4.166549847500449
sys017,utt110,wav/vmc2026-track3-sys017-utt110.wav,wav/vmc2026-track3-sys019-utt109.wav,3.7815228234781384
sys026,utt262,wav/vmc2026-track3-sys026-utt262.wav,wav/vmc2026-track3-sys019-utt261.wav,4.432016913770235
sys008,utt030,wav/vmc2026-track3-sys008-utt030.wav,wav/vmc2026-track3-sys019-utt029.wav,4.258741890462138
sys026,utt148,wav/vmc2026-track3-sys026-utt148.wav,wav/vmc2026-track3-sys019-utt147.wav,4.142619715018211
sys007,utt204,wav/vmc2026-track3-sys007-utt204.wav,wav/vmc2026-track3-sys019-utt203.wav,4.032201225822288
sys026,utt028,wav/vmc2026-track3-sys026-utt028.wav,wav/vmc2026-track3-sys019-utt027.wav,4.2779497040673835
sys012,utt140,wav/vmc2026-track3-sys012-utt140.wav,wav/vmc2026-track3-sys019-utt139.wav,2.991968226585077
sys025,utt274,wav/vmc2026-track3-sys025-utt274.wav,wav/vmc2026-track3-sys019-utt273.wav,4.257882587682659
sys002,utt310,wav/vmc2026-track3-sys002-utt310.wav,wav/vmc2026-track3-sys019-utt309.wav,5.0
sys007,utt040,wav/vmc2026-track3-sys007-utt040.wav,wav/vmc2026-track3-sys019-utt039.wav,4.17285964757184
sys011,utt040,wav/vmc2026-track3-sys011-utt040.wav,wav/vmc2026-track3-sys019-utt039.wav,4.547385771917711
sys005,utt172,wav/vmc2026-track3-sys005-utt172.wav,wav/vmc2026-track3-sys019-utt171.wav,3.216540775691823
sys006,utt024,wav/vmc2026-track3-sys006-utt024.wav,wav/vmc2026-track3-sys019-utt023.wav,4.414925330615534
sys016,utt024,wav/vmc2026-track3-sys016-utt024.wav,wav/vmc2026-track3-sys019-utt023.wav,3.740074163031516
sys008,utt134,wav/vmc2026-track3-sys008-utt134.wav,wav/vmc2026-track3-sys019-utt133.wav,4.01179892488465
sys005,utt002,wav/vmc2026-track3-sys005-utt002.wav,wav/vmc2026-track3-sys019-utt001.wav,4.096139735070594
sys025,utt128,wav/vmc2026-track3-sys025-utt128.wav,wav/vmc2026-track3-sys019-utt127.wav,3.82234668640867
sys010,utt076,wav/vmc2026-track3-sys010-utt076.wav,wav/vmc2026-track3-sys019-utt075.wav,4.160914762620397
sys008,utt024,wav/vmc2026-track3-sys008-utt024.wav,wav/vmc2026-track3-sys019-utt023.wav,4.603926655338055
sys020,utt296,wav/vmc2026-track3-sys020-utt296.wav,wav/vmc2026-track3-sys019-utt295.wav,3.2401951989931845
sys001,utt064,wav/vmc2026-track3-sys001-utt064.wav,wav/vmc2026-track3-sys019-utt063.wav,4.056652003742614
sys017,utt006,wav/vmc2026-track3-sys017-utt006.wav,wav/vmc2026-track3-sys019-utt005.wav,4.138910557581615
sys012,utt080,wav/vmc2026-track3-sys012-utt080.wav,wav/vmc2026-track3-sys019-utt079.wav,4.14085372746417
sys011,utt282,wav/vmc2026-track3-sys011-utt282.wav,wav/vmc2026-track3-sys019-utt281.wav,4.715201300572721
sys017,utt038,wav/vmc2026-track3-sys017-utt038.wav,wav/vmc2026-track3-sys019-utt037.wav,3.819232356788616
sys026,utt084,wav/vmc2026-track3-sys026-utt084.wav,wav/vmc2026-track3-sys019-utt083.wav,3.876028529265718
sys010,utt032,wav/vmc2026-track3-sys010-utt032.wav,wav/vmc2026-track3-sys019-utt031.wav,3.6040626029704996
sys014,utt002,wav/vmc2026-track3-sys014-utt002.wav,wav/vmc2026-track3-sys019-utt001.wav,4.606920984719602
sys014,utt204,wav/vmc2026-track3-sys014-utt204.wav,wav/vmc2026-track3-sys019-utt203.wav,4.739226765668391
sys002,utt074,wav/vmc2026-track3-sys002-utt074.wav,wav/vmc2026-track3-sys019-utt073.wav,4.083580040446037
sys025,utt186,wav/vmc2026-track3-sys025-utt186.wav,wav/vmc2026-track3-sys019-utt185.wav,3.798044973940086
sys022,utt016,wav/vmc2026-track3-sys022-utt016.wav,wav/vmc2026-track3-sys019-utt015.wav,3.9575339493861925
sys001,utt160,wav/vmc2026-track3-sys001-utt160.wav,wav/vmc2026-track3-sys019-utt159.wav,4.314035092022004
sys024,utt266,wav/vmc2026-track3-sys024-utt266.wav,wav/vmc2026-track3-sys019-utt265.wav,3.832572628363294
sys016,utt216,wav/vmc2026-track3-sys016-utt216.wav,wav/vmc2026-track3-sys019-utt215.wav,4.732959850722605
sys008,utt236,wav/vmc2026-track3-sys008-utt236.wav,wav/vmc2026-track3-sys019-utt235.wav,4.367399708654318
sys022,utt204,wav/vmc2026-track3-sys022-utt204.wav,wav/vmc2026-track3-sys019-utt203.wav,3.422286573364624
sys007,utt064,wav/vmc2026-track3-sys007-utt064.wav,wav/vmc2026-track3-sys019-utt063.wav,4.288859218517084
sys006,utt046,wav/vmc2026-track3-sys006-utt046.wav,wav/vmc2026-track3-sys019-utt045.wav,4.287454727347908
sys017,utt014,wav/vmc2026-track3-sys017-utt014.wav,wav/vmc2026-track3-sys019-utt013.wav,4.678814182589274
sys014,utt064,wav/vmc2026-track3-sys014-utt064.wav,wav/vmc2026-track3-sys019-utt063.wav,4.614872694315795
sys012,utt114,wav/vmc2026-track3-sys012-utt114.wav,wav/vmc2026-track3-sys019-utt113.wav,3.7735992409173416
sys011,utt244,wav/vmc2026-track3-sys011-utt244.wav,wav/vmc2026-track3-sys019-utt243.wav,4.743736364961508
sys016,utt018,wav/vmc2026-track3-sys016-utt018.wav,wav/vmc2026-track3-sys019-utt017.wav,3.8455920598866
sys005,utt274,wav/vmc2026-track3-sys005-utt274.wav,wav/vmc2026-track3-sys019-utt273.wav,4.168304798750176
sys001,utt014,wav/vmc2026-track3-sys001-utt014.wav,wav/vmc2026-track3-sys019-utt013.wav,4.447779286344007
sys025,utt206,wav/vmc2026-track3-sys025-utt206.wav,wav/vmc2026-track3-sys019-utt205.wav,3.9650126925497746
sys006,utt128,wav/vmc2026-track3-sys006-utt128.wav,wav/vmc2026-track3-sys019-utt127.wav,4.404916956093168
sys017,utt204,wav/vmc2026-track3-sys017-utt204.wav,wav/vmc2026-track3-sys019-utt203.wav,3.912037407257575
sys008,utt016,wav/vmc2026-track3-sys008-utt016.wav,wav/vmc2026-track3-sys019-utt015.wav,4.734214815362105
sys009,utt074,wav/vmc2026-track3-sys009-utt074.wav,wav/vmc2026-track3-sys019-utt073.wav,4.350942334378128
sys017,utt040,wav/vmc2026-track3-sys017-utt040.wav,wav/vmc2026-track3-sys019-utt039.wav,4.630123119907078
sys016,utt064,wav/vmc2026-track3-sys016-utt064.wav,wav/vmc2026-track3-sys019-utt063.wav,4.155101609716958
sys016,utt172,wav/vmc2026-track3-sys016-utt172.wav,wav/vmc2026-track3-sys019-utt171.wav,3.6994200960030845
sys026,utt280,wav/vmc2026-track3-sys026-utt280.wav,wav/vmc2026-track3-sys019-utt279.wav,4.259907330875787
sys014,utt122,wav/vmc2026-track3-sys014-utt122.wav,wav/vmc2026-track3-sys019-utt121.wav,4.29284849393461
sys020,utt274,wav/vmc2026-track3-sys020-utt274.wav,wav/vmc2026-track3-sys019-utt273.wav,3.0610960269023684
sys022,utt014,wav/vmc2026-track3-sys022-utt014.wav,wav/vmc2026-track3-sys019-utt013.wav,4.012672075438566
sys002,utt294,wav/vmc2026-track3-sys002-utt294.wav,wav/vmc2026-track3-sys019-utt293.wav,4.134579787974064
sys026,utt216,wav/vmc2026-track3-sys026-utt216.wav,wav/vmc2026-track3-sys019-utt215.wav,4.043019789507709
sys001,utt082,wav/vmc2026-track3-sys001-utt082.wav,wav/vmc2026-track3-sys019-utt081.wav,4.046534436815341
sys009,utt022,wav/vmc2026-track3-sys009-utt022.wav,wav/vmc2026-track3-sys019-utt021.wav,4.364812795699866
sys002,utt114,wav/vmc2026-track3-sys002-utt114.wav,wav/vmc2026-track3-sys019-utt113.wav,3.7279186812427003
sys026,utt048,wav/vmc2026-track3-sys026-utt048.wav,wav/vmc2026-track3-sys019-utt047.wav,4.653038450094602
sys006,utt070,wav/vmc2026-track3-sys006-utt070.wav,wav/vmc2026-track3-sys019-utt069.wav,4.8165843248643645
sys025,utt158,wav/vmc2026-track3-sys025-utt158.wav,wav/vmc2026-track3-sys019-utt157.wav,4.317070818717534
sys007,utt300,wav/vmc2026-track3-sys007-utt300.wav,wav/vmc2026-track3-sys019-utt299.wav,3.6296402200589073
sys025,utt210,wav/vmc2026-track3-sys025-utt210.wav,wav/vmc2026-track3-sys019-utt209.wav,3.5841494742922544
sys023,utt272,wav/vmc2026-track3-sys023-utt272.wav,wav/vmc2026-track3-sys019-utt271.wav,4.558469287399688
sys001,utt114,wav/vmc2026-track3-sys001-utt114.wav,wav/vmc2026-track3-sys019-utt113.wav,3.646362964777725
sys010,utt046,wav/vmc2026-track3-sys010-utt046.wav,wav/vmc2026-track3-sys019-utt045.wav,3.8065496637029135
sys023,utt066,wav/vmc2026-track3-sys023-utt066.wav,wav/vmc2026-track3-sys019-utt065.wav,4.784956553751494
sys025,utt226,wav/vmc2026-track3-sys025-utt226.wav,wav/vmc2026-track3-sys019-utt225.wav,3.827862764544722
sys006,utt298,wav/vmc2026-track3-sys006-utt298.wav,wav/vmc2026-track3-sys019-utt297.wav,4.794026484295917
sys011,utt312,wav/vmc2026-track3-sys011-utt312.wav,wav/vmc2026-track3-sys019-utt311.wav,4.602510626615877
sys010,utt278,wav/vmc2026-track3-sys010-utt278.wav,wav/vmc2026-track3-sys019-utt277.wav,3.9104338219203236
sys025,utt140,wav/vmc2026-track3-sys025-utt140.wav,wav/vmc2026-track3-sys019-utt139.wav,3.711955572494858
sys006,utt284,wav/vmc2026-track3-sys006-utt284.wav,wav/vmc2026-track3-sys019-utt283.wav,4.494459144697215
sys011,utt070,wav/vmc2026-track3-sys011-utt070.wav,wav/vmc2026-track3-sys019-utt069.wav,4.576469429276617
sys025,utt202,wav/vmc2026-track3-sys025-utt202.wav,wav/vmc2026-track3-sys019-utt201.wav,3.2369742904707017
sys011,utt250,wav/vmc2026-track3-sys011-utt250.wav,wav/vmc2026-track3-sys019-utt249.wav,4.665013123483995
sys014,utt014,wav/vmc2026-track3-sys014-utt014.wav,wav/vmc2026-track3-sys019-utt013.wav,4.919775048208023
sys025,utt200,wav/vmc2026-track3-sys025-utt200.wav,wav/vmc2026-track3-sys019-utt199.wav,4.600217220205356
sys022,utt134,wav/vmc2026-track3-sys022-utt134.wav,wav/vmc2026-track3-sys019-utt133.wav,3.2810447956137407
sys026,utt120,wav/vmc2026-track3-sys026-utt120.wav,wav/vmc2026-track3-sys019-utt119.wav,4.030247421855767
sys002,utt210,wav/vmc2026-track3-sys002-utt210.wav,wav/vmc2026-track3-sys019-utt209.wav,4.085004221060813
sys007,utt268,wav/vmc2026-track3-sys007-utt268.wav,wav/vmc2026-track3-sys019-utt267.wav,4.061576475595624
sys024,utt106,wav/vmc2026-track3-sys024-utt106.wav,wav/vmc2026-track3-sys019-utt105.wav,4.122890459887703
sys005,utt218,wav/vmc2026-track3-sys005-utt218.wav,wav/vmc2026-track3-sys019-utt217.wav,3.9562557369609457
sys002,utt132,wav/vmc2026-track3-sys002-utt132.wav,wav/vmc2026-track3-sys019-utt131.wav,4.3110835243110674
sys012,utt076,wav/vmc2026-track3-sys012-utt076.wav,wav/vmc2026-track3-sys019-utt075.wav,4.012910403615656
sys023,utt224,wav/vmc2026-track3-sys023-utt224.wav,wav/vmc2026-track3-sys019-utt223.wav,4.548182240743329
sys002,utt192,wav/vmc2026-track3-sys002-utt192.wav,wav/vmc2026-track3-sys019-utt191.wav,4.217448905363415
sys002,utt012,wav/vmc2026-track3-sys002-utt012.wav,wav/vmc2026-track3-sys019-utt011.wav,4.46871610610326
sys001,utt006,wav/vmc2026-track3-sys001-utt006.wav,wav/vmc2026-track3-sys019-utt005.wav,4.131788239462361
sys009,utt090,wav/vmc2026-track3-sys009-utt090.wav,wav/vmc2026-track3-sys019-utt089.wav,4.05291210515633
sys016,utt264,wav/vmc2026-track3-sys016-utt264.wav,wav/vmc2026-track3-sys019-utt263.wav,3.5939996727730597
sys010,utt146,wav/vmc2026-track3-sys010-utt146.wav,wav/vmc2026-track3-sys019-utt145.wav,3.7914460273378303
sys012,utt192,wav/vmc2026-track3-sys012-utt192.wav,wav/vmc2026-track3-sys019-utt191.wav,3.8322313508865533
sys009,utt210,wav/vmc2026-track3-sys009-utt210.wav,wav/vmc2026-track3-sys019-utt209.wav,4.3011791711341525
sys023,utt310,wav/vmc2026-track3-sys023-utt310.wav,wav/vmc2026-track3-sys019-utt309.wav,4.308766131965097
sys008,utt066,wav/vmc2026-track3-sys008-utt066.wav,wav/vmc2026-track3-sys019-utt065.wav,4.894084878405983
sys024,utt040,wav/vmc2026-track3-sys024-utt040.wav,wav/vmc2026-track3-sys019-utt039.wav,4.3088196769726625
sys014,utt210,wav/vmc2026-track3-sys014-utt210.wav,wav/vmc2026-track3-sys019-utt209.wav,4.462290804182923
sys024,utt228,wav/vmc2026-track3-sys024-utt228.wav,wav/vmc2026-track3-sys019-utt227.wav,4.49606452409988
sys023,utt262,wav/vmc2026-track3-sys023-utt262.wav,wav/vmc2026-track3-sys019-utt261.wav,4.427663749511361
sys017,utt034,wav/vmc2026-track3-sys017-utt034.wav,wav/vmc2026-track3-sys019-utt033.wav,4.357365516325463
sys026,utt026,wav/vmc2026-track3-sys026-utt026.wav,wav/vmc2026-track3-sys019-utt025.wav,4.201664529568751
sys002,utt288,wav/vmc2026-track3-sys002-utt288.wav,wav/vmc2026-track3-sys019-utt287.wav,4.595378802886465
sys012,utt022,wav/vmc2026-track3-sys012-utt022.wav,wav/vmc2026-track3-sys019-utt021.wav,3.83432004537604
sys013,utt022,wav/vmc2026-track3-sys013-utt022.wav,wav/vmc2026-track3-sys019-utt021.wav,4.15625821377228
sys005,utt138,wav/vmc2026-track3-sys005-utt138.wav,wav/vmc2026-track3-sys019-utt137.wav,3.7494691418044286
sys013,utt076,wav/vmc2026-track3-sys013-utt076.wav,wav/vmc2026-track3-sys019-utt075.wav,4.307800457594253
sys008,utt286,wav/vmc2026-track3-sys008-utt286.wav,wav/vmc2026-track3-sys019-utt285.wav,4.271073446780859
sys013,utt228,wav/vmc2026-track3-sys013-utt228.wav,wav/vmc2026-track3-sys019-utt227.wav,4.455009815002358
sys018,utt024,wav/vmc2026-track3-sys018-utt024.wav,wav/vmc2026-track3-sys019-utt023.wav,3.389746587724744
sys011,utt216,wav/vmc2026-track3-sys011-utt216.wav,wav/vmc2026-track3-sys019-utt215.wav,4.42492052901199
sys018,utt074,wav/vmc2026-track3-sys018-utt074.wav,wav/vmc2026-track3-sys019-utt073.wav,3.371243235997504
sys010,utt270,wav/vmc2026-track3-sys010-utt270.wav,wav/vmc2026-track3-sys019-utt269.wav,4.39379680489248
sys017,utt272,wav/vmc2026-track3-sys017-utt272.wav,wav/vmc2026-track3-sys019-utt271.wav,4.173077058301115
sys026,utt228,wav/vmc2026-track3-sys026-utt228.wav,wav/vmc2026-track3-sys019-utt227.wav,4.637348509183283
sys011,utt112,wav/vmc2026-track3-sys011-utt112.wav,wav/vmc2026-track3-sys019-utt111.wav,3.7362248033399608
sys017,utt154,wav/vmc2026-track3-sys017-utt154.wav,wav/vmc2026-track3-sys019-utt153.wav,4.346569262329495
sys022,utt004,wav/vmc2026-track3-sys022-utt004.wav,wav/vmc2026-track3-sys019-utt003.wav,3.7411346215274355
sys017,utt296,wav/vmc2026-track3-sys017-utt296.wav,wav/vmc2026-track3-sys019-utt295.wav,4.545331928179234
sys024,utt086,wav/vmc2026-track3-sys024-utt086.wav,wav/vmc2026-track3-sys019-utt085.wav,3.883238796996692
sys026,utt152,wav/vmc2026-track3-sys026-utt152.wav,wav/vmc2026-track3-sys019-utt151.wav,4.47509040317072
sys006,utt198,wav/vmc2026-track3-sys006-utt198.wav,wav/vmc2026-track3-sys019-utt197.wav,4.621395828363838
sys002,utt004,wav/vmc2026-track3-sys002-utt004.wav,wav/vmc2026-track3-sys019-utt003.wav,4.593131103582247
sys012,utt020,wav/vmc2026-track3-sys012-utt020.wav,wav/vmc2026-track3-sys019-utt019.wav,4.250289825050067
sys002,utt062,wav/vmc2026-track3-sys002-utt062.wav,wav/vmc2026-track3-sys019-utt061.wav,3.2670845384546654
sys014,utt196,wav/vmc2026-track3-sys014-utt196.wav,wav/vmc2026-track3-sys019-utt195.wav,4.636179784391508
sys013,utt154,wav/vmc2026-track3-sys013-utt154.wav,wav/vmc2026-track3-sys019-utt153.wav,4.599982522548342
sys014,utt268,wav/vmc2026-track3-sys014-utt268.wav,wav/vmc2026-track3-sys019-utt267.wav,4.501869927693579
sys017,utt118,wav/vmc2026-track3-sys017-utt118.wav,wav/vmc2026-track3-sys019-utt117.wav,4.2361964208726315
sys009,utt300,wav/vmc2026-track3-sys009-utt300.wav,wav/vmc2026-track3-sys019-utt299.wav,4.197956887926492
sys002,utt064,wav/vmc2026-track3-sys002-utt064.wav,wav/vmc2026-track3-sys019-utt063.wav,4.388295464001748
sys011,utt306,wav/vmc2026-track3-sys011-utt306.wav,wav/vmc2026-track3-sys019-utt305.wav,4.357338123084238
sys010,utt150,wav/vmc2026-track3-sys010-utt150.wav,wav/vmc2026-track3-sys019-utt149.wav,3.9383730918299995
sys017,utt270,wav/vmc2026-track3-sys017-utt270.wav,wav/vmc2026-track3-sys019-utt269.wav,4.490558939862993
sys017,utt090,wav/vmc2026-track3-sys017-utt090.wav,wav/vmc2026-track3-sys019-utt089.wav,4.146832350231827
sys014,utt184,wav/vmc2026-track3-sys014-utt184.wav,wav/vmc2026-track3-sys019-utt183.wav,4.624938428750459
sys005,utt120,wav/vmc2026-track3-sys005-utt120.wav,wav/vmc2026-track3-sys019-utt119.wav,3.875822164426101
sys020,utt068,wav/vmc2026-track3-sys020-utt068.wav,wav/vmc2026-track3-sys019-utt067.wav,3.0786926514881547
sys001,utt040,wav/vmc2026-track3-sys001-utt040.wav,wav/vmc2026-track3-sys019-utt039.wav,4.471410437662262
sys011,utt266,wav/vmc2026-track3-sys011-utt266.wav,wav/vmc2026-track3-sys019-utt265.wav,4.035486637870813
sys007,utt062,wav/vmc2026-track3-sys007-utt062.wav,wav/vmc2026-track3-sys019-utt061.wav,4.014753035374165
sys006,utt250,wav/vmc2026-track3-sys006-utt250.wav,wav/vmc2026-track3-sys019-utt249.wav,4.710832801583976
sys024,utt250,wav/vmc2026-track3-sys024-utt250.wav,wav/vmc2026-track3-sys019-utt249.wav,4.5024332405805305
sys020,utt120,wav/vmc2026-track3-sys020-utt120.wav,wav/vmc2026-track3-sys019-utt119.wav,3.276279678673244
sys022,utt266,wav/vmc2026-track3-sys022-utt266.wav,wav/vmc2026-track3-sys019-utt265.wav,3.667045487456347
sys001,utt136,wav/vmc2026-track3-sys001-utt136.wav,wav/vmc2026-track3-sys019-utt135.wav,4.0777551101948175
sys017,utt294,wav/vmc2026-track3-sys017-utt294.wav,wav/vmc2026-track3-sys019-utt293.wav,4.689422354003607
sys025,utt068,wav/vmc2026-track3-sys025-utt068.wav,wav/vmc2026-track3-sys019-utt067.wav,4.066098445776684
sys011,utt026,wav/vmc2026-track3-sys011-utt026.wav,wav/vmc2026-track3-sys019-utt025.wav,4.372878020114523
sys018,utt280,wav/vmc2026-track3-sys018-utt280.wav,wav/vmc2026-track3-sys019-utt279.wav,3.7664598376703475
sys009,utt200,wav/vmc2026-track3-sys009-utt200.wav,wav/vmc2026-track3-sys019-utt199.wav,4.64263970931794
sys005,utt202,wav/vmc2026-track3-sys005-utt202.wav,wav/vmc2026-track3-sys019-utt201.wav,3.7639324649603374
sys024,utt222,wav/vmc2026-track3-sys024-utt222.wav,wav/vmc2026-track3-sys019-utt221.wav,3.8875162593251806
sys020,utt282,wav/vmc2026-track3-sys020-utt282.wav,wav/vmc2026-track3-sys019-utt281.wav,3.5113790846537167
sys010,utt282,wav/vmc2026-track3-sys010-utt282.wav,wav/vmc2026-track3-sys019-utt281.wav,4.731441127021553
sys012,utt270,wav/vmc2026-track3-sys012-utt270.wav,wav/vmc2026-track3-sys019-utt269.wav,3.9079449834307147
sys008,utt202,wav/vmc2026-track3-sys008-utt202.wav,wav/vmc2026-track3-sys019-utt201.wav,4.05459732093973
sys008,utt150,wav/vmc2026-track3-sys008-utt150.wav,wav/vmc2026-track3-sys019-utt149.wav,4.167270702682521
sys010,utt138,wav/vmc2026-track3-sys010-utt138.wav,wav/vmc2026-track3-sys019-utt137.wav,3.9807050380405253
sys002,utt116,wav/vmc2026-track3-sys002-utt116.wav,wav/vmc2026-track3-sys019-utt115.wav,4.298139675580693
sys025,utt156,wav/vmc2026-track3-sys025-utt156.wav,wav/vmc2026-track3-sys019-utt155.wav,4.4777781712813685
sys014,utt302,wav/vmc2026-track3-sys014-utt302.wav,wav/vmc2026-track3-sys019-utt301.wav,4.802679867199898
sys011,utt090,wav/vmc2026-track3-sys011-utt090.wav,wav/vmc2026-track3-sys019-utt089.wav,4.1333130931797095
sys025,utt040,wav/vmc2026-track3-sys025-utt040.wav,wav/vmc2026-track3-sys019-utt039.wav,4.246854345219076
sys023,utt204,wav/vmc2026-track3-sys023-utt204.wav,wav/vmc2026-track3-sys019-utt203.wav,3.8861427417852776
sys009,utt244,wav/vmc2026-track3-sys009-utt244.wav,wav/vmc2026-track3-sys019-utt243.wav,4.5969275520235
sys005,utt220,wav/vmc2026-track3-sys005-utt220.wav,wav/vmc2026-track3-sys019-utt219.wav,3.9498280096728546
sys026,utt238,wav/vmc2026-track3-sys026-utt238.wav,wav/vmc2026-track3-sys019-utt237.wav,4.338892224934236
sys008,utt310,wav/vmc2026-track3-sys008-utt310.wav,wav/vmc2026-track3-sys019-utt309.wav,4.843449980315519
sys013,utt004,wav/vmc2026-track3-sys013-utt004.wav,wav/vmc2026-track3-sys019-utt003.wav,4.478241052382078
sys001,utt036,wav/vmc2026-track3-sys001-utt036.wav,wav/vmc2026-track3-sys019-utt035.wav,4.137059086008302
sys012,utt146,wav/vmc2026-track3-sys012-utt146.wav,wav/vmc2026-track3-sys019-utt145.wav,3.1587819468332103
sys012,utt038,wav/vmc2026-track3-sys012-utt038.wav,wav/vmc2026-track3-sys019-utt037.wav,4.226645031790583
sys014,utt284,wav/vmc2026-track3-sys014-utt284.wav,wav/vmc2026-track3-sys019-utt283.wav,4.7697999505665365
sys017,utt244,wav/vmc2026-track3-sys017-utt244.wav,wav/vmc2026-track3-sys019-utt243.wav,4.293626807672706
sys001,utt262,wav/vmc2026-track3-sys001-utt262.wav,wav/vmc2026-track3-sys019-utt261.wav,4.066832181067102
sys001,utt222,wav/vmc2026-track3-sys001-utt222.wav,wav/vmc2026-track3-sys019-utt221.wav,3.7581852448656416
sys008,utt116,wav/vmc2026-track3-sys008-utt116.wav,wav/vmc2026-track3-sys019-utt115.wav,4.43592294909956
sys001,utt272,wav/vmc2026-track3-sys001-utt272.wav,wav/vmc2026-track3-sys019-utt271.wav,4.489764216081206
sys008,utt216,wav/vmc2026-track3-sys008-utt216.wav,wav/vmc2026-track3-sys019-utt215.wav,4.655621071110838
sys022,utt218,wav/vmc2026-track3-sys022-utt218.wav,wav/vmc2026-track3-sys019-utt217.wav,4.660542265848457
sys026,utt268,wav/vmc2026-track3-sys026-utt268.wav,wav/vmc2026-track3-sys019-utt267.wav,4.379126847485614
sys025,utt282,wav/vmc2026-track3-sys025-utt282.wav,wav/vmc2026-track3-sys019-utt281.wav,4.277804232512944
sys011,utt320,wav/vmc2026-track3-sys011-utt320.wav,wav/vmc2026-track3-sys019-utt319.wav,4.33459672500569
sys009,utt202,wav/vmc2026-track3-sys009-utt202.wav,wav/vmc2026-track3-sys019-utt201.wav,4.440555291524804
sys006,utt154,wav/vmc2026-track3-sys006-utt154.wav,wav/vmc2026-track3-sys019-utt153.wav,4.783924791805209
sys006,utt304,wav/vmc2026-track3-sys006-utt304.wav,wav/vmc2026-track3-sys019-utt303.wav,4.157575026395503
sys016,utt074,wav/vmc2026-track3-sys016-utt074.wav,wav/vmc2026-track3-sys019-utt073.wav,4.2913601886671655
sys010,utt280,wav/vmc2026-track3-sys010-utt280.wav,wav/vmc2026-track3-sys019-utt279.wav,4.461973096722018
sys017,utt106,wav/vmc2026-track3-sys017-utt106.wav,wav/vmc2026-track3-sys019-utt105.wav,4.265487619205922
sys023,utt234,wav/vmc2026-track3-sys023-utt234.wav,wav/vmc2026-track3-sys019-utt233.wav,4.003639121646103
sys002,utt172,wav/vmc2026-track3-sys002-utt172.wav,wav/vmc2026-track3-sys019-utt171.wav,4.625702233553986
sys018,utt180,wav/vmc2026-track3-sys018-utt180.wav,wav/vmc2026-track3-sys019-utt179.wav,3.8760782302390697
sys007,utt142,wav/vmc2026-track3-sys007-utt142.wav,wav/vmc2026-track3-sys019-utt141.wav,4.320207295126214
sys023,utt032,wav/vmc2026-track3-sys023-utt032.wav,wav/vmc2026-track3-sys019-utt031.wav,3.7918389548218325
sys025,utt198,wav/vmc2026-track3-sys025-utt198.wav,wav/vmc2026-track3-sys019-utt197.wav,4.425994227224826
sys023,utt018,wav/vmc2026-track3-sys023-utt018.wav,wav/vmc2026-track3-sys019-utt017.wav,4.383489760998
sys007,utt264,wav/vmc2026-track3-sys007-utt264.wav,wav/vmc2026-track3-sys019-utt263.wav,4.321708167275478
sys016,utt144,wav/vmc2026-track3-sys016-utt144.wav,wav/vmc2026-track3-sys019-utt143.wav,3.3638560382687577
sys025,utt288,wav/vmc2026-track3-sys025-utt288.wav,wav/vmc2026-track3-sys019-utt287.wav,3.476762937053412
sys024,utt146,wav/vmc2026-track3-sys024-utt146.wav,wav/vmc2026-track3-sys019-utt145.wav,3.044364875514573
sys016,utt186,wav/vmc2026-track3-sys016-utt186.wav,wav/vmc2026-track3-sys019-utt185.wav,3.260848361956599
sys006,utt202,wav/vmc2026-track3-sys006-utt202.wav,wav/vmc2026-track3-sys019-utt201.wav,3.959240957059097
sys009,utt032,wav/vmc2026-track3-sys009-utt032.wav,wav/vmc2026-track3-sys019-utt031.wav,3.7975822807925335
sys006,utt030,wav/vmc2026-track3-sys006-utt030.wav,wav/vmc2026-track3-sys019-utt029.wav,4.163942445740199
sys001,utt296,wav/vmc2026-track3-sys001-utt296.wav,wav/vmc2026-track3-sys019-utt295.wav,4.886565298151993
sys012,utt028,wav/vmc2026-track3-sys012-utt028.wav,wav/vmc2026-track3-sys019-utt027.wav,4.096168196141283
sys016,utt266,wav/vmc2026-track3-sys016-utt266.wav,wav/vmc2026-track3-sys019-utt265.wav,3.649346267456992
sys023,utt266,wav/vmc2026-track3-sys023-utt266.wav,wav/vmc2026-track3-sys019-utt265.wav,3.632228591593476
sys025,utt316,wav/vmc2026-track3-sys025-utt316.wav,wav/vmc2026-track3-sys019-utt315.wav,3.8401253865363714
sys020,utt238,wav/vmc2026-track3-sys020-utt238.wav,wav/vmc2026-track3-sys019-utt237.wav,3.1994282867616626
sys012,utt130,wav/vmc2026-track3-sys012-utt130.wav,wav/vmc2026-track3-sys019-utt129.wav,4.3156491345221015
sys023,utt002,wav/vmc2026-track3-sys023-utt002.wav,wav/vmc2026-track3-sys019-utt001.wav,4.339111082607898
sys012,utt172,wav/vmc2026-track3-sys012-utt172.wav,wav/vmc2026-track3-sys019-utt171.wav,3.4653220215951355
sys023,utt124,wav/vmc2026-track3-sys023-utt124.wav,wav/vmc2026-track3-sys019-utt123.wav,4.212203461392645
sys024,utt308,wav/vmc2026-track3-sys024-utt308.wav,wav/vmc2026-track3-sys019-utt307.wav,3.6846540673034904
sys022,utt278,wav/vmc2026-track3-sys022-utt278.wav,wav/vmc2026-track3-sys019-utt277.wav,3.782255531479441
sys016,utt002,wav/vmc2026-track3-sys016-utt002.wav,wav/vmc2026-track3-sys019-utt001.wav,3.893675498813709
sys023,utt160,wav/vmc2026-track3-sys023-utt160.wav,wav/vmc2026-track3-sys019-utt159.wav,4.515388723410689
sys006,utt118,wav/vmc2026-track3-sys006-utt118.wav,wav/vmc2026-track3-sys019-utt117.wav,4.566369470145592
sys022,utt302,wav/vmc2026-track3-sys022-utt302.wav,wav/vmc2026-track3-sys019-utt301.wav,3.8309151796676355
sys005,utt022,wav/vmc2026-track3-sys005-utt022.wav,wav/vmc2026-track3-sys019-utt021.wav,3.4468647670766055
sys011,utt236,wav/vmc2026-track3-sys011-utt236.wav,wav/vmc2026-track3-sys019-utt235.wav,4.365788706078475
sys005,utt286,wav/vmc2026-track3-sys005-utt286.wav,wav/vmc2026-track3-sys019-utt285.wav,3.993514089036048
sys013,utt048,wav/vmc2026-track3-sys013-utt048.wav,wav/vmc2026-track3-sys019-utt047.wav,4.554948848789509
sys013,utt290,wav/vmc2026-track3-sys013-utt290.wav,wav/vmc2026-track3-sys019-utt289.wav,4.390772851670734
sys012,utt072,wav/vmc2026-track3-sys012-utt072.wav,wav/vmc2026-track3-sys019-utt071.wav,4.331664012397404
sys022,utt074,wav/vmc2026-track3-sys022-utt074.wav,wav/vmc2026-track3-sys019-utt073.wav,4.586844836611859
sys017,utt320,wav/vmc2026-track3-sys017-utt320.wav,wav/vmc2026-track3-sys019-utt319.wav,3.637171787614689
sys009,utt294,wav/vmc2026-track3-sys009-utt294.wav,wav/vmc2026-track3-sys019-utt293.wav,4.853787486924395
sys007,utt308,wav/vmc2026-track3-sys007-utt308.wav,wav/vmc2026-track3-sys019-utt307.wav,4.302731573130969
sys020,utt202,wav/vmc2026-track3-sys020-utt202.wav,wav/vmc2026-track3-sys019-utt201.wav,2.8159824831383533
sys016,utt282,wav/vmc2026-track3-sys016-utt282.wav,wav/vmc2026-track3-sys019-utt281.wav,4.335366932008178
sys018,utt226,wav/vmc2026-track3-sys018-utt226.wav,wav/vmc2026-track3-sys019-utt225.wav,4.2114624531344
sys024,utt142,wav/vmc2026-track3-sys024-utt142.wav,wav/vmc2026-track3-sys019-utt141.wav,3.84605538089369
sys006,utt028,wav/vmc2026-track3-sys006-utt028.wav,wav/vmc2026-track3-sys019-utt027.wav,4.2481159237108255
sys024,utt020,wav/vmc2026-track3-sys024-utt020.wav,wav/vmc2026-track3-sys019-utt019.wav,4.094204594669334
sys006,utt002,wav/vmc2026-track3-sys006-utt002.wav,wav/vmc2026-track3-sys019-utt001.wav,4.3719278599500875
sys014,utt142,wav/vmc2026-track3-sys014-utt142.wav,wav/vmc2026-track3-sys019-utt141.wav,4.393882891911937
sys011,utt270,wav/vmc2026-track3-sys011-utt270.wav,wav/vmc2026-track3-sys019-utt269.wav,3.9734951560286107
sys001,utt228,wav/vmc2026-track3-sys001-utt228.wav,wav/vmc2026-track3-sys019-utt227.wav,4.738736231762133
sys012,utt088,wav/vmc2026-track3-sys012-utt088.wav,wav/vmc2026-track3-sys019-utt087.wav,4.115966614881758
sys010,utt108,wav/vmc2026-track3-sys010-utt108.wav,wav/vmc2026-track3-sys019-utt107.wav,3.9187470984086983
sys016,utt262,wav/vmc2026-track3-sys016-utt262.wav,wav/vmc2026-track3-sys019-utt261.wav,4.634400569856969
sys010,utt290,wav/vmc2026-track3-sys010-utt290.wav,wav/vmc2026-track3-sys019-utt289.wav,4.0199380510745275
sys017,utt070,wav/vmc2026-track3-sys017-utt070.wav,wav/vmc2026-track3-sys019-utt069.wav,4.505655977479276
sys018,utt206,wav/vmc2026-track3-sys018-utt206.wav,wav/vmc2026-track3-sys019-utt205.wav,3.8831272875424205
sys007,utt196,wav/vmc2026-track3-sys007-utt196.wav,wav/vmc2026-track3-sys019-utt195.wav,4.333588748797566
sys016,utt278,wav/vmc2026-track3-sys016-utt278.wav,wav/vmc2026-track3-sys019-utt277.wav,3.823007955468383
sys020,utt080,wav/vmc2026-track3-sys020-utt080.wav,wav/vmc2026-track3-sys019-utt079.wav,3.6483567048118264
sys020,utt288,wav/vmc2026-track3-sys020-utt288.wav,wav/vmc2026-track3-sys019-utt287.wav,3.708907923998642
sys011,utt080,wav/vmc2026-track3-sys011-utt080.wav,wav/vmc2026-track3-sys019-utt079.wav,4.0973948322235145
sys008,utt020,wav/vmc2026-track3-sys008-utt020.wav,wav/vmc2026-track3-sys019-utt019.wav,4.521950192857933
sys017,utt174,wav/vmc2026-track3-sys017-utt174.wav,wav/vmc2026-track3-sys019-utt173.wav,4.070906945423317
sys012,utt242,wav/vmc2026-track3-sys012-utt242.wav,wav/vmc2026-track3-sys019-utt241.wav,4.045178848638047
sys018,utt012,wav/vmc2026-track3-sys018-utt012.wav,wav/vmc2026-track3-sys019-utt011.wav,3.8994716239288207
sys010,utt086,wav/vmc2026-track3-sys010-utt086.wav,wav/vmc2026-track3-sys019-utt085.wav,3.7516968481908206
sys007,utt206,wav/vmc2026-track3-sys007-utt206.wav,wav/vmc2026-track3-sys019-utt205.wav,4.1667452150377695
sys007,utt246,wav/vmc2026-track3-sys007-utt246.wav,wav/vmc2026-track3-sys019-utt245.wav,3.7117765929042337
sys008,utt138,wav/vmc2026-track3-sys008-utt138.wav,wav/vmc2026-track3-sys019-utt137.wav,4.445432598976716
sys006,utt174,wav/vmc2026-track3-sys006-utt174.wav,wav/vmc2026-track3-sys019-utt173.wav,4.340044707027714
sys023,utt320,wav/vmc2026-track3-sys023-utt320.wav,wav/vmc2026-track3-sys019-utt319.wav,4.327192096074551
sys025,utt030,wav/vmc2026-track3-sys025-utt030.wav,wav/vmc2026-track3-sys019-utt029.wav,4.281771195654259
sys005,utt142,wav/vmc2026-track3-sys005-utt142.wav,wav/vmc2026-track3-sys019-utt141.wav,3.7986136839770546
sys014,utt140,wav/vmc2026-track3-sys014-utt140.wav,wav/vmc2026-track3-sys019-utt139.wav,3.736008302329481
sys007,utt082,wav/vmc2026-track3-sys007-utt082.wav,wav/vmc2026-track3-sys019-utt081.wav,3.178035593513546
sys002,utt108,wav/vmc2026-track3-sys002-utt108.wav,wav/vmc2026-track3-sys019-utt107.wav,4.803658571010225
sys024,utt004,wav/vmc2026-track3-sys024-utt004.wav,wav/vmc2026-track3-sys019-utt003.wav,3.8289910484128193
sys005,utt250,wav/vmc2026-track3-sys005-utt250.wav,wav/vmc2026-track3-sys019-utt249.wav,3.9832301805763732
sys013,utt114,wav/vmc2026-track3-sys013-utt114.wav,wav/vmc2026-track3-sys019-utt113.wav,3.1347960932308334
sys007,utt154,wav/vmc2026-track3-sys007-utt154.wav,wav/vmc2026-track3-sys019-utt153.wav,4.801765894172092
sys014,utt306,wav/vmc2026-track3-sys014-utt306.wav,wav/vmc2026-track3-sys019-utt305.wav,4.336846584569916
sys023,utt084,wav/vmc2026-track3-sys023-utt084.wav,wav/vmc2026-track3-sys019-utt083.wav,4.529000896497227
sys005,utt308,wav/vmc2026-track3-sys005-utt308.wav,wav/vmc2026-track3-sys019-utt307.wav,3.6490195912007786
sys024,utt210,wav/vmc2026-track3-sys024-utt210.wav,wav/vmc2026-track3-sys019-utt209.wav,3.9394696934690314
sys005,utt082,wav/vmc2026-track3-sys005-utt082.wav,wav/vmc2026-track3-sys019-utt081.wav,4.0419013818459195
sys016,utt248,wav/vmc2026-track3-sys016-utt248.wav,wav/vmc2026-track3-sys019-utt247.wav,4.549141372381976
sys010,utt274,wav/vmc2026-track3-sys010-utt274.wav,wav/vmc2026-track3-sys019-utt273.wav,4.266196745341483
sys026,utt310,wav/vmc2026-track3-sys026-utt310.wav,wav/vmc2026-track3-sys019-utt309.wav,4.32653530803776
sys014,utt294,wav/vmc2026-track3-sys014-utt294.wav,wav/vmc2026-track3-sys019-utt293.wav,4.836690285645555
sys008,utt186,wav/vmc2026-track3-sys008-utt186.wav,wav/vmc2026-track3-sys019-utt185.wav,4.610207462484992
sys023,utt064,wav/vmc2026-track3-sys023-utt064.wav,wav/vmc2026-track3-sys019-utt063.wav,4.2064263780691595
sys008,utt316,wav/vmc2026-track3-sys008-utt316.wav,wav/vmc2026-track3-sys019-utt315.wav,4.587801652752248
sys011,utt116,wav/vmc2026-track3-sys011-utt116.wav,wav/vmc2026-track3-sys019-utt115.wav,3.8796048928029556
sys014,utt230,wav/vmc2026-track3-sys014-utt230.wav,wav/vmc2026-track3-sys019-utt229.wav,5.0
sys014,utt126,wav/vmc2026-track3-sys014-utt126.wav,wav/vmc2026-track3-sys019-utt125.wav,4.623954346270427
sys012,utt290,wav/vmc2026-track3-sys012-utt290.wav,wav/vmc2026-track3-sys019-utt289.wav,3.834710177374581
sys002,utt196,wav/vmc2026-track3-sys002-utt196.wav,wav/vmc2026-track3-sys019-utt195.wav,4.6869992552465005
sys005,utt088,wav/vmc2026-track3-sys005-utt088.wav,wav/vmc2026-track3-sys019-utt087.wav,3.697536335527532
sys001,utt210,wav/vmc2026-track3-sys001-utt210.wav,wav/vmc2026-track3-sys019-utt209.wav,4.354164465283092
sys023,utt134,wav/vmc2026-track3-sys023-utt134.wav,wav/vmc2026-track3-sys019-utt133.wav,4.283163043725898
sys026,utt114,wav/vmc2026-track3-sys026-utt114.wav,wav/vmc2026-track3-sys019-utt113.wav,3.8876220959993733
sys026,utt320,wav/vmc2026-track3-sys026-utt320.wav,wav/vmc2026-track3-sys019-utt319.wav,4.262356036954088
sys023,utt004,wav/vmc2026-track3-sys023-utt004.wav,wav/vmc2026-track3-sys019-utt003.wav,4.323545373130986
sys011,utt062,wav/vmc2026-track3-sys011-utt062.wav,wav/vmc2026-track3-sys019-utt061.wav,3.8226553278542017
sys025,utt234,wav/vmc2026-track3-sys025-utt234.wav,wav/vmc2026-track3-sys019-utt233.wav,3.8798138599742904
sys006,utt272,wav/vmc2026-track3-sys006-utt272.wav,wav/vmc2026-track3-sys019-utt271.wav,4.837575463089078
sys023,utt154,wav/vmc2026-track3-sys023-utt154.wav,wav/vmc2026-track3-sys019-utt153.wav,4.476378456812586
sys011,utt044,wav/vmc2026-track3-sys011-utt044.wav,wav/vmc2026-track3-sys019-utt043.wav,3.7607577980880578
sys011,utt104,wav/vmc2026-track3-sys011-utt104.wav,wav/vmc2026-track3-sys019-utt103.wav,4.252158120132476
sys024,utt122,wav/vmc2026-track3-sys024-utt122.wav,wav/vmc2026-track3-sys019-utt121.wav,4.293600176557719
sys005,utt200,wav/vmc2026-track3-sys005-utt200.wav,wav/vmc2026-track3-sys019-utt199.wav,3.6933349198534886
sys009,utt208,wav/vmc2026-track3-sys009-utt208.wav,wav/vmc2026-track3-sys019-utt207.wav,4.095122250960706
sys001,utt200,wav/vmc2026-track3-sys001-utt200.wav,wav/vmc2026-track3-sys019-utt199.wav,4.437783208267828
sys017,utt210,wav/vmc2026-track3-sys017-utt210.wav,wav/vmc2026-track3-sys019-utt209.wav,4.475073725821243
sys022,utt228,wav/vmc2026-track3-sys022-utt228.wav,wav/vmc2026-track3-sys019-utt227.wav,4.275421300282082
sys005,utt048,wav/vmc2026-track3-sys005-utt048.wav,wav/vmc2026-track3-sys019-utt047.wav,4.003211576188375
sys020,utt134,wav/vmc2026-track3-sys020-utt134.wav,wav/vmc2026-track3-sys019-utt133.wav,2.4437458853007166
sys005,utt150,wav/vmc2026-track3-sys005-utt150.wav,wav/vmc2026-track3-sys019-utt149.wav,3.6507676622005576
sys026,utt142,wav/vmc2026-track3-sys026-utt142.wav,wav/vmc2026-track3-sys019-utt141.wav,3.709244072757368
sys011,utt302,wav/vmc2026-track3-sys011-utt302.wav,wav/vmc2026-track3-sys019-utt301.wav,4.388305586482865
sys013,utt120,wav/vmc2026-track3-sys013-utt120.wav,wav/vmc2026-track3-sys019-utt119.wav,4.630485217490288
sys006,utt012,wav/vmc2026-track3-sys006-utt012.wav,wav/vmc2026-track3-sys019-utt011.wav,4.125496752745422
sys016,utt146,wav/vmc2026-track3-sys016-utt146.wav,wav/vmc2026-track3-sys019-utt145.wav,3.5647229363925828
sys020,utt108,wav/vmc2026-track3-sys020-utt108.wav,wav/vmc2026-track3-sys019-utt107.wav,3.450669879545767
sys025,utt022,wav/vmc2026-track3-sys025-utt022.wav,wav/vmc2026-track3-sys019-utt021.wav,3.3776174078096526
sys020,utt210,wav/vmc2026-track3-sys020-utt210.wav,wav/vmc2026-track3-sys019-utt209.wav,3.8858127387661368
sys017,utt016,wav/vmc2026-track3-sys017-utt016.wav,wav/vmc2026-track3-sys019-utt015.wav,4.562054451843774
sys001,utt042,wav/vmc2026-track3-sys001-utt042.wav,wav/vmc2026-track3-sys019-utt041.wav,3.911036177862035
sys016,utt114,wav/vmc2026-track3-sys016-utt114.wav,wav/vmc2026-track3-sys019-utt113.wav,3.4029836263434574
sys008,utt224,wav/vmc2026-track3-sys008-utt224.wav,wav/vmc2026-track3-sys019-utt223.wav,4.79682361731879
sys022,utt018,wav/vmc2026-track3-sys022-utt018.wav,wav/vmc2026-track3-sys019-utt017.wav,4.2726391079792165
sys009,utt004,wav/vmc2026-track3-sys009-utt004.wav,wav/vmc2026-track3-sys019-utt003.wav,4.4713374930523475
sys024,utt272,wav/vmc2026-track3-sys024-utt272.wav,wav/vmc2026-track3-sys019-utt271.wav,4.3603706663672
sys022,utt110,wav/vmc2026-track3-sys022-utt110.wav,wav/vmc2026-track3-sys019-utt109.wav,4.189130497428379
sys016,utt080,wav/vmc2026-track3-sys016-utt080.wav,wav/vmc2026-track3-sys019-utt079.wav,3.511696156584375
sys024,utt050,wav/vmc2026-track3-sys024-utt050.wav,wav/vmc2026-track3-sys019-utt049.wav,4.300737854262471
sys026,utt180,wav/vmc2026-track3-sys026-utt180.wav,wav/vmc2026-track3-sys019-utt179.wav,3.4054925476151214
sys025,utt016,wav/vmc2026-track3-sys025-utt016.wav,wav/vmc2026-track3-sys019-utt015.wav,4.030206912372036
sys006,utt196,wav/vmc2026-track3-sys006-utt196.wav,wav/vmc2026-track3-sys019-utt195.wav,4.543423961713094
sys022,utt160,wav/vmc2026-track3-sys022-utt160.wav,wav/vmc2026-track3-sys019-utt159.wav,4.40727174046256
sys011,utt106,wav/vmc2026-track3-sys011-utt106.wav,wav/vmc2026-track3-sys019-utt105.wav,4.849643456890933
sys001,utt120,wav/vmc2026-track3-sys001-utt120.wav,wav/vmc2026-track3-sys019-utt119.wav,4.107685755203059
sys009,utt206,wav/vmc2026-track3-sys009-utt206.wav,wav/vmc2026-track3-sys019-utt205.wav,3.517896791952925
sys002,utt280,wav/vmc2026-track3-sys002-utt280.wav,wav/vmc2026-track3-sys019-utt279.wav,4.427881020018969
sys016,utt210,wav/vmc2026-track3-sys016-utt210.wav,wav/vmc2026-track3-sys019-utt209.wav,3.9606411789566986
sys018,utt010,wav/vmc2026-track3-sys018-utt010.wav,wav/vmc2026-track3-sys019-utt009.wav,3.6566473295132864
sys009,utt174,wav/vmc2026-track3-sys009-utt174.wav,wav/vmc2026-track3-sys019-utt173.wav,4.533315654888178
sys026,utt306,wav/vmc2026-track3-sys026-utt306.wav,wav/vmc2026-track3-sys019-utt305.wav,4.157777091652226
sys016,utt272,wav/vmc2026-track3-sys016-utt272.wav,wav/vmc2026-track3-sys019-utt271.wav,4.596701922093406
sys007,utt128,wav/vmc2026-track3-sys007-utt128.wav,wav/vmc2026-track3-sys019-utt127.wav,3.931235521454539
sys010,utt314,wav/vmc2026-track3-sys010-utt314.wav,wav/vmc2026-track3-sys019-utt313.wav,4.048845702081404
sys001,utt046,wav/vmc2026-track3-sys001-utt046.wav,wav/vmc2026-track3-sys019-utt045.wav,3.851209670585634
sys001,utt282,wav/vmc2026-track3-sys001-utt282.wav,wav/vmc2026-track3-sys019-utt281.wav,4.309430834355705
sys024,utt262,wav/vmc2026-track3-sys024-utt262.wav,wav/vmc2026-track3-sys019-utt261.wav,4.025703489937032
sys008,utt002,wav/vmc2026-track3-sys008-utt002.wav,wav/vmc2026-track3-sys019-utt001.wav,4.65194721516039
sys022,utt026,wav/vmc2026-track3-sys022-utt026.wav,wav/vmc2026-track3-sys019-utt025.wav,3.6112737353601903
sys013,utt106,wav/vmc2026-track3-sys013-utt106.wav,wav/vmc2026-track3-sys019-utt105.wav,4.481370507944721
sys026,utt314,wav/vmc2026-track3-sys026-utt314.wav,wav/vmc2026-track3-sys019-utt313.wav,4.020208852870506
sys011,utt016,wav/vmc2026-track3-sys011-utt016.wav,wav/vmc2026-track3-sys019-utt015.wav,4.607114176087504
sys006,utt318,wav/vmc2026-track3-sys006-utt318.wav,wav/vmc2026-track3-sys019-utt317.wav,4.4757518171213375
sys014,utt274,wav/vmc2026-track3-sys014-utt274.wav,wav/vmc2026-track3-sys019-utt273.wav,4.811938009289797
sys008,utt218,wav/vmc2026-track3-sys008-utt218.wav,wav/vmc2026-track3-sys019-utt217.wav,4.791291667245044
sys020,utt222,wav/vmc2026-track3-sys020-utt222.wav,wav/vmc2026-track3-sys019-utt221.wav,3.310395330391452
sys020,utt180,wav/vmc2026-track3-sys020-utt180.wav,wav/vmc2026-track3-sys019-utt179.wav,2.5679638042808772
sys013,utt222,wav/vmc2026-track3-sys013-utt222.wav,wav/vmc2026-track3-sys019-utt221.wav,4.365913950338125
sys002,utt024,wav/vmc2026-track3-sys002-utt024.wav,wav/vmc2026-track3-sys019-utt023.wav,4.025168740910421
sys023,utt074,wav/vmc2026-track3-sys023-utt074.wav,wav/vmc2026-track3-sys019-utt073.wav,4.072521219857478
sys026,utt024,wav/vmc2026-track3-sys026-utt024.wav,wav/vmc2026-track3-sys019-utt023.wav,4.045819905426103
sys002,utt184,wav/vmc2026-track3-sys002-utt184.wav,wav/vmc2026-track3-sys019-utt183.wav,4.382422942511136
sys017,utt230,wav/vmc2026-track3-sys017-utt230.wav,wav/vmc2026-track3-sys019-utt229.wav,4.631862470397142
sys006,utt088,wav/vmc2026-track3-sys006-utt088.wav,wav/vmc2026-track3-sys019-utt087.wav,4.433462930762811
sys010,utt200,wav/vmc2026-track3-sys010-utt200.wav,wav/vmc2026-track3-sys019-utt199.wav,4.461361848015254
sys017,utt042,wav/vmc2026-track3-sys017-utt042.wav,wav/vmc2026-track3-sys019-utt041.wav,4.57683973358744
sys025,utt248,wav/vmc2026-track3-sys025-utt248.wav,wav/vmc2026-track3-sys019-utt247.wav,3.964233064315978
sys010,utt034,wav/vmc2026-track3-sys010-utt034.wav,wav/vmc2026-track3-sys019-utt033.wav,4.261746378899013
sys012,utt202,wav/vmc2026-track3-sys012-utt202.wav,wav/vmc2026-track3-sys019-utt201.wav,4.339126295072904
sys014,utt018,wav/vmc2026-track3-sys014-utt018.wav,wav/vmc2026-track3-sys019-utt017.wav,4.952807291837038
sys026,utt010,wav/vmc2026-track3-sys026-utt010.wav,wav/vmc2026-track3-sys019-utt009.wav,4.401125903810348
sys023,utt270,wav/vmc2026-track3-sys023-utt270.wav,wav/vmc2026-track3-sys019-utt269.wav,4.280516512599843
sys005,utt016,wav/vmc2026-track3-sys005-utt016.wav,wav/vmc2026-track3-sys019-utt015.wav,3.851016694381246
sys018,utt114,wav/vmc2026-track3-sys018-utt114.wav,wav/vmc2026-track3-sys019-utt113.wav,3.0512518521756236
sys016,utt214,wav/vmc2026-track3-sys016-utt214.wav,wav/vmc2026-track3-sys019-utt213.wav,4.195691089588228
sys002,utt026,wav/vmc2026-track3-sys002-utt026.wav,wav/vmc2026-track3-sys019-utt025.wav,4.234199260647616
sys011,utt068,wav/vmc2026-track3-sys011-utt068.wav,wav/vmc2026-track3-sys019-utt067.wav,4.239586321504743
sys016,utt154,wav/vmc2026-track3-sys016-utt154.wav,wav/vmc2026-track3-sys019-utt153.wav,4.213225879094813
sys001,utt206,wav/vmc2026-track3-sys001-utt206.wav,wav/vmc2026-track3-sys019-utt205.wav,4.2619512675897
sys014,utt214,wav/vmc2026-track3-sys014-utt214.wav,wav/vmc2026-track3-sys019-utt213.wav,4.704367736801299
sys001,utt076,wav/vmc2026-track3-sys001-utt076.wav,wav/vmc2026-track3-sys019-utt075.wav,4.338595138896582
sys007,utt290,wav/vmc2026-track3-sys007-utt290.wav,wav/vmc2026-track3-sys019-utt289.wav,4.589346589669011
sys014,utt314,wav/vmc2026-track3-sys014-utt314.wav,wav/vmc2026-track3-sys019-utt313.wav,4.240290099274344
sys013,utt266,wav/vmc2026-track3-sys013-utt266.wav,wav/vmc2026-track3-sys019-utt265.wav,3.8155441293346315
sys023,utt206,wav/vmc2026-track3-sys023-utt206.wav,wav/vmc2026-track3-sys019-utt205.wav,4.220628622123434
sys006,utt078,wav/vmc2026-track3-sys006-utt078.wav,wav/vmc2026-track3-sys019-utt077.wav,4.64628236857244
sys005,utt272,wav/vmc2026-track3-sys005-utt272.wav,wav/vmc2026-track3-sys019-utt271.wav,3.6822137597678695
sys017,utt264,wav/vmc2026-track3-sys017-utt264.wav,wav/vmc2026-track3-sys019-utt263.wav,4.182342751960162
sys014,utt078,wav/vmc2026-track3-sys014-utt078.wav,wav/vmc2026-track3-sys019-utt077.wav,4.77723967634135
sys020,utt262,wav/vmc2026-track3-sys020-utt262.wav,wav/vmc2026-track3-sys019-utt261.wav,3.43667153617825
sys017,utt148,wav/vmc2026-track3-sys017-utt148.wav,wav/vmc2026-track3-sys019-utt147.wav,4.20972081165753
sys012,utt102,wav/vmc2026-track3-sys012-utt102.wav,wav/vmc2026-track3-sys019-utt101.wav,4.319920259545308
sys011,utt304,wav/vmc2026-track3-sys011-utt304.wav,wav/vmc2026-track3-sys019-utt303.wav,4.500866234982476
sys009,utt070,wav/vmc2026-track3-sys009-utt070.wav,wav/vmc2026-track3-sys019-utt069.wav,3.69322849979064
sys018,utt156,wav/vmc2026-track3-sys018-utt156.wav,wav/vmc2026-track3-sys019-utt155.wav,3.9681642153821475
sys007,utt272,wav/vmc2026-track3-sys007-utt272.wav,wav/vmc2026-track3-sys019-utt271.wav,4.272736895705887
sys012,utt318,wav/vmc2026-track3-sys012-utt318.wav,wav/vmc2026-track3-sys019-utt317.wav,4.468187030906184
sys025,utt308,wav/vmc2026-track3-sys025-utt308.wav,wav/vmc2026-track3-sys019-utt307.wav,4.174451406560176
sys001,utt038,wav/vmc2026-track3-sys001-utt038.wav,wav/vmc2026-track3-sys019-utt037.wav,4.2157660754187525
sys023,utt062,wav/vmc2026-track3-sys023-utt062.wav,wav/vmc2026-track3-sys019-utt061.wav,4.136219548640433
sys007,utt218,wav/vmc2026-track3-sys007-utt218.wav,wav/vmc2026-track3-sys019-utt217.wav,4.55375496134778
sys013,utt214,wav/vmc2026-track3-sys013-utt214.wav,wav/vmc2026-track3-sys019-utt213.wav,4.503219481138338
sys011,utt178,wav/vmc2026-track3-sys011-utt178.wav,wav/vmc2026-track3-sys019-utt177.wav,4.664695322695646
sys020,utt186,wav/vmc2026-track3-sys020-utt186.wav,wav/vmc2026-track3-sys019-utt185.wav,2.8961760760349695
sys002,utt042,wav/vmc2026-track3-sys002-utt042.wav,wav/vmc2026-track3-sys019-utt041.wav,4.495792482285963
sys001,utt130,wav/vmc2026-track3-sys001-utt130.wav,wav/vmc2026-track3-sys019-utt129.wav,4.435462955455623
sys013,utt148,wav/vmc2026-track3-sys013-utt148.wav,wav/vmc2026-track3-sys019-utt147.wav,3.788148336235852
sys010,utt318,wav/vmc2026-track3-sys010-utt318.wav,wav/vmc2026-track3-sys019-utt317.wav,4.313962196314912
sys016,utt302,wav/vmc2026-track3-sys016-utt302.wav,wav/vmc2026-track3-sys019-utt301.wav,4.180063342801676
sys010,utt236,wav/vmc2026-track3-sys010-utt236.wav,wav/vmc2026-track3-sys019-utt235.wav,3.931008570400045
sys026,utt298,wav/vmc2026-track3-sys026-utt298.wav,wav/vmc2026-track3-sys019-utt297.wav,4.788734223502502
sys013,utt068,wav/vmc2026-track3-sys013-utt068.wav,wav/vmc2026-track3-sys019-utt067.wav,4.526447401713252
sys013,utt184,wav/vmc2026-track3-sys013-utt184.wav,wav/vmc2026-track3-sys019-utt183.wav,4.023503761339915
sys002,utt200,wav/vmc2026-track3-sys002-utt200.wav,wav/vmc2026-track3-sys019-utt199.wav,4.522110983096303
sys005,utt228,wav/vmc2026-track3-sys005-utt228.wav,wav/vmc2026-track3-sys019-utt227.wav,3.5592123396207294
sys026,utt286,wav/vmc2026-track3-sys026-utt286.wav,wav/vmc2026-track3-sys019-utt285.wav,3.9319592341908858
sys010,utt244,wav/vmc2026-track3-sys010-utt244.wav,wav/vmc2026-track3-sys019-utt243.wav,4.5047001018390045
sys014,utt280,wav/vmc2026-track3-sys014-utt280.wav,wav/vmc2026-track3-sys019-utt279.wav,5.0
sys001,utt174,wav/vmc2026-track3-sys001-utt174.wav,wav/vmc2026-track3-sys019-utt173.wav,4.2995471450287095
sys012,utt248,wav/vmc2026-track3-sys012-utt248.wav,wav/vmc2026-track3-sys019-utt247.wav,4.600058706450397
sys025,utt184,wav/vmc2026-track3-sys025-utt184.wav,wav/vmc2026-track3-sys019-utt183.wav,3.330895441230973
sys024,utt270,wav/vmc2026-track3-sys024-utt270.wav,wav/vmc2026-track3-sys019-utt269.wav,3.9791522981977807
sys010,utt004,wav/vmc2026-track3-sys010-utt004.wav,wav/vmc2026-track3-sys019-utt003.wav,4.329340949141009
sys018,utt044,wav/vmc2026-track3-sys018-utt044.wav,wav/vmc2026-track3-sys019-utt043.wav,3.2517290958800062
sys012,utt106,wav/vmc2026-track3-sys012-utt106.wav,wav/vmc2026-track3-sys019-utt105.wav,4.068475103361871
sys013,utt236,wav/vmc2026-track3-sys013-utt236.wav,wav/vmc2026-track3-sys019-utt235.wav,4.371667864398042
sys007,utt102,wav/vmc2026-track3-sys007-utt102.wav,wav/vmc2026-track3-sys019-utt101.wav,3.9151585380542606
sys007,utt078,wav/vmc2026-track3-sys007-utt078.wav,wav/vmc2026-track3-sys019-utt077.wav,4.510107101963213
sys024,utt078,wav/vmc2026-track3-sys024-utt078.wav,wav/vmc2026-track3-sys019-utt077.wav,4.035391401275433
sys016,utt016,wav/vmc2026-track3-sys016-utt016.wav,wav/vmc2026-track3-sys019-utt015.wav,4.219606540262049
sys011,utt082,wav/vmc2026-track3-sys011-utt082.wav,wav/vmc2026-track3-sys019-utt081.wav,3.937260138557585
sys014,utt116,wav/vmc2026-track3-sys014-utt116.wav,wav/vmc2026-track3-sys019-utt115.wav,4.462968286108095
sys026,utt076,wav/vmc2026-track3-sys026-utt076.wav,wav/vmc2026-track3-sys019-utt075.wav,4.213526577776242
sys005,utt108,wav/vmc2026-track3-sys005-utt108.wav,wav/vmc2026-track3-sys019-utt107.wav,3.605991756180602
sys008,utt174,wav/vmc2026-track3-sys008-utt174.wav,wav/vmc2026-track3-sys019-utt173.wav,4.739036313530843
sys001,utt152,wav/vmc2026-track3-sys001-utt152.wav,wav/vmc2026-track3-sys019-utt151.wav,4.43757924721532
sys002,utt028,wav/vmc2026-track3-sys002-utt028.wav,wav/vmc2026-track3-sys019-utt027.wav,4.306738398919464
sys024,utt302,wav/vmc2026-track3-sys024-utt302.wav,wav/vmc2026-track3-sys019-utt301.wav,4.010960590235433
sys023,utt274,wav/vmc2026-track3-sys023-utt274.wav,wav/vmc2026-track3-sys019-utt273.wav,3.59762468072544
sys011,utt160,wav/vmc2026-track3-sys011-utt160.wav,wav/vmc2026-track3-sys019-utt159.wav,4.450790604829586
sys011,utt020,wav/vmc2026-track3-sys011-utt020.wav,wav/vmc2026-track3-sys019-utt019.wav,4.496091219103445
sys017,utt140,wav/vmc2026-track3-sys017-utt140.wav,wav/vmc2026-track3-sys019-utt139.wav,4.155791781510849
sys007,utt104,wav/vmc2026-track3-sys007-utt104.wav,wav/vmc2026-track3-sys019-utt103.wav,4.1524914432209865
sys013,utt282,wav/vmc2026-track3-sys013-utt282.wav,wav/vmc2026-track3-sys019-utt281.wav,4.518983164404846
sys011,utt204,wav/vmc2026-track3-sys011-utt204.wav,wav/vmc2026-track3-sys019-utt203.wav,4.256753527153862
sys025,utt218,wav/vmc2026-track3-sys025-utt218.wav,wav/vmc2026-track3-sys019-utt217.wav,4.178522208616544
sys008,utt290,wav/vmc2026-track3-sys008-utt290.wav,wav/vmc2026-track3-sys019-utt289.wav,4.485076045370606
sys018,utt130,wav/vmc2026-track3-sys018-utt130.wav,wav/vmc2026-track3-sys019-utt129.wav,4.47030048664219
sys002,utt154,wav/vmc2026-track3-sys002-utt154.wav,wav/vmc2026-track3-sys019-utt153.wav,4.845068348708999
sys024,utt128,wav/vmc2026-track3-sys024-utt128.wav,wav/vmc2026-track3-sys019-utt127.wav,4.237603580634798
sys012,utt276,wav/vmc2026-track3-sys012-utt276.wav,wav/vmc2026-track3-sys019-utt275.wav,4.298440213765899
sys001,utt024,wav/vmc2026-track3-sys001-utt024.wav,wav/vmc2026-track3-sys019-utt023.wav,4.31140520818393
sys014,utt110,wav/vmc2026-track3-sys014-utt110.wav,wav/vmc2026-track3-sys019-utt109.wav,5.0
sys002,utt218,wav/vmc2026-track3-sys002-utt218.wav,wav/vmc2026-track3-sys019-utt217.wav,4.240859701565663
sys022,utt222,wav/vmc2026-track3-sys022-utt222.wav,wav/vmc2026-track3-sys019-utt221.wav,3.1543048436912113
sys023,utt150,wav/vmc2026-track3-sys023-utt150.wav,wav/vmc2026-track3-sys019-utt149.wav,3.862234987699787
sys007,utt024,wav/vmc2026-track3-sys007-utt024.wav,wav/vmc2026-track3-sys019-utt023.wav,3.7709329566315826
sys020,utt036,wav/vmc2026-track3-sys020-utt036.wav,wav/vmc2026-track3-sys019-utt035.wav,3.2799894931961373
sys009,utt248,wav/vmc2026-track3-sys009-utt248.wav,wav/vmc2026-track3-sys019-utt247.wav,4.945046722518629
sys008,utt314,wav/vmc2026-track3-sys008-utt314.wav,wav/vmc2026-track3-sys019-utt313.wav,3.986822865064861
sys018,utt028,wav/vmc2026-track3-sys018-utt028.wav,wav/vmc2026-track3-sys019-utt027.wav,3.983478437039436
sys025,utt314,wav/vmc2026-track3-sys025-utt314.wav,wav/vmc2026-track3-sys019-utt313.wav,3.719509511902224
sys007,utt018,wav/vmc2026-track3-sys007-utt018.wav,wav/vmc2026-track3-sys019-utt017.wav,4.367377126456475
sys016,utt320,wav/vmc2026-track3-sys016-utt320.wav,wav/vmc2026-track3-sys019-utt319.wav,3.760404213021033
sys022,utt082,wav/vmc2026-track3-sys022-utt082.wav,wav/vmc2026-track3-sys019-utt081.wav,3.210472485892536
sys009,utt036,wav/vmc2026-track3-sys009-utt036.wav,wav/vmc2026-track3-sys019-utt035.wav,3.2055328192333787
sys022,utt210,wav/vmc2026-track3-sys022-utt210.wav,wav/vmc2026-track3-sys019-utt209.wav,4.1804113721445075
sys022,utt130,wav/vmc2026-track3-sys022-utt130.wav,wav/vmc2026-track3-sys019-utt129.wav,4.088518829691145
sys018,utt134,wav/vmc2026-track3-sys018-utt134.wav,wav/vmc2026-track3-sys019-utt133.wav,3.124243470936486
sys024,utt314,wav/vmc2026-track3-sys024-utt314.wav,wav/vmc2026-track3-sys019-utt313.wav,3.2100434608245276
sys007,utt202,wav/vmc2026-track3-sys007-utt202.wav,wav/vmc2026-track3-sys019-utt201.wav,4.318702632886401
sys008,utt208,wav/vmc2026-track3-sys008-utt208.wav,wav/vmc2026-track3-sys019-utt207.wav,4.185932542064952
sys013,utt216,wav/vmc2026-track3-sys013-utt216.wav,wav/vmc2026-track3-sys019-utt215.wav,4.56680614610657
sys018,utt160,wav/vmc2026-track3-sys018-utt160.wav,wav/vmc2026-track3-sys019-utt159.wav,3.83558246880826
sys022,utt112,wav/vmc2026-track3-sys022-utt112.wav,wav/vmc2026-track3-sys019-utt111.wav,3.751962197330001
sys011,utt036,wav/vmc2026-track3-sys011-utt036.wav,wav/vmc2026-track3-sys019-utt035.wav,4.4414183788305746
sys018,utt238,wav/vmc2026-track3-sys018-utt238.wav,wav/vmc2026-track3-sys019-utt237.wav,4.173075338631688
sys026,utt294,wav/vmc2026-track3-sys026-utt294.wav,wav/vmc2026-track3-sys019-utt293.wav,4.484829292139619
sys005,utt246,wav/vmc2026-track3-sys005-utt246.wav,wav/vmc2026-track3-sys019-utt245.wav,3.9029914010690967
sys018,utt172,wav/vmc2026-track3-sys018-utt172.wav,wav/vmc2026-track3-sys019-utt171.wav,3.9826949578314643
sys006,utt112,wav/vmc2026-track3-sys006-utt112.wav,wav/vmc2026-track3-sys019-utt111.wav,4.4487793314124495
sys008,utt272,wav/vmc2026-track3-sys008-utt272.wav,wav/vmc2026-track3-sys019-utt271.wav,4.781446804428861
sys023,utt316,wav/vmc2026-track3-sys023-utt316.wav,wav/vmc2026-track3-sys019-utt315.wav,3.603360636890352
sys002,utt036,wav/vmc2026-track3-sys002-utt036.wav,wav/vmc2026-track3-sys019-utt035.wav,3.9437379875746865
sys006,utt274,wav/vmc2026-track3-sys006-utt274.wav,wav/vmc2026-track3-sys019-utt273.wav,4.592090054840238
sys022,utt172,wav/vmc2026-track3-sys022-utt172.wav,wav/vmc2026-track3-sys019-utt171.wav,3.565078398728607
sys001,utt128,wav/vmc2026-track3-sys001-utt128.wav,wav/vmc2026-track3-sys019-utt127.wav,4.306354124868772
sys010,utt106,wav/vmc2026-track3-sys010-utt106.wav,wav/vmc2026-track3-sys019-utt105.wav,3.9723743805265816
sys023,utt080,wav/vmc2026-track3-sys023-utt080.wav,wav/vmc2026-track3-sys019-utt079.wav,4.129853254048372
sys009,utt146,wav/vmc2026-track3-sys009-utt146.wav,wav/vmc2026-track3-sys019-utt145.wav,3.7916120232557753
sys017,utt314,wav/vmc2026-track3-sys017-utt314.wav,wav/vmc2026-track3-sys019-utt313.wav,3.5849586323342706
sys010,utt248,wav/vmc2026-track3-sys010-utt248.wav,wav/vmc2026-track3-sys019-utt247.wav,5.0
sys008,utt212,wav/vmc2026-track3-sys008-utt212.wav,wav/vmc2026-track3-sys019-utt211.wav,4.723793941664168
sys022,utt108,wav/vmc2026-track3-sys022-utt108.wav,wav/vmc2026-track3-sys019-utt107.wav,3.7107890624744595
sys017,utt004,wav/vmc2026-track3-sys017-utt004.wav,wav/vmc2026-track3-sys019-utt003.wav,4.449224939239802
sys022,utt024,wav/vmc2026-track3-sys022-utt024.wav,wav/vmc2026-track3-sys019-utt023.wav,3.927092877712865
sys001,utt146,wav/vmc2026-track3-sys001-utt146.wav,wav/vmc2026-track3-sys019-utt145.wav,4.078692165034579
sys026,utt070,wav/vmc2026-track3-sys026-utt070.wav,wav/vmc2026-track3-sys019-utt069.wav,4.261383750334808
sys024,utt068,wav/vmc2026-track3-sys024-utt068.wav,wav/vmc2026-track3-sys019-utt067.wav,4.349720043938845
sys009,utt230,wav/vmc2026-track3-sys009-utt230.wav,wav/vmc2026-track3-sys019-utt229.wav,4.4352660960593235
sys010,utt050,wav/vmc2026-track3-sys010-utt050.wav,wav/vmc2026-track3-sys019-utt049.wav,3.4312056511072084
sys018,utt030,wav/vmc2026-track3-sys018-utt030.wav,wav/vmc2026-track3-sys019-utt029.wav,4.150669390973951
sys018,utt122,wav/vmc2026-track3-sys018-utt122.wav,wav/vmc2026-track3-sys019-utt121.wav,4.28155894290442
sys016,utt300,wav/vmc2026-track3-sys016-utt300.wav,wav/vmc2026-track3-sys019-utt299.wav,4.138734786348179
sys025,utt154,wav/vmc2026-track3-sys025-utt154.wav,wav/vmc2026-track3-sys019-utt153.wav,4.5538202362128555
sys025,utt228,wav/vmc2026-track3-sys025-utt228.wav,wav/vmc2026-track3-sys019-utt227.wav,3.4947745774246077
sys024,utt244,wav/vmc2026-track3-sys024-utt244.wav,wav/vmc2026-track3-sys019-utt243.wav,4.2077947514611385
sys013,utt158,wav/vmc2026-track3-sys013-utt158.wav,wav/vmc2026-track3-sys019-utt157.wav,3.9130612193730268
sys008,utt200,wav/vmc2026-track3-sys008-utt200.wav,wav/vmc2026-track3-sys019-utt199.wav,4.626751370090591
sys022,utt176,wav/vmc2026-track3-sys022-utt176.wav,wav/vmc2026-track3-sys019-utt175.wav,3.6130022501718617
sys013,utt268,wav/vmc2026-track3-sys013-utt268.wav,wav/vmc2026-track3-sys019-utt267.wav,4.0167896622401775
sys013,utt180,wav/vmc2026-track3-sys013-utt180.wav,wav/vmc2026-track3-sys019-utt179.wav,3.977462608181742
sys005,utt302,wav/vmc2026-track3-sys005-utt302.wav,wav/vmc2026-track3-sys019-utt301.wav,3.1770744532062807
sys025,utt208,wav/vmc2026-track3-sys025-utt208.wav,wav/vmc2026-track3-sys019-utt207.wav,3.5153606105842887
sys023,utt304,wav/vmc2026-track3-sys023-utt304.wav,wav/vmc2026-track3-sys019-utt303.wav,4.675665006841804
sys020,utt300,wav/vmc2026-track3-sys020-utt300.wav,wav/vmc2026-track3-sys019-utt299.wav,2.7977872521486704
sys006,utt144,wav/vmc2026-track3-sys006-utt144.wav,wav/vmc2026-track3-sys019-utt143.wav,4.033586311519407
sys024,utt088,wav/vmc2026-track3-sys024-utt088.wav,wav/vmc2026-track3-sys019-utt087.wav,3.884041074441618
sys010,utt012,wav/vmc2026-track3-sys010-utt012.wav,wav/vmc2026-track3-sys019-utt011.wav,4.999643587569704
sys005,utt008,wav/vmc2026-track3-sys005-utt008.wav,wav/vmc2026-track3-sys019-utt007.wav,3.8719161125190786
sys007,utt312,wav/vmc2026-track3-sys007-utt312.wav,wav/vmc2026-track3-sys019-utt311.wav,4.268712176588674
sys012,utt174,wav/vmc2026-track3-sys012-utt174.wav,wav/vmc2026-track3-sys019-utt173.wav,3.7446038972747435
sys011,utt224,wav/vmc2026-track3-sys011-utt224.wav,wav/vmc2026-track3-sys019-utt223.wav,4.489234014083276
sys009,utt178,wav/vmc2026-track3-sys009-utt178.wav,wav/vmc2026-track3-sys019-utt177.wav,4.484192348195645
sys005,utt068,wav/vmc2026-track3-sys005-utt068.wav,wav/vmc2026-track3-sys019-utt067.wav,3.722704089197545
sys007,utt306,wav/vmc2026-track3-sys007-utt306.wav,wav/vmc2026-track3-sys019-utt305.wav,4.494393971673396
sys013,utt202,wav/vmc2026-track3-sys013-utt202.wav,wav/vmc2026-track3-sys019-utt201.wav,4.248199242642022
sys014,utt296,wav/vmc2026-track3-sys014-utt296.wav,wav/vmc2026-track3-sys019-utt295.wav,4.944188998607414
sys014,utt144,wav/vmc2026-track3-sys014-utt144.wav,wav/vmc2026-track3-sys019-utt143.wav,4.287369927013525
sys008,utt048,wav/vmc2026-track3-sys008-utt048.wav,wav/vmc2026-track3-sys019-utt047.wav,4.70334547029124
sys007,utt198,wav/vmc2026-track3-sys007-utt198.wav,wav/vmc2026-track3-sys019-utt197.wav,4.450370227305695
sys018,utt116,wav/vmc2026-track3-sys018-utt116.wav,wav/vmc2026-track3-sys019-utt115.wav,3.872339938579325
sys016,utt014,wav/vmc2026-track3-sys016-utt014.wav,wav/vmc2026-track3-sys019-utt013.wav,4.34618957360404
sys010,utt178,wav/vmc2026-track3-sys010-utt178.wav,wav/vmc2026-track3-sys019-utt177.wav,3.918397359390417
sys023,utt046,wav/vmc2026-track3-sys023-utt046.wav,wav/vmc2026-track3-sys019-utt045.wav,4.3814548210767414
sys014,utt004,wav/vmc2026-track3-sys014-utt004.wav,wav/vmc2026-track3-sys019-utt003.wav,4.7571540908530885
sys020,utt152,wav/vmc2026-track3-sys020-utt152.wav,wav/vmc2026-track3-sys019-utt151.wav,3.781281812610857
sys025,utt004,wav/vmc2026-track3-sys025-utt004.wav,wav/vmc2026-track3-sys019-utt003.wav,4.063109066451549
sys010,utt090,wav/vmc2026-track3-sys010-utt090.wav,wav/vmc2026-track3-sys019-utt089.wav,3.780670830704383
sys013,utt294,wav/vmc2026-track3-sys013-utt294.wav,wav/vmc2026-track3-sys019-utt293.wav,4.538997964517434
sys016,utt010,wav/vmc2026-track3-sys016-utt010.wav,wav/vmc2026-track3-sys019-utt009.wav,4.129189581816468
sys007,utt076,wav/vmc2026-track3-sys007-utt076.wav,wav/vmc2026-track3-sys019-utt075.wav,4.185677338249145
sys020,utt318,wav/vmc2026-track3-sys020-utt318.wav,wav/vmc2026-track3-sys019-utt317.wav,3.4462856708534435
sys006,utt244,wav/vmc2026-track3-sys006-utt244.wav,wav/vmc2026-track3-sys019-utt243.wav,4.713293618165977
sys009,utt072,wav/vmc2026-track3-sys009-utt072.wav,wav/vmc2026-track3-sys019-utt071.wav,4.472985886229535
sys024,utt048,wav/vmc2026-track3-sys024-utt048.wav,wav/vmc2026-track3-sys019-utt047.wav,4.325964399572424
sys005,utt316,wav/vmc2026-track3-sys005-utt316.wav,wav/vmc2026-track3-sys019-utt315.wav,3.869012304114541
sys022,utt122,wav/vmc2026-track3-sys022-utt122.wav,wav/vmc2026-track3-sys019-utt121.wav,3.876731289267409
sys014,utt106,wav/vmc2026-track3-sys014-utt106.wav,wav/vmc2026-track3-sys019-utt105.wav,4.65906548565164
sys011,utt132,wav/vmc2026-track3-sys011-utt132.wav,wav/vmc2026-track3-sys019-utt131.wav,4.418849017033686
sys006,utt194,wav/vmc2026-track3-sys006-utt194.wav,wav/vmc2026-track3-sys019-utt193.wav,4.269389709312001
sys011,utt276,wav/vmc2026-track3-sys011-utt276.wav,wav/vmc2026-track3-sys019-utt275.wav,4.574854058783822
sys006,utt208,wav/vmc2026-track3-sys006-utt208.wav,wav/vmc2026-track3-sys019-utt207.wav,4.155410479922971
sys022,utt068,wav/vmc2026-track3-sys022-utt068.wav,wav/vmc2026-track3-sys019-utt067.wav,4.305164338243784
sys014,utt202,wav/vmc2026-track3-sys014-utt202.wav,wav/vmc2026-track3-sys019-utt201.wav,4.117811849918329
sys017,utt132,wav/vmc2026-track3-sys017-utt132.wav,wav/vmc2026-track3-sys019-utt131.wav,4.175149588119487
sys023,utt034,wav/vmc2026-track3-sys023-utt034.wav,wav/vmc2026-track3-sys019-utt033.wav,4.714132593220155
sys002,utt312,wav/vmc2026-track3-sys002-utt312.wav,wav/vmc2026-track3-sys019-utt311.wav,4.409069537738264
sys010,utt156,wav/vmc2026-track3-sys010-utt156.wav,wav/vmc2026-track3-sys019-utt155.wav,4.30548742179979
sys026,utt046,wav/vmc2026-track3-sys026-utt046.wav,wav/vmc2026-track3-sys019-utt045.wav,4.410597685046897
sys010,utt182,wav/vmc2026-track3-sys010-utt182.wav,wav/vmc2026-track3-sys019-utt181.wav,3.789474665487416
sys007,utt068,wav/vmc2026-track3-sys007-utt068.wav,wav/vmc2026-track3-sys019-utt067.wav,4.372682541351858
sys008,utt300,wav/vmc2026-track3-sys008-utt300.wav,wav/vmc2026-track3-sys019-utt299.wav,4.621509505267804
sys018,utt204,wav/vmc2026-track3-sys018-utt204.wav,wav/vmc2026-track3-sys019-utt203.wav,3.1659160388962686
sys017,utt216,wav/vmc2026-track3-sys017-utt216.wav,wav/vmc2026-track3-sys019-utt215.wav,4.676252024530918
sys025,utt212,wav/vmc2026-track3-sys025-utt212.wav,wav/vmc2026-track3-sys019-utt211.wav,4.072199391697138
sys016,utt174,wav/vmc2026-track3-sys016-utt174.wav,wav/vmc2026-track3-sys019-utt173.wav,4.298522700604018
sys016,utt042,wav/vmc2026-track3-sys016-utt042.wav,wav/vmc2026-track3-sys019-utt041.wav,4.278377342923646
sys013,utt112,wav/vmc2026-track3-sys013-utt112.wav,wav/vmc2026-track3-sys019-utt111.wav,3.5066195176983
sys005,utt090,wav/vmc2026-track3-sys005-utt090.wav,wav/vmc2026-track3-sys019-utt089.wav,4.055539790901287
sys024,utt064,wav/vmc2026-track3-sys024-utt064.wav,wav/vmc2026-track3-sys019-utt063.wav,3.7078282400216143
sys025,utt008,wav/vmc2026-track3-sys025-utt008.wav,wav/vmc2026-track3-sys019-utt007.wav,4.324040017488826
sys026,utt264,wav/vmc2026-track3-sys026-utt264.wav,wav/vmc2026-track3-sys019-utt263.wav,4.323139277599376
sys022,utt116,wav/vmc2026-track3-sys022-utt116.wav,wav/vmc2026-track3-sys019-utt115.wav,3.801426720081603
sys016,utt030,wav/vmc2026-track3-sys016-utt030.wav,wav/vmc2026-track3-sys019-utt029.wav,3.9575223820889622
sys006,utt132,wav/vmc2026-track3-sys006-utt132.wav,wav/vmc2026-track3-sys019-utt131.wav,4.086978224174312
sys020,utt150,wav/vmc2026-track3-sys020-utt150.wav,wav/vmc2026-track3-sys019-utt149.wav,3.5010960930761534
sys020,utt290,wav/vmc2026-track3-sys020-utt290.wav,wav/vmc2026-track3-sys019-utt289.wav,3.7419561802679304
sys005,utt216,wav/vmc2026-track3-sys005-utt216.wav,wav/vmc2026-track3-sys019-utt215.wav,3.6546803754628487
sys017,utt022,wav/vmc2026-track3-sys017-utt022.wav,wav/vmc2026-track3-sys019-utt021.wav,4.2197525577812645
sys020,utt088,wav/vmc2026-track3-sys020-utt088.wav,wav/vmc2026-track3-sys019-utt087.wav,3.2875236913404375
sys016,utt088,wav/vmc2026-track3-sys016-utt088.wav,wav/vmc2026-track3-sys019-utt087.wav,3.932701742551345
sys017,utt220,wav/vmc2026-track3-sys017-utt220.wav,wav/vmc2026-track3-sys019-utt219.wav,4.406021617277039
sys011,utt308,wav/vmc2026-track3-sys011-utt308.wav,wav/vmc2026-track3-sys019-utt307.wav,4.503081372350513
sys025,utt072,wav/vmc2026-track3-sys025-utt072.wav,wav/vmc2026-track3-sys019-utt071.wav,3.615096666589485
sys002,utt084,wav/vmc2026-track3-sys002-utt084.wav,wav/vmc2026-track3-sys019-utt083.wav,4.0891349178021565
sys018,utt272,wav/vmc2026-track3-sys018-utt272.wav,wav/vmc2026-track3-sys019-utt271.wav,3.7485053467454077
sys006,utt158,wav/vmc2026-track3-sys006-utt158.wav,wav/vmc2026-track3-sys019-utt157.wav,4.574578221433336
sys006,utt248,wav/vmc2026-track3-sys006-utt248.wav,wav/vmc2026-track3-sys019-utt247.wav,4.924893047330039
sys007,utt226,wav/vmc2026-track3-sys007-utt226.wav,wav/vmc2026-track3-sys019-utt225.wav,3.9721468945878575
sys009,utt276,wav/vmc2026-track3-sys009-utt276.wav,wav/vmc2026-track3-sys019-utt275.wav,4.33705879688446
sys006,utt178,wav/vmc2026-track3-sys006-utt178.wav,wav/vmc2026-track3-sys019-utt177.wav,4.521449254933714
sys001,utt268,wav/vmc2026-track3-sys001-utt268.wav,wav/vmc2026-track3-sys019-utt267.wav,4.140493464960466
sys017,utt036,wav/vmc2026-track3-sys017-utt036.wav,wav/vmc2026-track3-sys019-utt035.wav,3.425913592516321
sys009,utt114,wav/vmc2026-track3-sys009-utt114.wav,wav/vmc2026-track3-sys019-utt113.wav,3.645531499191297
sys024,utt138,wav/vmc2026-track3-sys024-utt138.wav,wav/vmc2026-track3-sys019-utt137.wav,3.8324140945009653
sys017,utt020,wav/vmc2026-track3-sys017-utt020.wav,wav/vmc2026-track3-sys019-utt019.wav,4.322882713323336
sys001,utt072,wav/vmc2026-track3-sys001-utt072.wav,wav/vmc2026-track3-sys019-utt071.wav,3.8716539493537843
sys025,utt294,wav/vmc2026-track3-sys025-utt294.wav,wav/vmc2026-track3-sys019-utt293.wav,4.415943279185523
sys016,utt152,wav/vmc2026-track3-sys016-utt152.wav,wav/vmc2026-track3-sys019-utt151.wav,4.3833792933625295
sys020,utt172,wav/vmc2026-track3-sys020-utt172.wav,wav/vmc2026-track3-sys019-utt171.wav,3.4782956704127552
sys011,utt046,wav/vmc2026-track3-sys011-utt046.wav,wav/vmc2026-track3-sys019-utt045.wav,4.5985610341231835
sys023,utt174,wav/vmc2026-track3-sys023-utt174.wav,wav/vmc2026-track3-sys019-utt173.wav,4.42879774594936
sys009,utt128,wav/vmc2026-track3-sys009-utt128.wav,wav/vmc2026-track3-sys019-utt127.wav,4.0811238980576015
sys024,utt144,wav/vmc2026-track3-sys024-utt144.wav,wav/vmc2026-track3-sys019-utt143.wav,3.0850143624312643
sys009,utt320,wav/vmc2026-track3-sys009-utt320.wav,wav/vmc2026-track3-sys019-utt319.wav,3.929103598487283
sys005,utt066,wav/vmc2026-track3-sys005-utt066.wav,wav/vmc2026-track3-sys019-utt065.wav,4.1283589202122934
sys020,utt026,wav/vmc2026-track3-sys020-utt026.wav,wav/vmc2026-track3-sys019-utt025.wav,2.999469489251661
sys022,utt090,wav/vmc2026-track3-sys022-utt090.wav,wav/vmc2026-track3-sys019-utt089.wav,3.8979532223954765
sys012,utt246,wav/vmc2026-track3-sys012-utt246.wav,wav/vmc2026-track3-sys019-utt245.wav,4.176738215016749
sys007,utt156,wav/vmc2026-track3-sys007-utt156.wav,wav/vmc2026-track3-sys019-utt155.wav,4.662190403738874
sys026,utt196,wav/vmc2026-track3-sys026-utt196.wav,wav/vmc2026-track3-sys019-utt195.wav,4.430004215868147
sys002,utt144,wav/vmc2026-track3-sys002-utt144.wav,wav/vmc2026-track3-sys019-utt143.wav,3.751627999191059
sys008,utt114,wav/vmc2026-track3-sys008-utt114.wav,wav/vmc2026-track3-sys019-utt113.wav,4.3542476013676294
sys010,utt140,wav/vmc2026-track3-sys010-utt140.wav,wav/vmc2026-track3-sys019-utt139.wav,3.8322550718931203
sys012,utt176,wav/vmc2026-track3-sys012-utt176.wav,wav/vmc2026-track3-sys019-utt175.wav,3.2908056592313892
sys016,utt028,wav/vmc2026-track3-sys016-utt028.wav,wav/vmc2026-track3-sys019-utt027.wav,4.033544525079917
sys025,utt276,wav/vmc2026-track3-sys025-utt276.wav,wav/vmc2026-track3-sys019-utt275.wav,3.620924168206115
sys012,utt208,wav/vmc2026-track3-sys012-utt208.wav,wav/vmc2026-track3-sys019-utt207.wav,3.766093106116892
sys008,utt196,wav/vmc2026-track3-sys008-utt196.wav,wav/vmc2026-track3-sys019-utt195.wav,4.410707459516344
sys008,utt204,wav/vmc2026-track3-sys008-utt204.wav,wav/vmc2026-track3-sys019-utt203.wav,4.5976781364546095
sys005,utt290,wav/vmc2026-track3-sys005-utt290.wav,wav/vmc2026-track3-sys019-utt289.wav,4.421582534308243
sys017,utt158,wav/vmc2026-track3-sys017-utt158.wav,wav/vmc2026-track3-sys019-utt157.wav,4.741582033683721
sys002,utt068,wav/vmc2026-track3-sys002-utt068.wav,wav/vmc2026-track3-sys019-utt067.wav,4.310898287382179
sys009,utt198,wav/vmc2026-track3-sys009-utt198.wav,wav/vmc2026-track3-sys019-utt197.wav,4.683544937232092
sys025,utt246,wav/vmc2026-track3-sys025-utt246.wav,wav/vmc2026-track3-sys019-utt245.wav,3.6755257813162903
sys001,utt186,wav/vmc2026-track3-sys001-utt186.wav,wav/vmc2026-track3-sys019-utt185.wav,4.077502203019701
sys014,utt082,wav/vmc2026-track3-sys014-utt082.wav,wav/vmc2026-track3-sys019-utt081.wav,4.306254388245419
sys025,utt138,wav/vmc2026-track3-sys025-utt138.wav,wav/vmc2026-track3-sys019-utt137.wav,3.870725559731745
sys005,utt226,wav/vmc2026-track3-sys005-utt226.wav,wav/vmc2026-track3-sys019-utt225.wav,4.290941365782545
sys016,utt072,wav/vmc2026-track3-sys016-utt072.wav,wav/vmc2026-track3-sys019-utt071.wav,4.599007294113182
sys025,utt266,wav/vmc2026-track3-sys025-utt266.wav,wav/vmc2026-track3-sys019-utt265.wav,3.7616309383284277
sys005,utt140,wav/vmc2026-track3-sys005-utt140.wav,wav/vmc2026-track3-sys019-utt139.wav,3.6152939475055477
sys012,utt298,wav/vmc2026-track3-sys012-utt298.wav,wav/vmc2026-track3-sys019-utt297.wav,4.254155315600084
sys020,utt230,wav/vmc2026-track3-sys020-utt230.wav,wav/vmc2026-track3-sys019-utt229.wav,3.3114062879218094
sys011,utt280,wav/vmc2026-track3-sys011-utt280.wav,wav/vmc2026-track3-sys019-utt279.wav,4.593588429988204
sys025,utt232,wav/vmc2026-track3-sys025-utt232.wav,wav/vmc2026-track3-sys019-utt231.wav,4.27518143001816
sys009,utt026,wav/vmc2026-track3-sys009-utt026.wav,wav/vmc2026-track3-sys019-utt025.wav,4.5031527026135
sys008,utt008,wav/vmc2026-track3-sys008-utt008.wav,wav/vmc2026-track3-sys019-utt007.wav,4.590151206820411
sys017,utt012,wav/vmc2026-track3-sys017-utt012.wav,wav/vmc2026-track3-sys019-utt011.wav,4.66502813656764
sys001,utt068,wav/vmc2026-track3-sys001-utt068.wav,wav/vmc2026-track3-sys019-utt067.wav,4.485934802963445
sys018,utt152,wav/vmc2026-track3-sys018-utt152.wav,wav/vmc2026-track3-sys019-utt151.wav,3.6802532910165087
sys014,utt134,wav/vmc2026-track3-sys014-utt134.wav,wav/vmc2026-track3-sys019-utt133.wav,4.305833443215539
sys026,utt064,wav/vmc2026-track3-sys026-utt064.wav,wav/vmc2026-track3-sys019-utt063.wav,4.0009102212197085
sys016,utt204,wav/vmc2026-track3-sys016-utt204.wav,wav/vmc2026-track3-sys019-utt203.wav,3.6650899145615825
sys012,utt306,wav/vmc2026-track3-sys012-utt306.wav,wav/vmc2026-track3-sys019-utt305.wav,4.012880706029668
sys005,utt282,wav/vmc2026-track3-sys005-utt282.wav,wav/vmc2026-track3-sys019-utt281.wav,4.242175857556891
sys011,utt014,wav/vmc2026-track3-sys011-utt014.wav,wav/vmc2026-track3-sys019-utt013.wav,4.832592699895367
sys025,utt306,wav/vmc2026-track3-sys025-utt306.wav,wav/vmc2026-track3-sys019-utt305.wav,3.8785914840167304
sys001,utt182,wav/vmc2026-track3-sys001-utt182.wav,wav/vmc2026-track3-sys019-utt181.wav,4.263961026066547
sys007,utt116,wav/vmc2026-track3-sys007-utt116.wav,wav/vmc2026-track3-sys019-utt115.wav,4.0322260725767
sys025,utt074,wav/vmc2026-track3-sys025-utt074.wav,wav/vmc2026-track3-sys019-utt073.wav,4.062521977111144
sys016,utt314,wav/vmc2026-track3-sys016-utt314.wav,wav/vmc2026-track3-sys019-utt313.wav,3.7244072370658508
sys006,utt148,wav/vmc2026-track3-sys006-utt148.wav,wav/vmc2026-track3-sys019-utt147.wav,4.394537310029578
sys020,utt158,wav/vmc2026-track3-sys020-utt158.wav,wav/vmc2026-track3-sys019-utt157.wav,4.114022069806598
sys013,utt310,wav/vmc2026-track3-sys013-utt310.wav,wav/vmc2026-track3-sys019-utt309.wav,4.648428974049319
sys005,utt020,wav/vmc2026-track3-sys005-utt020.wav,wav/vmc2026-track3-sys019-utt019.wav,3.613927315669521
sys005,utt230,wav/vmc2026-track3-sys005-utt230.wav,wav/vmc2026-track3-sys019-utt229.wav,3.9504220573693787
sys017,utt250,wav/vmc2026-track3-sys017-utt250.wav,wav/vmc2026-track3-sys019-utt249.wav,4.388215420977209
sys020,utt176,wav/vmc2026-track3-sys020-utt176.wav,wav/vmc2026-track3-sys019-utt175.wav,2.8919734824693126
sys006,utt140,wav/vmc2026-track3-sys006-utt140.wav,wav/vmc2026-track3-sys019-utt139.wav,3.909176511707306
sys011,utt214,wav/vmc2026-track3-sys011-utt214.wav,wav/vmc2026-track3-sys019-utt213.wav,4.507871534679425
sys020,utt082,wav/vmc2026-track3-sys020-utt082.wav,wav/vmc2026-track3-sys019-utt081.wav,3.2962195276319335
sys026,utt124,wav/vmc2026-track3-sys026-utt124.wav,wav/vmc2026-track3-sys019-utt123.wav,4.097370870927337
sys013,utt292,wav/vmc2026-track3-sys013-utt292.wav,wav/vmc2026-track3-sys019-utt291.wav,4.713320294832586
sys025,utt114,wav/vmc2026-track3-sys025-utt114.wav,wav/vmc2026-track3-sys019-utt113.wav,3.570776089978412
sys016,utt034,wav/vmc2026-track3-sys016-utt034.wav,wav/vmc2026-track3-sys019-utt033.wav,3.699668704870852
sys002,utt174,wav/vmc2026-track3-sys002-utt174.wav,wav/vmc2026-track3-sys019-utt173.wav,3.802293202172666
sys013,utt080,wav/vmc2026-track3-sys013-utt080.wav,wav/vmc2026-track3-sys019-utt079.wav,3.999787666810694
sys013,utt018,wav/vmc2026-track3-sys013-utt018.wav,wav/vmc2026-track3-sys019-utt017.wav,4.3672199800354425
sys018,utt310,wav/vmc2026-track3-sys018-utt310.wav,wav/vmc2026-track3-sys019-utt309.wav,4.271086862218482
sys018,utt148,wav/vmc2026-track3-sys018-utt148.wav,wav/vmc2026-track3-sys019-utt147.wav,3.356697635702232
sys026,utt234,wav/vmc2026-track3-sys026-utt234.wav,wav/vmc2026-track3-sys019-utt233.wav,4.081292202255285
sys012,utt244,wav/vmc2026-track3-sys012-utt244.wav,wav/vmc2026-track3-sys019-utt243.wav,4.331651059409504
sys002,utt090,wav/vmc2026-track3-sys002-utt090.wav,wav/vmc2026-track3-sys019-utt089.wav,3.8439843119522012
sys022,utt062,wav/vmc2026-track3-sys022-utt062.wav,wav/vmc2026-track3-sys019-utt061.wav,4.077108586627313
sys012,utt312,wav/vmc2026-track3-sys012-utt312.wav,wav/vmc2026-track3-sys019-utt311.wav,4.322359494471836
sys010,utt214,wav/vmc2026-track3-sys010-utt214.wav,wav/vmc2026-track3-sys019-utt213.wav,4.243100215955428
sys018,utt078,wav/vmc2026-track3-sys018-utt078.wav,wav/vmc2026-track3-sys019-utt077.wav,4.26688875318587
sys014,utt176,wav/vmc2026-track3-sys014-utt176.wav,wav/vmc2026-track3-sys019-utt175.wav,4.591919731104362
sys014,utt088,wav/vmc2026-track3-sys014-utt088.wav,wav/vmc2026-track3-sys019-utt087.wav,4.235626636463177
sys010,utt072,wav/vmc2026-track3-sys010-utt072.wav,wav/vmc2026-track3-sys019-utt071.wav,4.126882971817623
sys018,utt018,wav/vmc2026-track3-sys018-utt018.wav,wav/vmc2026-track3-sys019-utt017.wav,4.59428366343629
sys022,utt304,wav/vmc2026-track3-sys022-utt304.wav,wav/vmc2026-track3-sys019-utt303.wav,3.7769952040391916
sys016,utt192,wav/vmc2026-track3-sys016-utt192.wav,wav/vmc2026-track3-sys019-utt191.wav,3.6786904628607484
sys009,utt154,wav/vmc2026-track3-sys009-utt154.wav,wav/vmc2026-track3-sys019-utt153.wav,4.495983460853312
sys014,utt220,wav/vmc2026-track3-sys014-utt220.wav,wav/vmc2026-track3-sys019-utt219.wav,4.648990483420022
sys014,utt048,wav/vmc2026-track3-sys014-utt048.wav,wav/vmc2026-track3-sys019-utt047.wav,4.6183345213388804
sys022,utt142,wav/vmc2026-track3-sys022-utt142.wav,wav/vmc2026-track3-sys019-utt141.wav,3.9830777115944693
sys008,utt090,wav/vmc2026-track3-sys008-utt090.wav,wav/vmc2026-track3-sys019-utt089.wav,4.662436270611302
sys026,utt038,wav/vmc2026-track3-sys026-utt038.wav,wav/vmc2026-track3-sys019-utt037.wav,4.114299246105901
sys018,utt222,wav/vmc2026-track3-sys018-utt222.wav,wav/vmc2026-track3-sys019-utt221.wav,3.1729518512085724
sys018,utt198,wav/vmc2026-track3-sys018-utt198.wav,wav/vmc2026-track3-sys019-utt197.wav,4.428321536765576
sys008,utt018,wav/vmc2026-track3-sys008-utt018.wav,wav/vmc2026-track3-sys019-utt017.wav,4.829382880985309
sys024,utt136,wav/vmc2026-track3-sys024-utt136.wav,wav/vmc2026-track3-sys019-utt135.wav,3.75735635920417
sys013,utt152,wav/vmc2026-track3-sys013-utt152.wav,wav/vmc2026-track3-sys019-utt151.wav,4.716429207848789
sys014,utt044,wav/vmc2026-track3-sys014-utt044.wav,wav/vmc2026-track3-sys019-utt043.wav,4.292617641232777
sys017,utt062,wav/vmc2026-track3-sys017-utt062.wav,wav/vmc2026-track3-sys019-utt061.wav,4.127947252165318
sys014,utt224,wav/vmc2026-track3-sys014-utt224.wav,wav/vmc2026-track3-sys019-utt223.wav,4.675193591820415
sys022,utt308,wav/vmc2026-track3-sys022-utt308.wav,wav/vmc2026-track3-sys019-utt307.wav,4.091311791870863
sys018,utt070,wav/vmc2026-track3-sys018-utt070.wav,wav/vmc2026-track3-sys019-utt069.wav,4.315026252243957
sys009,utt068,wav/vmc2026-track3-sys009-utt068.wav,wav/vmc2026-track3-sys019-utt067.wav,3.9852222245496796
sys007,utt230,wav/vmc2026-track3-sys007-utt230.wav,wav/vmc2026-track3-sys019-utt229.wav,4.108094635884934
sys024,utt198,wav/vmc2026-track3-sys024-utt198.wav,wav/vmc2026-track3-sys019-utt197.wav,4.356546246276207
sys007,utt010,wav/vmc2026-track3-sys007-utt010.wav,wav/vmc2026-track3-sys019-utt009.wav,3.855417196821676
sys016,utt290,wav/vmc2026-track3-sys016-utt290.wav,wav/vmc2026-track3-sys019-utt289.wav,3.6861093597083348
sys005,utt034,wav/vmc2026-track3-sys005-utt034.wav,wav/vmc2026-track3-sys019-utt033.wav,3.632064654436821
sys001,utt234,wav/vmc2026-track3-sys001-utt234.wav,wav/vmc2026-track3-sys019-utt233.wav,3.551866574425014
sys006,utt152,wav/vmc2026-track3-sys006-utt152.wav,wav/vmc2026-track3-sys019-utt151.wav,4.383284361517184
sys022,utt276,wav/vmc2026-track3-sys022-utt276.wav,wav/vmc2026-track3-sys019-utt275.wav,3.7339881339376473
sys026,utt178,wav/vmc2026-track3-sys026-utt178.wav,wav/vmc2026-track3-sys019-utt177.wav,4.197683516861945
sys024,utt182,wav/vmc2026-track3-sys024-utt182.wav,wav/vmc2026-track3-sys019-utt181.wav,3.818923437125672
sys012,utt066,wav/vmc2026-track3-sys012-utt066.wav,wav/vmc2026-track3-sys019-utt065.wav,4.3147518762647605
sys017,utt278,wav/vmc2026-track3-sys017-utt278.wav,wav/vmc2026-track3-sys019-utt277.wav,4.502878284237258
sys010,utt078,wav/vmc2026-track3-sys010-utt078.wav,wav/vmc2026-track3-sys019-utt077.wav,3.850639489973084
sys007,utt150,wav/vmc2026-track3-sys007-utt150.wav,wav/vmc2026-track3-sys019-utt149.wav,4.0440887107110495
sys002,utt066,wav/vmc2026-track3-sys002-utt066.wav,wav/vmc2026-track3-sys019-utt065.wav,4.174651867020226
sys013,utt132,wav/vmc2026-track3-sys013-utt132.wav,wav/vmc2026-track3-sys019-utt131.wav,3.8725056385169045
sys023,utt198,wav/vmc2026-track3-sys023-utt198.wav,wav/vmc2026-track3-sys019-utt197.wav,4.6190512622418005
sys013,utt208,wav/vmc2026-track3-sys013-utt208.wav,wav/vmc2026-track3-sys019-utt207.wav,3.463372315113724
sys011,utt232,wav/vmc2026-track3-sys011-utt232.wav,wav/vmc2026-track3-sys019-utt231.wav,4.003339399373417
sys010,utt184,wav/vmc2026-track3-sys010-utt184.wav,wav/vmc2026-track3-sys019-utt183.wav,4.277558313384579
sys022,utt232,wav/vmc2026-track3-sys022-utt232.wav,wav/vmc2026-track3-sys019-utt231.wav,3.2836464305526762
sys009,utt012,wav/vmc2026-track3-sys009-utt012.wav,wav/vmc2026-track3-sys019-utt011.wav,4.212386256371654
sys012,utt264,wav/vmc2026-track3-sys012-utt264.wav,wav/vmc2026-track3-sys019-utt263.wav,3.798097363829343
sys020,utt084,wav/vmc2026-track3-sys020-utt084.wav,wav/vmc2026-track3-sys019-utt083.wav,3.3608095474029525
sys024,utt306,wav/vmc2026-track3-sys024-utt306.wav,wav/vmc2026-track3-sys019-utt305.wav,3.9107398631004946
sys006,utt020,wav/vmc2026-track3-sys006-utt020.wav,wav/vmc2026-track3-sys019-utt019.wav,4.481020570763822
sys011,utt274,wav/vmc2026-track3-sys011-utt274.wav,wav/vmc2026-track3-sys019-utt273.wav,4.444951171172807
sys010,utt196,wav/vmc2026-track3-sys010-utt196.wav,wav/vmc2026-track3-sys019-utt195.wav,4.257564168868868
sys011,utt130,wav/vmc2026-track3-sys011-utt130.wav,wav/vmc2026-track3-sys019-utt129.wav,4.562698315572592
sys013,utt284,wav/vmc2026-track3-sys013-utt284.wav,wav/vmc2026-track3-sys019-utt283.wav,4.198714340870584
sys002,utt270,wav/vmc2026-track3-sys002-utt270.wav,wav/vmc2026-track3-sys019-utt269.wav,4.371533514868835
sys002,utt034,wav/vmc2026-track3-sys002-utt034.wav,wav/vmc2026-track3-sys019-utt033.wav,4.608839422441115
sys023,utt030,wav/vmc2026-track3-sys023-utt030.wav,wav/vmc2026-track3-sys019-utt029.wav,4.154471858051215
sys026,utt102,wav/vmc2026-track3-sys026-utt102.wav,wav/vmc2026-track3-sys019-utt101.wav,4.228543940519698
sys020,utt004,wav/vmc2026-track3-sys020-utt004.wav,wav/vmc2026-track3-sys019-utt003.wav,3.6520795904171792
sys010,utt308,wav/vmc2026-track3-sys010-utt308.wav,wav/vmc2026-track3-sys019-utt307.wav,3.595054391185835
sys012,utt320,wav/vmc2026-track3-sys012-utt320.wav,wav/vmc2026-track3-sys019-utt319.wav,4.148128293611817
sys025,utt268,wav/vmc2026-track3-sys025-utt268.wav,wav/vmc2026-track3-sys019-utt267.wav,4.063709354565496
sys008,utt284,wav/vmc2026-track3-sys008-utt284.wav,wav/vmc2026-track3-sys019-utt283.wav,4.325678432439579
sys002,utt290,wav/vmc2026-track3-sys002-utt290.wav,wav/vmc2026-track3-sys019-utt289.wav,4.60070428668912
sys016,utt176,wav/vmc2026-track3-sys016-utt176.wav,wav/vmc2026-track3-sys019-utt175.wav,3.1617452969605644
sys013,utt196,wav/vmc2026-track3-sys013-utt196.wav,wav/vmc2026-track3-sys019-utt195.wav,4.109756089302395
sys010,utt222,wav/vmc2026-track3-sys010-utt222.wav,wav/vmc2026-track3-sys019-utt221.wav,4.091410184833672
sys020,utt246,wav/vmc2026-track3-sys020-utt246.wav,wav/vmc2026-track3-sys019-utt245.wav,3.2529837602523806
sys009,utt262,wav/vmc2026-track3-sys009-utt262.wav,wav/vmc2026-track3-sys019-utt261.wav,4.5621981575810135
sys024,utt224,wav/vmc2026-track3-sys024-utt224.wav,wav/vmc2026-track3-sys019-utt223.wav,4.445638803072788
sys026,utt110,wav/vmc2026-track3-sys026-utt110.wav,wav/vmc2026-track3-sys019-utt109.wav,4.453634315435192
sys011,utt206,wav/vmc2026-track3-sys011-utt206.wav,wav/vmc2026-track3-sys019-utt205.wav,4.518774923348527
sys016,utt242,wav/vmc2026-track3-sys016-utt242.wav,wav/vmc2026-track3-sys019-utt241.wav,4.174359817645861
sys007,utt002,wav/vmc2026-track3-sys007-utt002.wav,wav/vmc2026-track3-sys019-utt001.wav,3.8945409115097616
sys014,utt026,wav/vmc2026-track3-sys014-utt026.wav,wav/vmc2026-track3-sys019-utt025.wav,4.518184913053712
sys024,utt026,wav/vmc2026-track3-sys024-utt026.wav,wav/vmc2026-track3-sys019-utt025.wav,3.6674192723775754
sys009,utt220,wav/vmc2026-track3-sys009-utt220.wav,wav/vmc2026-track3-sys019-utt219.wav,4.469365242632597
sys001,utt212,wav/vmc2026-track3-sys001-utt212.wav,wav/vmc2026-track3-sys019-utt211.wav,4.3276629883424125
sys014,utt070,wav/vmc2026-track3-sys014-utt070.wav,wav/vmc2026-track3-sys019-utt069.wav,4.609123026513218
sys010,utt068,wav/vmc2026-track3-sys010-utt068.wav,wav/vmc2026-track3-sys019-utt067.wav,4.11787564600305
sys002,utt228,wav/vmc2026-track3-sys002-utt228.wav,wav/vmc2026-track3-sys019-utt227.wav,4.757961321145335
sys001,utt276,wav/vmc2026-track3-sys001-utt276.wav,wav/vmc2026-track3-sys019-utt275.wav,4.4472808219699065
sys002,utt318,wav/vmc2026-track3-sys002-utt318.wav,wav/vmc2026-track3-sys019-utt317.wav,4.581801783759999
sys007,utt318,wav/vmc2026-track3-sys007-utt318.wav,wav/vmc2026-track3-sys019-utt317.wav,4.428203321287526
sys024,utt008,wav/vmc2026-track3-sys024-utt008.wav,wav/vmc2026-track3-sys019-utt007.wav,4.241460882645966
sys009,utt152,wav/vmc2026-track3-sys009-utt152.wav,wav/vmc2026-track3-sys019-utt151.wav,4.346645686322763
sys011,utt226,wav/vmc2026-track3-sys011-utt226.wav,wav/vmc2026-track3-sys019-utt225.wav,4.609129027109098
sys026,utt210,wav/vmc2026-track3-sys026-utt210.wav,wav/vmc2026-track3-sys019-utt209.wav,4.39751098450576
sys023,utt176,wav/vmc2026-track3-sys023-utt176.wav,wav/vmc2026-track3-sys019-utt175.wav,3.8447344555021
sys026,utt284,wav/vmc2026-track3-sys026-utt284.wav,wav/vmc2026-track3-sys019-utt283.wav,4.254839071904047
sys011,utt248,wav/vmc2026-track3-sys011-utt248.wav,wav/vmc2026-track3-sys019-utt247.wav,4.790446737981966
sys008,utt220,wav/vmc2026-track3-sys008-utt220.wav,wav/vmc2026-track3-sys019-utt219.wav,4.228861220539226
sys024,utt062,wav/vmc2026-track3-sys024-utt062.wav,wav/vmc2026-track3-sys019-utt061.wav,3.8326821823910118
sys018,utt230,wav/vmc2026-track3-sys018-utt230.wav,wav/vmc2026-track3-sys019-utt229.wav,4.0090153894783
sys008,utt034,wav/vmc2026-track3-sys008-utt034.wav,wav/vmc2026-track3-sys019-utt033.wav,4.520069830335748
sys005,utt320,wav/vmc2026-track3-sys005-utt320.wav,wav/vmc2026-track3-sys019-utt319.wav,4.205995239712107
sys008,utt032,wav/vmc2026-track3-sys008-utt032.wav,wav/vmc2026-track3-sys019-utt031.wav,4.247254373426408
sys005,utt006,wav/vmc2026-track3-sys005-utt006.wav,wav/vmc2026-track3-sys019-utt005.wav,3.6883892253461568
sys001,utt148,wav/vmc2026-track3-sys001-utt148.wav,wav/vmc2026-track3-sys019-utt147.wav,4.103874241773032
sys014,utt034,wav/vmc2026-track3-sys014-utt034.wav,wav/vmc2026-track3-sys019-utt033.wav,4.5267071951306175
sys022,utt020,wav/vmc2026-track3-sys022-utt020.wav,wav/vmc2026-track3-sys019-utt019.wav,4.075821821866262
sys026,utt128,wav/vmc2026-track3-sys026-utt128.wav,wav/vmc2026-track3-sys019-utt127.wav,4.470889591167587
sys010,utt272,wav/vmc2026-track3-sys010-utt272.wav,wav/vmc2026-track3-sys019-utt271.wav,3.8543482471410555
sys016,utt280,wav/vmc2026-track3-sys016-utt280.wav,wav/vmc2026-track3-sys019-utt279.wav,3.825640093799913
sys024,utt214,wav/vmc2026-track3-sys024-utt214.wav,wav/vmc2026-track3-sys019-utt213.wav,4.282239002918227
sys007,utt148,wav/vmc2026-track3-sys007-utt148.wav,wav/vmc2026-track3-sys019-utt147.wav,3.8058760796721214
sys014,utt032,wav/vmc2026-track3-sys014-utt032.wav,wav/vmc2026-track3-sys019-utt031.wav,4.283174676756932
sys026,utt218,wav/vmc2026-track3-sys026-utt218.wav,wav/vmc2026-track3-sys019-utt217.wav,4.060599972104088
sys022,utt144,wav/vmc2026-track3-sys022-utt144.wav,wav/vmc2026-track3-sys019-utt143.wav,3.154848784027868
sys016,utt130,wav/vmc2026-track3-sys016-utt130.wav,wav/vmc2026-track3-sys019-utt129.wav,4.14866984141056
sys026,utt184,wav/vmc2026-track3-sys026-utt184.wav,wav/vmc2026-track3-sys019-utt183.wav,4.104675167455141
sys014,utt198,wav/vmc2026-track3-sys014-utt198.wav,wav/vmc2026-track3-sys019-utt197.wav,4.669170859338151
sys014,utt108,wav/vmc2026-track3-sys014-utt108.wav,wav/vmc2026-track3-sys019-utt107.wav,4.338531040126673
sys017,utt212,wav/vmc2026-track3-sys017-utt212.wav,wav/vmc2026-track3-sys019-utt211.wav,4.43103046628506
sys017,utt292,wav/vmc2026-track3-sys017-utt292.wav,wav/vmc2026-track3-sys019-utt291.wav,4.398925083649191
sys020,utt074,wav/vmc2026-track3-sys020-utt074.wav,wav/vmc2026-track3-sys019-utt073.wav,4.021845472959152
sys011,utt296,wav/vmc2026-track3-sys011-utt296.wav,wav/vmc2026-track3-sys019-utt295.wav,4.750257888576693
sys024,utt294,wav/vmc2026-track3-sys024-utt294.wav,wav/vmc2026-track3-sys019-utt293.wav,4.373757447792183
sys009,utt222,wav/vmc2026-track3-sys009-utt222.wav,wav/vmc2026-track3-sys019-utt221.wav,4.164890754305566
sys025,utt174,wav/vmc2026-track3-sys025-utt174.wav,wav/vmc2026-track3-sys019-utt173.wav,3.577462982135047
sys026,utt212,wav/vmc2026-track3-sys026-utt212.wav,wav/vmc2026-track3-sys019-utt211.wav,4.458138194645685
sys001,utt050,wav/vmc2026-track3-sys001-utt050.wav,wav/vmc2026-track3-sys019-utt049.wav,4.136084118434257
sys010,utt018,wav/vmc2026-track3-sys010-utt018.wav,wav/vmc2026-track3-sys019-utt017.wav,4.595354335920355
sys016,utt138,wav/vmc2026-track3-sys016-utt138.wav,wav/vmc2026-track3-sys019-utt137.wav,3.934477047218564
sys020,utt050,wav/vmc2026-track3-sys020-utt050.wav,wav/vmc2026-track3-sys019-utt049.wav,3.7153473050298724
sys007,utt236,wav/vmc2026-track3-sys007-utt236.wav,wav/vmc2026-track3-sys019-utt235.wav,4.170938587232294
sys011,utt064,wav/vmc2026-track3-sys011-utt064.wav,wav/vmc2026-track3-sys019-utt063.wav,4.5763114712612385
sys025,utt134,wav/vmc2026-track3-sys025-utt134.wav,wav/vmc2026-track3-sys019-utt133.wav,3.405031570403377
sys014,utt124,wav/vmc2026-track3-sys014-utt124.wav,wav/vmc2026-track3-sys019-utt123.wav,4.156579610222633
sys012,utt220,wav/vmc2026-track3-sys012-utt220.wav,wav/vmc2026-track3-sys019-utt219.wav,4.2650085226026775
sys020,utt116,wav/vmc2026-track3-sys020-utt116.wav,wav/vmc2026-track3-sys019-utt115.wav,3.481332489755876
sys018,utt066,wav/vmc2026-track3-sys018-utt066.wav,wav/vmc2026-track3-sys019-utt065.wav,4.08682885414967
sys013,utt276,wav/vmc2026-track3-sys013-utt276.wav,wav/vmc2026-track3-sys019-utt275.wav,4.100781858758801
sys020,utt064,wav/vmc2026-track3-sys020-utt064.wav,wav/vmc2026-track3-sys019-utt063.wav,2.9133398620203654
sys018,utt004,wav/vmc2026-track3-sys018-utt004.wav,wav/vmc2026-track3-sys019-utt003.wav,4.401402576870812
sys023,utt236,wav/vmc2026-track3-sys023-utt236.wav,wav/vmc2026-track3-sys019-utt235.wav,4.428309733745513
sys018,utt120,wav/vmc2026-track3-sys018-utt120.wav,wav/vmc2026-track3-sys019-utt119.wav,4.1216905023019645
sys008,utt250,wav/vmc2026-track3-sys008-utt250.wav,wav/vmc2026-track3-sys019-utt249.wav,4.79064758514942
sys018,utt202,wav/vmc2026-track3-sys018-utt202.wav,wav/vmc2026-track3-sys019-utt201.wav,3.9274934446282206
sys001,utt026,wav/vmc2026-track3-sys001-utt026.wav,wav/vmc2026-track3-sys019-utt025.wav,4.266728486160595
sys013,utt150,wav/vmc2026-track3-sys013-utt150.wav,wav/vmc2026-track3-sys019-utt149.wav,4.090433537001634
sys002,utt136,wav/vmc2026-track3-sys002-utt136.wav,wav/vmc2026-track3-sys019-utt135.wav,4.244707408954285
sys012,utt070,wav/vmc2026-track3-sys012-utt070.wav,wav/vmc2026-track3-sys019-utt069.wav,4.667755906996184
sys023,utt302,wav/vmc2026-track3-sys023-utt302.wav,wav/vmc2026-track3-sys019-utt301.wav,4.540725575055033
sys011,utt174,wav/vmc2026-track3-sys011-utt174.wav,wav/vmc2026-track3-sys019-utt173.wav,4.58367830772345
sys006,utt184,wav/vmc2026-track3-sys006-utt184.wav,wav/vmc2026-track3-sys019-utt183.wav,4.44280935836585
sys024,utt118,wav/vmc2026-track3-sys024-utt118.wav,wav/vmc2026-track3-sys019-utt117.wav,3.4939232421300215
sys022,utt242,wav/vmc2026-track3-sys022-utt242.wav,wav/vmc2026-track3-sys019-utt241.wav,4.28949253399673
sys011,utt200,wav/vmc2026-track3-sys011-utt200.wav,wav/vmc2026-track3-sys019-utt199.wav,4.577517751662567
sys023,utt122,wav/vmc2026-track3-sys023-utt122.wav,wav/vmc2026-track3-sys019-utt121.wav,4.45938580169521
sys013,utt218,wav/vmc2026-track3-sys013-utt218.wav,wav/vmc2026-track3-sys019-utt217.wav,4.60371765798186
sys002,utt278,wav/vmc2026-track3-sys002-utt278.wav,wav/vmc2026-track3-sys019-utt277.wav,4.393453964526773
sys025,utt048,wav/vmc2026-track3-sys025-utt048.wav,wav/vmc2026-track3-sys019-utt047.wav,4.091366840556887
sys018,utt132,wav/vmc2026-track3-sys018-utt132.wav,wav/vmc2026-track3-sys019-utt131.wav,4.180852062669211
sys024,utt022,wav/vmc2026-track3-sys024-utt022.wav,wav/vmc2026-track3-sys019-utt021.wav,3.900201996360627
sys009,utt156,wav/vmc2026-track3-sys009-utt156.wav,wav/vmc2026-track3-sys019-utt155.wav,4.454397777569304
sys011,utt032,wav/vmc2026-track3-sys011-utt032.wav,wav/vmc2026-track3-sys019-utt031.wav,3.9659769755766905
sys012,utt008,wav/vmc2026-track3-sys012-utt008.wav,wav/vmc2026-track3-sys019-utt007.wav,4.688084749775049
sys013,utt198,wav/vmc2026-track3-sys013-utt198.wav,wav/vmc2026-track3-sys019-utt197.wav,4.180753416613678
sys011,utt102,wav/vmc2026-track3-sys011-utt102.wav,wav/vmc2026-track3-sys019-utt101.wav,4.4157423838596905
sys022,utt286,wav/vmc2026-track3-sys022-utt286.wav,wav/vmc2026-track3-sys019-utt285.wav,4.06741911308754
sys024,utt112,wav/vmc2026-track3-sys024-utt112.wav,wav/vmc2026-track3-sys019-utt111.wav,3.4971961661285578
sys022,utt078,wav/vmc2026-track3-sys022-utt078.wav,wav/vmc2026-track3-sys019-utt077.wav,4.430718863807415
sys001,utt244,wav/vmc2026-track3-sys001-utt244.wav,wav/vmc2026-track3-sys019-utt243.wav,4.419968897881109
sys025,utt104,wav/vmc2026-track3-sys025-utt104.wav,wav/vmc2026-track3-sys019-utt103.wav,3.820444016252425
sys022,utt284,wav/vmc2026-track3-sys022-utt284.wav,wav/vmc2026-track3-sys019-utt283.wav,4.318581051056518
sys001,utt176,wav/vmc2026-track3-sys001-utt176.wav,wav/vmc2026-track3-sys019-utt175.wav,4.010718393432105
sys023,utt020,wav/vmc2026-track3-sys023-utt020.wav,wav/vmc2026-track3-sys019-utt019.wav,3.9154290882496245
sys018,utt026,wav/vmc2026-track3-sys018-utt026.wav,wav/vmc2026-track3-sys019-utt025.wav,3.2404215027214573
sys022,utt230,wav/vmc2026-track3-sys022-utt230.wav,wav/vmc2026-track3-sys019-utt229.wav,3.4672036792016314
sys005,utt288,wav/vmc2026-track3-sys005-utt288.wav,wav/vmc2026-track3-sys019-utt287.wav,4.432913698158258
sys010,utt194,wav/vmc2026-track3-sys010-utt194.wav,wav/vmc2026-track3-sys019-utt193.wav,3.851610466548639
sys025,utt204,wav/vmc2026-track3-sys025-utt204.wav,wav/vmc2026-track3-sys019-utt203.wav,3.9915534288514873
sys009,utt102,wav/vmc2026-track3-sys009-utt102.wav,wav/vmc2026-track3-sys019-utt101.wav,4.493596694290826
sys013,utt128,wav/vmc2026-track3-sys013-utt128.wav,wav/vmc2026-track3-sys019-utt127.wav,4.419167790425081
sys014,utt316,wav/vmc2026-track3-sys014-utt316.wav,wav/vmc2026-track3-sys019-utt315.wav,4.316929522757664
sys001,utt074,wav/vmc2026-track3-sys001-utt074.wav,wav/vmc2026-track3-sys019-utt073.wav,4.145252798439127
sys001,utt022,wav/vmc2026-track3-sys001-utt022.wav,wav/vmc2026-track3-sys019-utt021.wav,4.018404569859615
sys022,utt030,wav/vmc2026-track3-sys022-utt030.wav,wav/vmc2026-track3-sys019-utt029.wav,4.309675042397237
sys009,utt314,wav/vmc2026-track3-sys009-utt314.wav,wav/vmc2026-track3-sys019-utt313.wav,4.1792933229166
sys020,utt206,wav/vmc2026-track3-sys020-utt206.wav,wav/vmc2026-track3-sys019-utt205.wav,3.71180834299936
sys007,utt216,wav/vmc2026-track3-sys007-utt216.wav,wav/vmc2026-track3-sys019-utt215.wav,4.236565437018437
sys026,utt014,wav/vmc2026-track3-sys026-utt014.wav,wav/vmc2026-track3-sys019-utt013.wav,3.8153043243311426
sys011,utt230,wav/vmc2026-track3-sys011-utt230.wav,wav/vmc2026-track3-sys019-utt229.wav,4.8255393414176995
sys006,utt280,wav/vmc2026-track3-sys006-utt280.wav,wav/vmc2026-track3-sys019-utt279.wav,4.734124337463262
sys005,utt212,wav/vmc2026-track3-sys005-utt212.wav,wav/vmc2026-track3-sys019-utt211.wav,4.001926762044216
sys011,utt010,wav/vmc2026-track3-sys011-utt010.wav,wav/vmc2026-track3-sys019-utt009.wav,4.135166387864925
sys022,utt012,wav/vmc2026-track3-sys022-utt012.wav,wav/vmc2026-track3-sys019-utt011.wav,4.097863962549489
sys014,utt304,wav/vmc2026-track3-sys014-utt304.wav,wav/vmc2026-track3-sys019-utt303.wav,4.5888205253428085
sys023,utt040,wav/vmc2026-track3-sys023-utt040.wav,wav/vmc2026-track3-sys019-utt039.wav,3.9005683086719567
sys011,utt234,wav/vmc2026-track3-sys011-utt234.wav,wav/vmc2026-track3-sys019-utt233.wav,3.626471379632442
sys003,utt010,wav/vmc2026-track3-sys003-utt010.wav,wav/vmc2026-track3-sys019-utt009.wav,4.269810196994369
sys012,utt166,wav/vmc2026-track3-sys012-utt166.wav,wav/vmc2026-track3-sys019-utt165.wav,3.510891301476823
sys003,utt064,wav/vmc2026-track3-sys003-utt064.wav,wav/vmc2026-track3-sys019-utt063.wav,3.9225916937965746
sys026,utt260,wav/vmc2026-track3-sys026-utt260.wav,wav/vmc2026-track3-sys019-utt259.wav,3.930987061019795
sys015,utt194,wav/vmc2026-track3-sys015-utt194.wav,wav/vmc2026-track3-sys019-utt193.wav,4.010458037927572
sys010,utt084,wav/vmc2026-track3-sys010-utt084.wav,wav/vmc2026-track3-sys019-utt083.wav,3.861500157676551
sys011,utt164,wav/vmc2026-track3-sys011-utt164.wav,wav/vmc2026-track3-sys019-utt163.wav,4.477615641953969
sys003,utt068,wav/vmc2026-track3-sys003-utt068.wav,wav/vmc2026-track3-sys019-utt067.wav,4.331884685495276
sys023,utt170,wav/vmc2026-track3-sys023-utt170.wav,wav/vmc2026-track3-sys019-utt169.wav,4.101010956511604
sys022,utt212,wav/vmc2026-track3-sys022-utt212.wav,wav/vmc2026-track3-sys019-utt211.wav,4.189658471946263
sys009,utt010,wav/vmc2026-track3-sys009-utt010.wav,wav/vmc2026-track3-sys019-utt009.wav,3.945145546861967
sys003,utt298,wav/vmc2026-track3-sys003-utt298.wav,wav/vmc2026-track3-sys019-utt297.wav,4.370815368361633
sys003,utt108,wav/vmc2026-track3-sys003-utt108.wav,wav/vmc2026-track3-sys019-utt107.wav,4.575066389882776
sys012,utt132,wav/vmc2026-track3-sys012-utt132.wav,wav/vmc2026-track3-sys019-utt131.wav,3.4841547789696325
sys017,utt306,wav/vmc2026-track3-sys017-utt306.wav,wav/vmc2026-track3-sys019-utt305.wav,4.30539207904522
sys013,utt028,wav/vmc2026-track3-sys013-utt028.wav,wav/vmc2026-track3-sys019-utt027.wav,4.351054275979991
sys022,utt220,wav/vmc2026-track3-sys022-utt220.wav,wav/vmc2026-track3-sys019-utt219.wav,3.92650680853528
sys007,utt302,wav/vmc2026-track3-sys007-utt302.wav,wav/vmc2026-track3-sys019-utt301.wav,4.257487540750207
sys017,utt260,wav/vmc2026-track3-sys017-utt260.wav,wav/vmc2026-track3-sys019-utt259.wav,3.2478309184948113
sys012,utt190,wav/vmc2026-track3-sys012-utt190.wav,wav/vmc2026-track3-sys019-utt189.wav,3.390705108317474
sys008,utt256,wav/vmc2026-track3-sys008-utt256.wav,wav/vmc2026-track3-sys019-utt255.wav,3.4119120611465235
sys003,utt004,wav/vmc2026-track3-sys003-utt004.wav,wav/vmc2026-track3-sys019-utt003.wav,4.220786521244835
sys001,utt164,wav/vmc2026-track3-sys001-utt164.wav,wav/vmc2026-track3-sys019-utt163.wav,4.023737869941667
sys015,utt118,wav/vmc2026-track3-sys015-utt118.wav,wav/vmc2026-track3-sys019-utt117.wav,4.30316015090039
sys018,utt042,wav/vmc2026-track3-sys018-utt042.wav,wav/vmc2026-track3-sys019-utt041.wav,4.243904956282123
sys003,utt296,wav/vmc2026-track3-sys003-utt296.wav,wav/vmc2026-track3-sys019-utt295.wav,4.812715369861495
sys003,utt114,wav/vmc2026-track3-sys003-utt114.wav,wav/vmc2026-track3-sys019-utt113.wav,3.8715317808706575
sys003,utt236,wav/vmc2026-track3-sys003-utt236.wav,wav/vmc2026-track3-sys019-utt235.wav,4.478894399537296
sys024,utt254,wav/vmc2026-track3-sys024-utt254.wav,wav/vmc2026-track3-sys019-utt253.wav,4.354397664022916
sys026,utt194,wav/vmc2026-track3-sys026-utt194.wav,wav/vmc2026-track3-sys019-utt193.wav,4.542501363652766
sys003,utt264,wav/vmc2026-track3-sys003-utt264.wav,wav/vmc2026-track3-sys019-utt263.wav,4.4715964191104405
sys008,utt170,wav/vmc2026-track3-sys008-utt170.wav,wav/vmc2026-track3-sys019-utt169.wav,4.765802659858957
sys015,utt296,wav/vmc2026-track3-sys015-utt296.wav,wav/vmc2026-track3-sys019-utt295.wav,4.588742097339531
sys012,utt164,wav/vmc2026-track3-sys012-utt164.wav,wav/vmc2026-track3-sys019-utt163.wav,3.912867380852292
sys003,utt142,wav/vmc2026-track3-sys003-utt142.wav,wav/vmc2026-track3-sys019-utt141.wav,4.38049367119243
sys015,utt070,wav/vmc2026-track3-sys015-utt070.wav,wav/vmc2026-track3-sys019-utt069.wav,4.540973620522739
sys013,utt256,wav/vmc2026-track3-sys013-utt256.wav,wav/vmc2026-track3-sys019-utt255.wav,2.946600728252699
sys002,utt254,wav/vmc2026-track3-sys002-utt254.wav,wav/vmc2026-track3-sys019-utt253.wav,3.5435699148988204
sys003,utt300,wav/vmc2026-track3-sys003-utt300.wav,wav/vmc2026-track3-sys019-utt299.wav,4.054072768688638
sys003,utt246,wav/vmc2026-track3-sys003-utt246.wav,wav/vmc2026-track3-sys019-utt245.wav,4.661235663805241
sys025,utt254,wav/vmc2026-track3-sys025-utt254.wav,wav/vmc2026-track3-sys019-utt253.wav,4.261265907690491
sys017,utt190,wav/vmc2026-track3-sys017-utt190.wav,wav/vmc2026-track3-sys019-utt189.wav,4.003435533709791
sys009,utt168,wav/vmc2026-track3-sys009-utt168.wav,wav/vmc2026-track3-sys019-utt167.wav,4.184870509157458
sys015,utt110,wav/vmc2026-track3-sys015-utt110.wav,wav/vmc2026-track3-sys019-utt109.wav,4.509801909771764
sys016,utt006,wav/vmc2026-track3-sys016-utt006.wav,wav/vmc2026-track3-sys019-utt005.wav,3.6470011068507633
sys010,utt258,wav/vmc2026-track3-sys010-utt258.wav,wav/vmc2026-track3-sys019-utt257.wav,3.590946043010029
sys015,utt014,wav/vmc2026-track3-sys015-utt014.wav,wav/vmc2026-track3-sys019-utt013.wav,4.701481266335329
sys015,utt172,wav/vmc2026-track3-sys015-utt172.wav,wav/vmc2026-track3-sys019-utt171.wav,4.1107457186239165
sys024,utt164,wav/vmc2026-track3-sys024-utt164.wav,wav/vmc2026-track3-sys019-utt163.wav,3.685408754941422
sys003,utt282,wav/vmc2026-track3-sys003-utt282.wav,wav/vmc2026-track3-sys019-utt281.wav,4.928967880429523
sys015,utt146,wav/vmc2026-track3-sys015-utt146.wav,wav/vmc2026-track3-sys019-utt145.wav,4.254573189629828
sys015,utt088,wav/vmc2026-track3-sys015-utt088.wav,wav/vmc2026-track3-sys019-utt087.wav,4.197519472503947
sys007,utt254,wav/vmc2026-track3-sys007-utt254.wav,wav/vmc2026-track3-sys019-utt253.wav,3.7340779812475753
sys006,utt170,wav/vmc2026-track3-sys006-utt170.wav,wav/vmc2026-track3-sys019-utt169.wav,4.903928774481667
sys015,utt076,wav/vmc2026-track3-sys015-utt076.wav,wav/vmc2026-track3-sys019-utt075.wav,4.656502423799726
sys017,utt164,wav/vmc2026-track3-sys017-utt164.wav,wav/vmc2026-track3-sys019-utt163.wav,3.9119045509786776
sys003,utt280,wav/vmc2026-track3-sys003-utt280.wav,wav/vmc2026-track3-sys019-utt279.wav,4.459100784592969
sys018,utt168,wav/vmc2026-track3-sys018-utt168.wav,wav/vmc2026-track3-sys019-utt167.wav,3.60340581184366
sys013,utt254,wav/vmc2026-track3-sys013-utt254.wav,wav/vmc2026-track3-sys019-utt253.wav,4.626174791352258
sys015,utt166,wav/vmc2026-track3-sys015-utt166.wav,wav/vmc2026-track3-sys019-utt165.wav,4.361201909397352
sys022,utt190,wav/vmc2026-track3-sys022-utt190.wav,wav/vmc2026-track3-sys019-utt189.wav,3.9226613496616745
sys015,utt216,wav/vmc2026-track3-sys015-utt216.wav,wav/vmc2026-track3-sys019-utt215.wav,4.59302730519505
sys003,utt076,wav/vmc2026-track3-sys003-utt076.wav,wav/vmc2026-track3-sys019-utt075.wav,4.645220287930186
sys011,utt190,wav/vmc2026-track3-sys011-utt190.wav,wav/vmc2026-track3-sys019-utt189.wav,3.8355179280800686
sys003,utt082,wav/vmc2026-track3-sys003-utt082.wav,wav/vmc2026-track3-sys019-utt081.wav,4.127355935445499
sys025,utt256,wav/vmc2026-track3-sys025-utt256.wav,wav/vmc2026-track3-sys019-utt255.wav,2.826380347704746
sys013,utt168,wav/vmc2026-track3-sys013-utt168.wav,wav/vmc2026-track3-sys019-utt167.wav,4.664243547811429
sys015,utt274,wav/vmc2026-track3-sys015-utt274.wav,wav/vmc2026-track3-sys019-utt273.wav,4.402773851175654
sys026,utt256,wav/vmc2026-track3-sys026-utt256.wav,wav/vmc2026-track3-sys019-utt255.wav,4.284337631713144
sys017,utt162,wav/vmc2026-track3-sys017-utt162.wav,wav/vmc2026-track3-sys019-utt161.wav,3.7215059367183714
sys003,utt120,wav/vmc2026-track3-sys003-utt120.wav,wav/vmc2026-track3-sys019-utt119.wav,3.8910479266932168
sys012,utt260,wav/vmc2026-track3-sys012-utt260.wav,wav/vmc2026-track3-sys019-utt259.wav,3.6597423481567666
sys003,utt048,wav/vmc2026-track3-sys003-utt048.wav,wav/vmc2026-track3-sys019-utt047.wav,4.427325104409737
sys014,utt256,wav/vmc2026-track3-sys014-utt256.wav,wav/vmc2026-track3-sys019-utt255.wav,3.0504820549564653
sys003,utt136,wav/vmc2026-track3-sys003-utt136.wav,wav/vmc2026-track3-sys019-utt135.wav,4.058944812659067
sys024,utt260,wav/vmc2026-track3-sys024-utt260.wav,wav/vmc2026-track3-sys019-utt259.wav,3.9888501513192702
sys003,utt146,wav/vmc2026-track3-sys003-utt146.wav,wav/vmc2026-track3-sys019-utt145.wav,4.310528881629524
sys016,utt170,wav/vmc2026-track3-sys016-utt170.wav,wav/vmc2026-track3-sys019-utt169.wav,4.063112228335299
sys022,utt244,wav/vmc2026-track3-sys022-utt244.wav,wav/vmc2026-track3-sys019-utt243.wav,3.580794911440459
sys013,utt260,wav/vmc2026-track3-sys013-utt260.wav,wav/vmc2026-track3-sys019-utt259.wav,3.6772773715247586
sys015,utt256,wav/vmc2026-track3-sys015-utt256.wav,wav/vmc2026-track3-sys019-utt255.wav,3.0443346557170994
sys015,utt222,wav/vmc2026-track3-sys015-utt222.wav,wav/vmc2026-track3-sys019-utt221.wav,4.088745406769927
sys003,utt160,wav/vmc2026-track3-sys003-utt160.wav,wav/vmc2026-track3-sys019-utt159.wav,4.843442449583092
sys002,utt170,wav/vmc2026-track3-sys002-utt170.wav,wav/vmc2026-track3-sys019-utt169.wav,4.468316202786082
sys017,utt254,wav/vmc2026-track3-sys017-utt254.wav,wav/vmc2026-track3-sys019-utt253.wav,4.161785984158129
sys001,utt198,wav/vmc2026-track3-sys001-utt198.wav,wav/vmc2026-track3-sys019-utt197.wav,4.324916201246578
sys008,utt168,wav/vmc2026-track3-sys008-utt168.wav,wav/vmc2026-track3-sys019-utt167.wav,4.764836533738787
sys015,utt044,wav/vmc2026-track3-sys015-utt044.wav,wav/vmc2026-track3-sys019-utt043.wav,3.915218850336029
sys014,utt148,wav/vmc2026-track3-sys014-utt148.wav,wav/vmc2026-track3-sys019-utt147.wav,4.5230587843902255
sys015,utt280,wav/vmc2026-track3-sys015-utt280.wav,wav/vmc2026-track3-sys019-utt279.wav,4.560093958798457
sys003,utt290,wav/vmc2026-track3-sys003-utt290.wav,wav/vmc2026-track3-sys019-utt289.wav,3.9548374697698923
sys015,utt318,wav/vmc2026-track3-sys015-utt318.wav,wav/vmc2026-track3-sys019-utt317.wav,4.116765857886921
sys024,utt252,wav/vmc2026-track3-sys024-utt252.wav,wav/vmc2026-track3-sys019-utt251.wav,4.365183166045784
sys015,utt078,wav/vmc2026-track3-sys015-utt078.wav,wav/vmc2026-track3-sys019-utt077.wav,4.5200412578934035
sys017,utt170,wav/vmc2026-track3-sys017-utt170.wav,wav/vmc2026-track3-sys019-utt169.wav,3.8878963364935557
sys003,utt196,wav/vmc2026-track3-sys003-utt196.wav,wav/vmc2026-track3-sys019-utt195.wav,4.757720989844265
sys003,utt066,wav/vmc2026-track3-sys003-utt066.wav,wav/vmc2026-track3-sys019-utt065.wav,4.591627328479233
sys015,utt138,wav/vmc2026-track3-sys015-utt138.wav,wav/vmc2026-track3-sys019-utt137.wav,4.126471367473371
sys003,utt320,wav/vmc2026-track3-sys003-utt320.wav,wav/vmc2026-track3-sys019-utt319.wav,4.2453331884752625
sys015,utt212,wav/vmc2026-track3-sys015-utt212.wav,wav/vmc2026-track3-sys019-utt211.wav,4.533367753828881
sys011,utt166,wav/vmc2026-track3-sys011-utt166.wav,wav/vmc2026-track3-sys019-utt165.wav,4.002135082156392
sys003,utt030,wav/vmc2026-track3-sys003-utt030.wav,wav/vmc2026-track3-sys019-utt029.wav,4.607673657250438
sys017,utt222,wav/vmc2026-track3-sys017-utt222.wav,wav/vmc2026-track3-sys019-utt221.wav,3.964584868083975
sys014,utt254,wav/vmc2026-track3-sys014-utt254.wav,wav/vmc2026-track3-sys019-utt253.wav,4.663699059434565
sys003,utt038,wav/vmc2026-track3-sys003-utt038.wav,wav/vmc2026-track3-sys019-utt037.wav,3.7640535565019757
sys003,utt134,wav/vmc2026-track3-sys003-utt134.wav,wav/vmc2026-track3-sys019-utt133.wav,4.375314541502651
sys015,utt142,wav/vmc2026-track3-sys015-utt142.wav,wav/vmc2026-track3-sys019-utt141.wav,4.123061421336955
sys017,utt234,wav/vmc2026-track3-sys017-utt234.wav,wav/vmc2026-track3-sys019-utt233.wav,3.758189893831833
sys015,utt164,wav/vmc2026-track3-sys015-utt164.wav,wav/vmc2026-track3-sys019-utt163.wav,3.9809335795989176
sys005,utt116,wav/vmc2026-track3-sys005-utt116.wav,wav/vmc2026-track3-sys019-utt115.wav,3.79211684986142
sys010,utt252,wav/vmc2026-track3-sys010-utt252.wav,wav/vmc2026-track3-sys019-utt251.wav,4.051524771574126
sys023,utt260,wav/vmc2026-track3-sys023-utt260.wav,wav/vmc2026-track3-sys019-utt259.wav,3.8072403821260257
sys016,utt050,wav/vmc2026-track3-sys016-utt050.wav,wav/vmc2026-track3-sys019-utt049.wav,4.129783428924389
sys017,utt256,wav/vmc2026-track3-sys017-utt256.wav,wav/vmc2026-track3-sys019-utt255.wav,4.266305311078652
sys003,utt132,wav/vmc2026-track3-sys003-utt132.wav,wav/vmc2026-track3-sys019-utt131.wav,4.113276621188116
sys003,utt172,wav/vmc2026-track3-sys003-utt172.wav,wav/vmc2026-track3-sys019-utt171.wav,4.153834143625514
sys003,utt252,wav/vmc2026-track3-sys003-utt252.wav,wav/vmc2026-track3-sys019-utt251.wav,4.332507923924844
sys013,utt170,wav/vmc2026-track3-sys013-utt170.wav,wav/vmc2026-track3-sys019-utt169.wav,4.3121070559737635
sys023,utt258,wav/vmc2026-track3-sys023-utt258.wav,wav/vmc2026-track3-sys019-utt257.wav,3.4321903630956547
sys010,utt168,wav/vmc2026-track3-sys010-utt168.wav,wav/vmc2026-track3-sys019-utt167.wav,4.019129849138814
sys015,utt168,wav/vmc2026-track3-sys015-utt168.wav,wav/vmc2026-track3-sys019-utt167.wav,4.2394322678357605
sys022,utt168,wav/vmc2026-track3-sys022-utt168.wav,wav/vmc2026-track3-sys019-utt167.wav,4.008690621329791
sys003,utt128,wav/vmc2026-track3-sys003-utt128.wav,wav/vmc2026-track3-sys019-utt127.wav,4.478260770566775
sys015,utt022,wav/vmc2026-track3-sys015-utt022.wav,wav/vmc2026-track3-sys019-utt021.wav,4.438259428861401
sys016,utt222,wav/vmc2026-track3-sys016-utt222.wav,wav/vmc2026-track3-sys019-utt221.wav,3.515563433894507
sys015,utt082,wav/vmc2026-track3-sys015-utt082.wav,wav/vmc2026-track3-sys019-utt081.wav,4.07620535265428
sys015,utt080,wav/vmc2026-track3-sys015-utt080.wav,wav/vmc2026-track3-sys019-utt079.wav,4.26288442577191
sys003,utt216,wav/vmc2026-track3-sys003-utt216.wav,wav/vmc2026-track3-sys019-utt215.wav,4.54176993276566
sys015,utt290,wav/vmc2026-track3-sys015-utt290.wav,wav/vmc2026-track3-sys019-utt289.wav,4.6711051457569095
sys003,utt214,wav/vmc2026-track3-sys003-utt214.wav,wav/vmc2026-track3-sys019-utt213.wav,4.518895721666446
sys003,utt138,wav/vmc2026-track3-sys003-utt138.wav,wav/vmc2026-track3-sys019-utt137.wav,3.6790782786108203
sys010,utt306,wav/vmc2026-track3-sys010-utt306.wav,wav/vmc2026-track3-sys019-utt305.wav,4.053086922536798
sys009,utt166,wav/vmc2026-track3-sys009-utt166.wav,wav/vmc2026-track3-sys019-utt165.wav,4.312202410814006
sys010,utt170,wav/vmc2026-track3-sys010-utt170.wav,wav/vmc2026-track3-sys019-utt169.wav,4.104178302443681
sys016,utt212,wav/vmc2026-track3-sys016-utt212.wav,wav/vmc2026-track3-sys019-utt211.wav,4.090130422100141
sys003,utt154,wav/vmc2026-track3-sys003-utt154.wav,wav/vmc2026-track3-sys019-utt153.wav,5.0
sys003,utt148,wav/vmc2026-track3-sys003-utt148.wav,wav/vmc2026-track3-sys019-utt147.wav,3.793916417009117
sys003,utt276,wav/vmc2026-track3-sys003-utt276.wav,wav/vmc2026-track3-sys019-utt275.wav,3.825813785403629
sys017,utt252,wav/vmc2026-track3-sys017-utt252.wav,wav/vmc2026-track3-sys019-utt251.wav,3.7415994846289777
sys015,utt266,wav/vmc2026-track3-sys015-utt266.wav,wav/vmc2026-track3-sys019-utt265.wav,3.6222056194780956
sys015,utt050,wav/vmc2026-track3-sys015-utt050.wav,wav/vmc2026-track3-sys019-utt049.wav,4.404800261909375
sys015,utt016,wav/vmc2026-track3-sys015-utt016.wav,wav/vmc2026-track3-sys019-utt015.wav,4.733700927192021
sys009,utt252,wav/vmc2026-track3-sys009-utt252.wav,wav/vmc2026-track3-sys019-utt251.wav,4.238362086381309
sys015,utt198,wav/vmc2026-track3-sys015-utt198.wav,wav/vmc2026-track3-sys019-utt197.wav,4.578702481578639
sys015,utt026,wav/vmc2026-track3-sys015-utt026.wav,wav/vmc2026-track3-sys019-utt025.wav,4.502766856925325
sys015,utt178,wav/vmc2026-track3-sys015-utt178.wav,wav/vmc2026-track3-sys019-utt177.wav,3.9295549907903764
sys015,utt074,wav/vmc2026-track3-sys015-utt074.wav,wav/vmc2026-track3-sys019-utt073.wav,4.396798593349919
sys003,utt152,wav/vmc2026-track3-sys003-utt152.wav,wav/vmc2026-track3-sys019-utt151.wav,4.777266830152788
sys003,utt024,wav/vmc2026-track3-sys003-utt024.wav,wav/vmc2026-track3-sys019-utt023.wav,4.227018070007035
sys014,utt076,wav/vmc2026-track3-sys014-utt076.wav,wav/vmc2026-track3-sys019-utt075.wav,4.648260016245027
sys008,utt260,wav/vmc2026-track3-sys008-utt260.wav,wav/vmc2026-track3-sys019-utt259.wav,4.008135985521581
sys003,utt202,wav/vmc2026-track3-sys003-utt202.wav,wav/vmc2026-track3-sys019-utt201.wav,4.060536716664531
sys006,utt242,wav/vmc2026-track3-sys006-utt242.wav,wav/vmc2026-track3-sys019-utt241.wav,4.495439318607673
sys023,utt190,wav/vmc2026-track3-sys023-utt190.wav,wav/vmc2026-track3-sys019-utt189.wav,4.109001553195978
sys016,utt168,wav/vmc2026-track3-sys016-utt168.wav,wav/vmc2026-track3-sys019-utt167.wav,3.908808271805512
sys003,utt102,wav/vmc2026-track3-sys003-utt102.wav,wav/vmc2026-track3-sys019-utt101.wav,4.490238936719502
sys015,utt144,wav/vmc2026-track3-sys015-utt144.wav,wav/vmc2026-track3-sys019-utt143.wav,3.765723316084937
sys015,utt250,wav/vmc2026-track3-sys015-utt250.wav,wav/vmc2026-track3-sys019-utt249.wav,4.540984521435791
sys008,utt164,wav/vmc2026-track3-sys008-utt164.wav,wav/vmc2026-track3-sys019-utt163.wav,4.39833448155402
sys009,utt258,wav/vmc2026-track3-sys009-utt258.wav,wav/vmc2026-track3-sys019-utt257.wav,4.345637951332518
sys017,utt318,wav/vmc2026-track3-sys017-utt318.wav,wav/vmc2026-track3-sys019-utt317.wav,4.361929473699163
sys015,utt112,wav/vmc2026-track3-sys015-utt112.wav,wav/vmc2026-track3-sys019-utt111.wav,4.038433458538404
sys005,utt260,wav/vmc2026-track3-sys005-utt260.wav,wav/vmc2026-track3-sys019-utt259.wav,3.4492411414866946
sys024,utt166,wav/vmc2026-track3-sys024-utt166.wav,wav/vmc2026-track3-sys019-utt165.wav,4.055614608364707
sys003,utt288,wav/vmc2026-track3-sys003-utt288.wav,wav/vmc2026-track3-sys019-utt287.wav,4.557143178542826
sys003,utt050,wav/vmc2026-track3-sys003-utt050.wav,wav/vmc2026-track3-sys019-utt049.wav,4.668865956806583
sys007,utt164,wav/vmc2026-track3-sys007-utt164.wav,wav/vmc2026-track3-sys019-utt163.wav,3.9665024501911366
sys003,utt272,wav/vmc2026-track3-sys003-utt272.wav,wav/vmc2026-track3-sys019-utt271.wav,4.561145202377247
sys003,utt144,wav/vmc2026-track3-sys003-utt144.wav,wav/vmc2026-track3-sys019-utt143.wav,3.7593876208650743
sys003,utt284,wav/vmc2026-track3-sys003-utt284.wav,wav/vmc2026-track3-sys019-utt283.wav,4.467647687495106
sys015,utt170,wav/vmc2026-track3-sys015-utt170.wav,wav/vmc2026-track3-sys019-utt169.wav,4.150548255843452
sys015,utt134,wav/vmc2026-track3-sys015-utt134.wav,wav/vmc2026-track3-sys019-utt133.wav,3.8805887237777257
sys003,utt258,wav/vmc2026-track3-sys003-utt258.wav,wav/vmc2026-track3-sys019-utt257.wav,4.44598279268877
sys011,utt162,wav/vmc2026-track3-sys011-utt162.wav,wav/vmc2026-track3-sys019-utt161.wav,4.528565485314584
sys008,utt044,wav/vmc2026-track3-sys008-utt044.wav,wav/vmc2026-track3-sys019-utt043.wav,3.990892701196575
sys015,utt002,wav/vmc2026-track3-sys015-utt002.wav,wav/vmc2026-track3-sys019-utt001.wav,4.46420325342902
sys013,utt040,wav/vmc2026-track3-sys013-utt040.wav,wav/vmc2026-track3-sys019-utt039.wav,4.205363400177112
sys006,utt168,wav/vmc2026-track3-sys006-utt168.wav,wav/vmc2026-track3-sys019-utt167.wav,4.400017994453355
sys003,utt104,wav/vmc2026-track3-sys003-utt104.wav,wav/vmc2026-track3-sys019-utt103.wav,4.821251715265751
sys013,utt252,wav/vmc2026-track3-sys013-utt252.wav,wav/vmc2026-track3-sys019-utt251.wav,4.249578550360288
sys015,utt270,wav/vmc2026-track3-sys015-utt270.wav,wav/vmc2026-track3-sys019-utt269.wav,4.179441835043074
sys022,utt184,wav/vmc2026-track3-sys022-utt184.wav,wav/vmc2026-track3-sys019-utt183.wav,3.8259298481277124
sys022,utt164,wav/vmc2026-track3-sys022-utt164.wav,wav/vmc2026-track3-sys019-utt163.wav,3.546082775080986
sys018,utt256,wav/vmc2026-track3-sys018-utt256.wav,wav/vmc2026-track3-sys019-utt255.wav,3.4683981540786673
sys023,utt178,wav/vmc2026-track3-sys023-utt178.wav,wav/vmc2026-track3-sys019-utt177.wav,4.755912068431728
sys026,utt252,wav/vmc2026-track3-sys026-utt252.wav,wav/vmc2026-track3-sys019-utt251.wav,4.2386188990137335
sys003,utt256,wav/vmc2026-track3-sys003-utt256.wav,wav/vmc2026-track3-sys019-utt255.wav,3.427736509054093
sys018,utt258,wav/vmc2026-track3-sys018-utt258.wav,wav/vmc2026-track3-sys019-utt257.wav,3.40033276358853
sys003,utt016,wav/vmc2026-track3-sys003-utt016.wav,wav/vmc2026-track3-sys019-utt015.wav,4.64830426592084
sys022,utt192,wav/vmc2026-track3-sys022-utt192.wav,wav/vmc2026-track3-sys019-utt191.wav,4.3762876177371455
sys003,utt088,wav/vmc2026-track3-sys003-utt088.wav,wav/vmc2026-track3-sys019-utt087.wav,4.388777906002197
sys018,utt192,wav/vmc2026-track3-sys018-utt192.wav,wav/vmc2026-track3-sys019-utt191.wav,3.8178441147394224
sys015,utt162,wav/vmc2026-track3-sys015-utt162.wav,wav/vmc2026-track3-sys019-utt161.wav,4.629301725309559
sys010,utt254,wav/vmc2026-track3-sys010-utt254.wav,wav/vmc2026-track3-sys019-utt253.wav,4.33101463960833
sys015,utt150,wav/vmc2026-track3-sys015-utt150.wav,wav/vmc2026-track3-sys019-utt149.wav,4.304949095266243
sys015,utt184,wav/vmc2026-track3-sys015-utt184.wav,wav/vmc2026-track3-sys019-utt183.wav,4.051373311984927
sys003,utt074,wav/vmc2026-track3-sys003-utt074.wav,wav/vmc2026-track3-sys019-utt073.wav,4.417765794123069
sys023,utt294,wav/vmc2026-track3-sys023-utt294.wav,wav/vmc2026-track3-sys019-utt293.wav,4.614188603023095
sys002,utt256,wav/vmc2026-track3-sys002-utt256.wav,wav/vmc2026-track3-sys019-utt255.wav,3.771582812953117
sys020,utt166,wav/vmc2026-track3-sys020-utt166.wav,wav/vmc2026-track3-sys019-utt165.wav,3.337897390321401
sys003,utt070,wav/vmc2026-track3-sys003-utt070.wav,wav/vmc2026-track3-sys019-utt069.wav,4.6090779621879046
sys012,utt168,wav/vmc2026-track3-sys012-utt168.wav,wav/vmc2026-track3-sys019-utt167.wav,3.6828683440597887
sys012,utt256,wav/vmc2026-track3-sys012-utt256.wav,wav/vmc2026-track3-sys019-utt255.wav,3.494993179339528
sys003,utt310,wav/vmc2026-track3-sys003-utt310.wav,wav/vmc2026-track3-sys019-utt309.wav,4.001786025442226
sys015,utt124,wav/vmc2026-track3-sys015-utt124.wav,wav/vmc2026-track3-sys019-utt123.wav,4.213122933727121
sys011,utt168,wav/vmc2026-track3-sys011-utt168.wav,wav/vmc2026-track3-sys019-utt167.wav,4.456825857322991
sys003,utt212,wav/vmc2026-track3-sys003-utt212.wav,wav/vmc2026-track3-sys019-utt211.wav,4.564603875569995
sys015,utt068,wav/vmc2026-track3-sys015-utt068.wav,wav/vmc2026-track3-sys019-utt067.wav,4.2689031689358705
sys015,utt174,wav/vmc2026-track3-sys015-utt174.wav,wav/vmc2026-track3-sys019-utt173.wav,4.443847858767592
sys005,utt170,wav/vmc2026-track3-sys005-utt170.wav,wav/vmc2026-track3-sys019-utt169.wav,4.01208506757337
sys016,utt254,wav/vmc2026-track3-sys016-utt254.wav,wav/vmc2026-track3-sys019-utt253.wav,3.7499715183794207
sys015,utt262,wav/vmc2026-track3-sys015-utt262.wav,wav/vmc2026-track3-sys019-utt261.wav,4.412525676166086
sys003,utt022,wav/vmc2026-track3-sys003-utt022.wav,wav/vmc2026-track3-sys019-utt021.wav,4.371901589561991
sys003,utt158,wav/vmc2026-track3-sys003-utt158.wav,wav/vmc2026-track3-sys019-utt157.wav,4.625629139002443
sys005,utt190,wav/vmc2026-track3-sys005-utt190.wav,wav/vmc2026-track3-sys019-utt189.wav,4.6300452165963275
sys015,utt308,wav/vmc2026-track3-sys015-utt308.wav,wav/vmc2026-track3-sys019-utt307.wav,4.376148323277112
sys003,utt040,wav/vmc2026-track3-sys003-utt040.wav,wav/vmc2026-track3-sys019-utt039.wav,4.705955762608363
sys003,utt170,wav/vmc2026-track3-sys003-utt170.wav,wav/vmc2026-track3-sys019-utt169.wav,4.413723303784293
sys015,utt264,wav/vmc2026-track3-sys015-utt264.wav,wav/vmc2026-track3-sys019-utt263.wav,3.919550945267219
sys015,utt214,wav/vmc2026-track3-sys015-utt214.wav,wav/vmc2026-track3-sys019-utt213.wav,4.446300749030751
sys015,utt154,wav/vmc2026-track3-sys015-utt154.wav,wav/vmc2026-track3-sys019-utt153.wav,4.952431944730677
sys015,utt064,wav/vmc2026-track3-sys015-utt064.wav,wav/vmc2026-track3-sys019-utt063.wav,4.520291541158926
sys025,utt252,wav/vmc2026-track3-sys025-utt252.wav,wav/vmc2026-track3-sys019-utt251.wav,3.706477074752586
sys015,utt160,wav/vmc2026-track3-sys015-utt160.wav,wav/vmc2026-track3-sys019-utt159.wav,4.454879511593358
sys003,utt278,wav/vmc2026-track3-sys003-utt278.wav,wav/vmc2026-track3-sys019-utt277.wav,4.441741776417259
sys020,utt162,wav/vmc2026-track3-sys020-utt162.wav,wav/vmc2026-track3-sys019-utt161.wav,3.624216384680102
sys003,utt292,wav/vmc2026-track3-sys003-utt292.wav,wav/vmc2026-track3-sys019-utt291.wav,4.586422145528157
sys014,utt164,wav/vmc2026-track3-sys014-utt164.wav,wav/vmc2026-track3-sys019-utt163.wav,4.265849964867266
sys006,utt190,wav/vmc2026-track3-sys006-utt190.wav,wav/vmc2026-track3-sys019-utt189.wav,4.241931707782858
sys025,utt260,wav/vmc2026-track3-sys025-utt260.wav,wav/vmc2026-track3-sys019-utt259.wav,3.649777683872455
sys003,utt018,wav/vmc2026-track3-sys003-utt018.wav,wav/vmc2026-track3-sys019-utt017.wav,4.786727503949989
sys015,utt122,wav/vmc2026-track3-sys015-utt122.wav,wav/vmc2026-track3-sys019-utt121.wav,4.458196631277689
sys015,utt284,wav/vmc2026-track3-sys015-utt284.wav,wav/vmc2026-track3-sys019-utt283.wav,4.002355641260052
sys012,utt258,wav/vmc2026-track3-sys012-utt258.wav,wav/vmc2026-track3-sys019-utt257.wav,3.939561889367787
sys015,utt224,wav/vmc2026-track3-sys015-utt224.wav,wav/vmc2026-track3-sys019-utt223.wav,4.567843744331836
sys003,utt002,wav/vmc2026-track3-sys003-utt002.wav,wav/vmc2026-track3-sys019-utt001.wav,4.581201449660942
sys015,utt176,wav/vmc2026-track3-sys015-utt176.wav,wav/vmc2026-track3-sys019-utt175.wav,4.651540409558573
sys011,utt260,wav/vmc2026-track3-sys011-utt260.wav,wav/vmc2026-track3-sys019-utt259.wav,3.6669968983758525
sys015,utt204,wav/vmc2026-track3-sys015-utt204.wav,wav/vmc2026-track3-sys019-utt203.wav,4.260331239380805
sys023,utt168,wav/vmc2026-track3-sys023-utt168.wav,wav/vmc2026-track3-sys019-utt167.wav,4.125558252624527
sys003,utt194,wav/vmc2026-track3-sys003-utt194.wav,wav/vmc2026-track3-sys019-utt193.wav,4.376040721092187
sys024,utt168,wav/vmc2026-track3-sys024-utt168.wav,wav/vmc2026-track3-sys019-utt167.wav,4.309989993601748
sys018,utt190,wav/vmc2026-track3-sys018-utt190.wav,wav/vmc2026-track3-sys019-utt189.wav,3.8336095218670083
sys022,utt162,wav/vmc2026-track3-sys022-utt162.wav,wav/vmc2026-track3-sys019-utt161.wav,4.304970999375762
sys009,utt164,wav/vmc2026-track3-sys009-utt164.wav,wav/vmc2026-track3-sys019-utt163.wav,4.112739034919256
sys003,utt162,wav/vmc2026-track3-sys003-utt162.wav,wav/vmc2026-track3-sys019-utt161.wav,4.268436830463764
sys010,utt164,wav/vmc2026-track3-sys010-utt164.wav,wav/vmc2026-track3-sys019-utt163.wav,3.926548752849815
sys013,utt166,wav/vmc2026-track3-sys013-utt166.wav,wav/vmc2026-track3-sys019-utt165.wav,4.585496834554574
sys015,utt288,wav/vmc2026-track3-sys015-utt288.wav,wav/vmc2026-track3-sys019-utt287.wav,4.1481086720324045
sys003,utt308,wav/vmc2026-track3-sys003-utt308.wav,wav/vmc2026-track3-sys019-utt307.wav,4.276428700879796
sys015,utt030,wav/vmc2026-track3-sys015-utt030.wav,wav/vmc2026-track3-sys019-utt029.wav,4.1711086099380585
sys014,utt260,wav/vmc2026-track3-sys014-utt260.wav,wav/vmc2026-track3-sys019-utt259.wav,4.32995994310511
sys020,utt190,wav/vmc2026-track3-sys020-utt190.wav,wav/vmc2026-track3-sys019-utt189.wav,4.062871928190458
sys001,utt162,wav/vmc2026-track3-sys001-utt162.wav,wav/vmc2026-track3-sys019-utt161.wav,4.127976061916612
sys003,utt178,wav/vmc2026-track3-sys003-utt178.wav,wav/vmc2026-track3-sys019-utt177.wav,4.519277740427594
sys024,utt258,wav/vmc2026-track3-sys024-utt258.wav,wav/vmc2026-track3-sys019-utt257.wav,4.328238952704544
sys015,utt210,wav/vmc2026-track3-sys015-utt210.wav,wav/vmc2026-track3-sys019-utt209.wav,4.418214789685871
sys015,utt300,wav/vmc2026-track3-sys015-utt300.wav,wav/vmc2026-track3-sys019-utt299.wav,4.304540840682942
sys017,utt258,wav/vmc2026-track3-sys017-utt258.wav,wav/vmc2026-track3-sys019-utt257.wav,3.889534821273857
sys018,utt170,wav/vmc2026-track3-sys018-utt170.wav,wav/vmc2026-track3-sys019-utt169.wav,3.490415153043575
sys001,utt258,wav/vmc2026-track3-sys001-utt258.wav,wav/vmc2026-track3-sys019-utt257.wav,3.755356325293661
sys024,utt074,wav/vmc2026-track3-sys024-utt074.wav,wav/vmc2026-track3-sys019-utt073.wav,4.2323173117009825
sys016,utt136,wav/vmc2026-track3-sys016-utt136.wav,wav/vmc2026-track3-sys019-utt135.wav,3.3625507229207865
sys015,utt062,wav/vmc2026-track3-sys015-utt062.wav,wav/vmc2026-track3-sys019-utt061.wav,4.386377691266909
sys015,utt034,wav/vmc2026-track3-sys015-utt034.wav,wav/vmc2026-track3-sys019-utt033.wav,3.84981987905101
sys015,utt282,wav/vmc2026-track3-sys015-utt282.wav,wav/vmc2026-track3-sys019-utt281.wav,4.467780942300118
sys015,utt116,wav/vmc2026-track3-sys015-utt116.wav,wav/vmc2026-track3-sys019-utt115.wav,4.415065911982703
sys015,utt006,wav/vmc2026-track3-sys015-utt006.wav,wav/vmc2026-track3-sys019-utt005.wav,4.4116445281100445
sys016,utt190,wav/vmc2026-track3-sys016-utt190.wav,wav/vmc2026-track3-sys019-utt189.wav,3.6507422451464424
sys023,utt256,wav/vmc2026-track3-sys023-utt256.wav,wav/vmc2026-track3-sys019-utt255.wav,3.2061491247778626
sys015,utt158,wav/vmc2026-track3-sys015-utt158.wav,wav/vmc2026-track3-sys019-utt157.wav,4.648635374704484
sys003,utt200,wav/vmc2026-track3-sys003-utt200.wav,wav/vmc2026-track3-sys019-utt199.wav,4.735920736400594
sys003,utt164,wav/vmc2026-track3-sys003-utt164.wav,wav/vmc2026-track3-sys019-utt163.wav,3.956158596426376
sys015,utt106,wav/vmc2026-track3-sys015-utt106.wav,wav/vmc2026-track3-sys019-utt105.wav,4.033880891347959
sys022,utt166,wav/vmc2026-track3-sys022-utt166.wav,wav/vmc2026-track3-sys019-utt165.wav,3.913667361427497
sys003,utt186,wav/vmc2026-track3-sys003-utt186.wav,wav/vmc2026-track3-sys019-utt185.wav,4.2661626431072595
sys017,utt168,wav/vmc2026-track3-sys017-utt168.wav,wav/vmc2026-track3-sys019-utt167.wav,3.672575858191354
sys018,utt252,wav/vmc2026-track3-sys018-utt252.wav,wav/vmc2026-track3-sys019-utt251.wav,3.8182226848340366
sys022,utt258,wav/vmc2026-track3-sys022-utt258.wav,wav/vmc2026-track3-sys019-utt257.wav,3.4560549692938536
sys001,utt190,wav/vmc2026-track3-sys001-utt190.wav,wav/vmc2026-track3-sys019-utt189.wav,4.062205845109819
sys006,utt164,wav/vmc2026-track3-sys006-utt164.wav,wav/vmc2026-track3-sys019-utt163.wav,4.4970487712885365
sys012,utt162,wav/vmc2026-track3-sys012-utt162.wav,wav/vmc2026-track3-sys019-utt161.wav,3.519144587136716
sys003,utt086,wav/vmc2026-track3-sys003-utt086.wav,wav/vmc2026-track3-sys019-utt085.wav,3.325209663861873
sys005,utt166,wav/vmc2026-track3-sys005-utt166.wav,wav/vmc2026-track3-sys019-utt165.wav,4.010200898921986
sys001,utt260,wav/vmc2026-track3-sys001-utt260.wav,wav/vmc2026-track3-sys019-utt259.wav,3.672604373970916
sys006,utt254,wav/vmc2026-track3-sys006-utt254.wav,wav/vmc2026-track3-sys019-utt253.wav,4.5373511041721475
sys013,utt190,wav/vmc2026-track3-sys013-utt190.wav,wav/vmc2026-track3-sys019-utt189.wav,4.3597758263493125
sys006,utt278,wav/vmc2026-track3-sys006-utt278.wav,wav/vmc2026-track3-sys019-utt277.wav,4.830153663301317
sys003,utt208,wav/vmc2026-track3-sys003-utt208.wav,wav/vmc2026-track3-sys019-utt207.wav,4.316361873305808
sys001,utt216,wav/vmc2026-track3-sys001-utt216.wav,wav/vmc2026-track3-sys019-utt215.wav,4.688576284514669
sys003,utt234,wav/vmc2026-track3-sys003-utt234.wav,wav/vmc2026-track3-sys019-utt233.wav,4.394405356698638
sys024,utt190,wav/vmc2026-track3-sys024-utt190.wav,wav/vmc2026-track3-sys019-utt189.wav,3.9675523065058163
sys017,utt166,wav/vmc2026-track3-sys017-utt166.wav,wav/vmc2026-track3-sys019-utt165.wav,4.310132200783491
sys026,utt168,wav/vmc2026-track3-sys026-utt168.wav,wav/vmc2026-track3-sys019-utt167.wav,3.741212073836331
sys005,utt168,wav/vmc2026-track3-sys005-utt168.wav,wav/vmc2026-track3-sys019-utt167.wav,3.7387523096211863
sys015,utt046,wav/vmc2026-track3-sys015-utt046.wav,wav/vmc2026-track3-sys019-utt045.wav,4.183222311545515
sys010,utt190,wav/vmc2026-track3-sys010-utt190.wav,wav/vmc2026-track3-sys019-utt189.wav,3.7290376579267535
sys003,utt014,wav/vmc2026-track3-sys003-utt014.wav,wav/vmc2026-track3-sys019-utt013.wav,4.648147214687412
sys015,utt104,wav/vmc2026-track3-sys015-utt104.wav,wav/vmc2026-track3-sys019-utt103.wav,3.879516580561994
sys015,utt252,wav/vmc2026-track3-sys015-utt252.wav,wav/vmc2026-track3-sys019-utt251.wav,4.159293423037659
sys015,utt066,wav/vmc2026-track3-sys015-utt066.wav,wav/vmc2026-track3-sys019-utt065.wav,4.6752227346999184
sys023,utt254,wav/vmc2026-track3-sys023-utt254.wav,wav/vmc2026-track3-sys019-utt253.wav,4.38028477730147
sys015,utt254,wav/vmc2026-track3-sys015-utt254.wav,wav/vmc2026-track3-sys019-utt253.wav,4.458456338078942
sys015,utt312,wav/vmc2026-track3-sys015-utt312.wav,wav/vmc2026-track3-sys019-utt311.wav,4.060160825514844
sys003,utt036,wav/vmc2026-track3-sys003-utt036.wav,wav/vmc2026-track3-sys019-utt035.wav,3.9798585778197935
sys007,utt296,wav/vmc2026-track3-sys007-utt296.wav,wav/vmc2026-track3-sys019-utt295.wav,4.197447574352608
sys005,utt164,wav/vmc2026-track3-sys005-utt164.wav,wav/vmc2026-track3-sys019-utt163.wav,3.903650597450784
sys018,utt082,wav/vmc2026-track3-sys018-utt082.wav,wav/vmc2026-track3-sys019-utt081.wav,3.517691044292628
sys018,utt306,wav/vmc2026-track3-sys018-utt306.wav,wav/vmc2026-track3-sys019-utt305.wav,3.979648997856579
sys002,utt252,wav/vmc2026-track3-sys002-utt252.wav,wav/vmc2026-track3-sys019-utt251.wav,3.576380959979547
sys015,utt248,wav/vmc2026-track3-sys015-utt248.wav,wav/vmc2026-track3-sys019-utt247.wav,4.813329044897022
sys018,utt088,wav/vmc2026-track3-sys018-utt088.wav,wav/vmc2026-track3-sys019-utt087.wav,4.325733778081595
sys003,utt220,wav/vmc2026-track3-sys003-utt220.wav,wav/vmc2026-track3-sys019-utt219.wav,4.303585875981128
sys003,utt250,wav/vmc2026-track3-sys003-utt250.wav,wav/vmc2026-track3-sys019-utt249.wav,4.932702333874449
sys008,utt254,wav/vmc2026-track3-sys008-utt254.wav,wav/vmc2026-track3-sys019-utt253.wav,4.726995785159309
sys015,utt182,wav/vmc2026-track3-sys015-utt182.wav,wav/vmc2026-track3-sys019-utt181.wav,3.9865387735805746
sys025,utt170,wav/vmc2026-track3-sys025-utt170.wav,wav/vmc2026-track3-sys019-utt169.wav,4.1929910173006855
sys002,utt166,wav/vmc2026-track3-sys002-utt166.wav,wav/vmc2026-track3-sys019-utt165.wav,4.832465064096127
sys003,utt238,wav/vmc2026-track3-sys003-utt238.wav,wav/vmc2026-track3-sys019-utt237.wav,4.692828154612853
sys015,utt012,wav/vmc2026-track3-sys015-utt012.wav,wav/vmc2026-track3-sys019-utt011.wav,4.445379740437611
sys003,utt314,wav/vmc2026-track3-sys003-utt314.wav,wav/vmc2026-track3-sys019-utt313.wav,4.387671984976972
sys024,utt162,wav/vmc2026-track3-sys024-utt162.wav,wav/vmc2026-track3-sys019-utt161.wav,3.9580393079274376
sys001,utt256,wav/vmc2026-track3-sys001-utt256.wav,wav/vmc2026-track3-sys019-utt255.wav,2.6315839008712256
sys002,utt020,wav/vmc2026-track3-sys002-utt020.wav,wav/vmc2026-track3-sys019-utt019.wav,3.96748310020608
sys025,utt162,wav/vmc2026-track3-sys025-utt162.wav,wav/vmc2026-track3-sys019-utt161.wav,4.406813537164195
sys003,utt080,wav/vmc2026-track3-sys003-utt080.wav,wav/vmc2026-track3-sys019-utt079.wav,4.307596269074142
sys006,utt260,wav/vmc2026-track3-sys006-utt260.wav,wav/vmc2026-track3-sys019-utt259.wav,3.7603214197735753
sys015,utt032,wav/vmc2026-track3-sys015-utt032.wav,wav/vmc2026-track3-sys019-utt031.wav,4.2389323101060175
sys015,utt268,wav/vmc2026-track3-sys015-utt268.wav,wav/vmc2026-track3-sys019-utt267.wav,4.513387706128797
sys015,utt208,wav/vmc2026-track3-sys015-utt208.wav,wav/vmc2026-track3-sys019-utt207.wav,4.213158367335816
sys026,utt164,wav/vmc2026-track3-sys026-utt164.wav,wav/vmc2026-track3-sys019-utt163.wav,3.7536293060280927
sys005,utt254,wav/vmc2026-track3-sys005-utt254.wav,wav/vmc2026-track3-sys019-utt253.wav,3.7142335431937505
sys003,utt244,wav/vmc2026-track3-sys003-utt244.wav,wav/vmc2026-track3-sys019-utt243.wav,4.601200265691348
sys015,utt008,wav/vmc2026-track3-sys015-utt008.wav,wav/vmc2026-track3-sys019-utt007.wav,4.6240745003872
sys003,utt262,wav/vmc2026-track3-sys003-utt262.wav,wav/vmc2026-track3-sys019-utt261.wav,4.892611945225937
sys015,utt304,wav/vmc2026-track3-sys015-utt304.wav,wav/vmc2026-track3-sys019-utt303.wav,4.390252701106352
sys010,utt162,wav/vmc2026-track3-sys010-utt162.wav,wav/vmc2026-track3-sys019-utt161.wav,4.383416321621466
sys003,utt118,wav/vmc2026-track3-sys003-utt118.wav,wav/vmc2026-track3-sys019-utt117.wav,4.168193156458576
sys014,utt168,wav/vmc2026-track3-sys014-utt168.wav,wav/vmc2026-track3-sys019-utt167.wav,4.57215228986721
sys024,utt256,wav/vmc2026-track3-sys024-utt256.wav,wav/vmc2026-track3-sys019-utt255.wav,2.710005913216489
sys020,utt260,wav/vmc2026-track3-sys020-utt260.wav,wav/vmc2026-track3-sys019-utt259.wav,3.4119663622012157
sys015,utt114,wav/vmc2026-track3-sys015-utt114.wav,wav/vmc2026-track3-sys019-utt113.wav,4.00942887032442
sys017,utt276,wav/vmc2026-track3-sys017-utt276.wav,wav/vmc2026-track3-sys019-utt275.wav,3.7102855485550954
sys023,utt162,wav/vmc2026-track3-sys023-utt162.wav,wav/vmc2026-track3-sys019-utt161.wav,4.312346061019823
sys013,utt162,wav/vmc2026-track3-sys013-utt162.wav,wav/vmc2026-track3-sys019-utt161.wav,4.189211364027947
sys013,utt164,wav/vmc2026-track3-sys013-utt164.wav,wav/vmc2026-track3-sys019-utt163.wav,4.013567823759975
sys005,utt258,wav/vmc2026-track3-sys005-utt258.wav,wav/vmc2026-track3-sys019-utt257.wav,3.1779070089393255
sys003,utt168,wav/vmc2026-track3-sys003-utt168.wav,wav/vmc2026-track3-sys019-utt167.wav,4.318059995211918
sys014,utt258,wav/vmc2026-track3-sys014-utt258.wav,wav/vmc2026-track3-sys019-utt257.wav,4.7184931745593985
sys015,utt226,wav/vmc2026-track3-sys015-utt226.wav,wav/vmc2026-track3-sys019-utt225.wav,4.506572565462822
sys007,utt252,wav/vmc2026-track3-sys007-utt252.wav,wav/vmc2026-track3-sys019-utt251.wav,3.1701025547294974
sys022,utt260,wav/vmc2026-track3-sys022-utt260.wav,wav/vmc2026-track3-sys019-utt259.wav,3.865664447196448
sys015,utt086,wav/vmc2026-track3-sys015-utt086.wav,wav/vmc2026-track3-sys019-utt085.wav,4.572140851900043
sys015,utt148,wav/vmc2026-track3-sys015-utt148.wav,wav/vmc2026-track3-sys019-utt147.wav,4.096632000171211
sys015,utt024,wav/vmc2026-track3-sys015-utt024.wav,wav/vmc2026-track3-sys019-utt023.wav,4.149697980592955
sys003,utt222,wav/vmc2026-track3-sys003-utt222.wav,wav/vmc2026-track3-sys019-utt221.wav,4.174421497961852
sys015,utt036,wav/vmc2026-track3-sys015-utt036.wav,wav/vmc2026-track3-sys019-utt035.wav,4.190865175746431
sys012,utt170,wav/vmc2026-track3-sys012-utt170.wav,wav/vmc2026-track3-sys019-utt169.wav,4.036760935692365
sys003,utt204,wav/vmc2026-track3-sys003-utt204.wav,wav/vmc2026-track3-sys019-utt203.wav,4.121952847926202
sys003,utt084,wav/vmc2026-track3-sys003-utt084.wav,wav/vmc2026-track3-sys019-utt083.wav,4.25018659770259
sys002,utt168,wav/vmc2026-track3-sys002-utt168.wav,wav/vmc2026-track3-sys019-utt167.wav,4.068178599632962
sys003,utt304,wav/vmc2026-track3-sys003-utt304.wav,wav/vmc2026-track3-sys019-utt303.wav,4.068659010024576
sys003,utt182,wav/vmc2026-track3-sys003-utt182.wav,wav/vmc2026-track3-sys019-utt181.wav,4.494805366590217
sys016,utt162,wav/vmc2026-track3-sys016-utt162.wav,wav/vmc2026-track3-sys019-utt161.wav,3.721492095431485
sys010,utt260,wav/vmc2026-track3-sys010-utt260.wav,wav/vmc2026-track3-sys019-utt259.wav,3.972976256581055
sys015,utt298,wav/vmc2026-track3-sys015-utt298.wav,wav/vmc2026-track3-sys019-utt297.wav,4.598787688291561
sys003,utt226,wav/vmc2026-track3-sys003-utt226.wav,wav/vmc2026-track3-sys019-utt225.wav,4.6410845755307175
sys007,utt214,wav/vmc2026-track3-sys007-utt214.wav,wav/vmc2026-track3-sys019-utt213.wav,4.551897868466443
sys009,utt254,wav/vmc2026-track3-sys009-utt254.wav,wav/vmc2026-track3-sys019-utt253.wav,4.030584275010181
sys015,utt128,wav/vmc2026-track3-sys015-utt128.wav,wav/vmc2026-track3-sys019-utt127.wav,4.032757827372861
sys011,utt252,wav/vmc2026-track3-sys011-utt252.wav,wav/vmc2026-track3-sys019-utt251.wav,4.462927756418471
sys015,utt286,wav/vmc2026-track3-sys015-utt286.wav,wav/vmc2026-track3-sys019-utt285.wav,4.342316821011026
sys002,utt164,wav/vmc2026-track3-sys002-utt164.wav,wav/vmc2026-track3-sys019-utt163.wav,4.187733513838183
sys005,utt256,wav/vmc2026-track3-sys005-utt256.wav,wav/vmc2026-track3-sys019-utt255.wav,3.075137832868756
sys015,utt090,wav/vmc2026-track3-sys015-utt090.wav,wav/vmc2026-track3-sys019-utt089.wav,4.4252332601141235
sys014,utt250,wav/vmc2026-track3-sys014-utt250.wav,wav/vmc2026-track3-sys019-utt249.wav,5.0
sys008,utt190,wav/vmc2026-track3-sys008-utt190.wav,wav/vmc2026-track3-sys019-utt189.wav,4.387422542899527
sys015,utt004,wav/vmc2026-track3-sys015-utt004.wav,wav/vmc2026-track3-sys019-utt003.wav,4.646420734381763
sys003,utt090,wav/vmc2026-track3-sys003-utt090.wav,wav/vmc2026-track3-sys019-utt089.wav,4.09392122608143
sys026,utt006,wav/vmc2026-track3-sys026-utt006.wav,wav/vmc2026-track3-sys019-utt005.wav,3.7443482267185755
sys003,utt020,wav/vmc2026-track3-sys003-utt020.wav,wav/vmc2026-track3-sys019-utt019.wav,4.248145506840407
sys001,utt168,wav/vmc2026-track3-sys001-utt168.wav,wav/vmc2026-track3-sys019-utt167.wav,4.273336995889402
sys007,utt162,wav/vmc2026-track3-sys007-utt162.wav,wav/vmc2026-track3-sys019-utt161.wav,4.312108409840593
sys023,utt252,wav/vmc2026-track3-sys023-utt252.wav,wav/vmc2026-track3-sys019-utt251.wav,4.147500751094791
sys024,utt170,wav/vmc2026-track3-sys024-utt170.wav,wav/vmc2026-track3-sys019-utt169.wav,3.6535065053799856
sys014,utt162,wav/vmc2026-track3-sys014-utt162.wav,wav/vmc2026-track3-sys019-utt161.wav,4.905622977848409
sys020,utt252,wav/vmc2026-track3-sys020-utt252.wav,wav/vmc2026-track3-sys019-utt251.wav,3.4362908760543256
sys015,utt272,wav/vmc2026-track3-sys015-utt272.wav,wav/vmc2026-track3-sys019-utt271.wav,4.477838084831992
sys015,utt232,wav/vmc2026-track3-sys015-utt232.wav,wav/vmc2026-track3-sys019-utt231.wav,4.321290618555287
sys017,utt182,wav/vmc2026-track3-sys017-utt182.wav,wav/vmc2026-track3-sys019-utt181.wav,4.182697392733305
sys015,utt132,wav/vmc2026-track3-sys015-utt132.wav,wav/vmc2026-track3-sys019-utt131.wav,4.075603783217181
sys018,utt162,wav/vmc2026-track3-sys018-utt162.wav,wav/vmc2026-track3-sys019-utt161.wav,4.179990605697638
sys015,utt042,wav/vmc2026-track3-sys015-utt042.wav,wav/vmc2026-track3-sys019-utt041.wav,4.535009600107379
sys003,utt112,wav/vmc2026-track3-sys003-utt112.wav,wav/vmc2026-track3-sys019-utt111.wav,3.921919842659893
sys016,utt166,wav/vmc2026-track3-sys016-utt166.wav,wav/vmc2026-track3-sys019-utt165.wav,3.5437072862595893
sys003,utt302,wav/vmc2026-track3-sys003-utt302.wav,wav/vmc2026-track3-sys019-utt301.wav,4.75418270461954
sys003,utt008,wav/vmc2026-track3-sys003-utt008.wav,wav/vmc2026-track3-sys019-utt007.wav,4.84941204808378
sys023,utt166,wav/vmc2026-track3-sys023-utt166.wav,wav/vmc2026-track3-sys019-utt165.wav,4.162872210111202
sys015,utt302,wav/vmc2026-track3-sys015-utt302.wav,wav/vmc2026-track3-sys019-utt301.wav,4.391083737143787
sys009,utt260,wav/vmc2026-track3-sys009-utt260.wav,wav/vmc2026-track3-sys019-utt259.wav,3.4356749371204054
sys003,utt110,wav/vmc2026-track3-sys003-utt110.wav,wav/vmc2026-track3-sys019-utt109.wav,4.465181030753892
sys001,utt170,wav/vmc2026-track3-sys001-utt170.wav,wav/vmc2026-track3-sys019-utt169.wav,4.385568000609126
sys015,utt196,wav/vmc2026-track3-sys015-utt196.wav,wav/vmc2026-track3-sys019-utt195.wav,4.402966667659839
sys015,utt206,wav/vmc2026-track3-sys015-utt206.wav,wav/vmc2026-track3-sys019-utt205.wav,4.4915249523710195
sys013,utt270,wav/vmc2026-track3-sys013-utt270.wav,wav/vmc2026-track3-sys019-utt269.wav,4.2384917637691
sys002,utt258,wav/vmc2026-track3-sys002-utt258.wav,wav/vmc2026-track3-sys019-utt257.wav,4.3406686521537505
sys020,utt216,wav/vmc2026-track3-sys020-utt216.wav,wav/vmc2026-track3-sys019-utt215.wav,3.11736488186194
sys007,utt190,wav/vmc2026-track3-sys007-utt190.wav,wav/vmc2026-track3-sys019-utt189.wav,3.9332173460255975
sys008,utt162,wav/vmc2026-track3-sys008-utt162.wav,wav/vmc2026-track3-sys019-utt161.wav,4.789051311976785
sys003,utt006,wav/vmc2026-track3-sys003-utt006.wav,wav/vmc2026-track3-sys019-utt005.wav,4.514438049748284
sys022,utt254,wav/vmc2026-track3-sys022-utt254.wav,wav/vmc2026-track3-sys019-utt253.wav,4.31909657988654
sys015,utt310,wav/vmc2026-track3-sys015-utt310.wav,wav/vmc2026-track3-sys019-utt309.wav,4.436092100504441
sys015,utt314,wav/vmc2026-track3-sys015-utt314.wav,wav/vmc2026-track3-sys019-utt313.wav,4.123613751408137
sys011,utt254,wav/vmc2026-track3-sys011-utt254.wav,wav/vmc2026-track3-sys019-utt253.wav,4.347703585589697
sys015,utt038,wav/vmc2026-track3-sys015-utt038.wav,wav/vmc2026-track3-sys019-utt037.wav,4.351249903164456
sys016,utt260,wav/vmc2026-track3-sys016-utt260.wav,wav/vmc2026-track3-sys019-utt259.wav,3.683436019844354
sys005,utt162,wav/vmc2026-track3-sys005-utt162.wav,wav/vmc2026-track3-sys019-utt161.wav,4.250245312088457
sys020,utt040,wav/vmc2026-track3-sys020-utt040.wav,wav/vmc2026-track3-sys019-utt039.wav,3.254064144060987
sys025,utt258,wav/vmc2026-track3-sys025-utt258.wav,wav/vmc2026-track3-sys019-utt257.wav,4.249531155473201
sys003,utt078,wav/vmc2026-track3-sys003-utt078.wav,wav/vmc2026-track3-sys019-utt077.wav,4.283441909364802
sys003,utt270,wav/vmc2026-track3-sys003-utt270.wav,wav/vmc2026-track3-sys019-utt269.wav,4.235334565259992
sys016,utt164,wav/vmc2026-track3-sys016-utt164.wav,wav/vmc2026-track3-sys019-utt163.wav,3.150180266884286
sys013,utt242,wav/vmc2026-track3-sys013-utt242.wav,wav/vmc2026-track3-sys019-utt241.wav,4.504440713135754
sys003,utt034,wav/vmc2026-track3-sys003-utt034.wav,wav/vmc2026-track3-sys019-utt033.wav,3.9465284065429462
sys015,utt242,wav/vmc2026-track3-sys015-utt242.wav,wav/vmc2026-track3-sys019-utt241.wav,4.145652604553168
sys015,utt152,wav/vmc2026-track3-sys015-utt152.wav,wav/vmc2026-track3-sys019-utt151.wav,4.660143676952909
sys015,utt186,wav/vmc2026-track3-sys015-utt186.wav,wav/vmc2026-track3-sys019-utt185.wav,4.3326243178559585
sys007,utt166,wav/vmc2026-track3-sys007-utt166.wav,wav/vmc2026-track3-sys019-utt165.wav,4.253067971046067
sys015,utt220,wav/vmc2026-track3-sys015-utt220.wav,wav/vmc2026-track3-sys019-utt219.wav,4.0029788365970775
sys003,utt230,wav/vmc2026-track3-sys003-utt230.wav,wav/vmc2026-track3-sys019-utt229.wav,4.690587644191751
sys003,utt122,wav/vmc2026-track3-sys003-utt122.wav,wav/vmc2026-track3-sys019-utt121.wav,4.373433385157151
sys020,utt160,wav/vmc2026-track3-sys020-utt160.wav,wav/vmc2026-track3-sys019-utt159.wav,3.6498636823048876
sys015,utt276,wav/vmc2026-track3-sys015-utt276.wav,wav/vmc2026-track3-sys019-utt275.wav,4.294490350709498
sys016,utt252,wav/vmc2026-track3-sys016-utt252.wav,wav/vmc2026-track3-sys019-utt251.wav,4.327696801517496
sys015,utt028,wav/vmc2026-track3-sys015-utt028.wav,wav/vmc2026-track3-sys019-utt027.wav,4.510194555660469
sys015,utt018,wav/vmc2026-track3-sys015-utt018.wav,wav/vmc2026-track3-sys019-utt017.wav,4.422244662171132
sys012,utt254,wav/vmc2026-track3-sys012-utt254.wav,wav/vmc2026-track3-sys019-utt253.wav,4.275016007301579
sys015,utt140,wav/vmc2026-track3-sys015-utt140.wav,wav/vmc2026-track3-sys019-utt139.wav,3.5556020861603144
sys026,utt190,wav/vmc2026-track3-sys026-utt190.wav,wav/vmc2026-track3-sys019-utt189.wav,4.328942187184352
sys002,utt214,wav/vmc2026-track3-sys002-utt214.wav,wav/vmc2026-track3-sys019-utt213.wav,4.3370915827794585
sys023,utt232,wav/vmc2026-track3-sys023-utt232.wav,wav/vmc2026-track3-sys019-utt231.wav,4.190150405361575
sys015,utt020,wav/vmc2026-track3-sys015-utt020.wav,wav/vmc2026-track3-sys019-utt019.wav,4.6443828507888325
sys022,utt256,wav/vmc2026-track3-sys022-utt256.wav,wav/vmc2026-track3-sys019-utt255.wav,4.063689967288062
sys003,utt218,wav/vmc2026-track3-sys003-utt218.wav,wav/vmc2026-track3-sys019-utt217.wav,4.879642151428032
sys001,utt252,wav/vmc2026-track3-sys001-utt252.wav,wav/vmc2026-track3-sys019-utt251.wav,4.2982829842234755
sys018,utt260,wav/vmc2026-track3-sys018-utt260.wav,wav/vmc2026-track3-sys019-utt259.wav,3.433351894134629
sys003,utt266,wav/vmc2026-track3-sys003-utt266.wav,wav/vmc2026-track3-sys019-utt265.wav,4.21655096838391
sys023,utt164,wav/vmc2026-track3-sys023-utt164.wav,wav/vmc2026-track3-sys019-utt163.wav,4.207855885620118
sys006,utt162,wav/vmc2026-track3-sys006-utt162.wav,wav/vmc2026-track3-sys019-utt161.wav,4.292323725461852
sys003,utt124,wav/vmc2026-track3-sys003-utt124.wav,wav/vmc2026-track3-sys019-utt123.wav,4.235834571044864
sys025,utt166,wav/vmc2026-track3-sys025-utt166.wav,wav/vmc2026-track3-sys019-utt165.wav,4.457994590818484
sys013,utt134,wav/vmc2026-track3-sys013-utt134.wav,wav/vmc2026-track3-sys019-utt133.wav,3.804110077148339
sys003,utt274,wav/vmc2026-track3-sys003-utt274.wav,wav/vmc2026-track3-sys019-utt273.wav,3.9202753544019315
sys010,utt166,wav/vmc2026-track3-sys010-utt166.wav,wav/vmc2026-track3-sys019-utt165.wav,3.92662639256837
sys015,utt190,wav/vmc2026-track3-sys015-utt190.wav,wav/vmc2026-track3-sys019-utt189.wav,4.459980967877374
sys015,utt200,wav/vmc2026-track3-sys015-utt200.wav,wav/vmc2026-track3-sys019-utt199.wav,4.897717470028818
sys003,utt232,wav/vmc2026-track3-sys003-utt232.wav,wav/vmc2026-track3-sys019-utt231.wav,4.4581111996276155
sys026,utt162,wav/vmc2026-track3-sys026-utt162.wav,wav/vmc2026-track3-sys019-utt161.wav,3.8324796514873856
sys017,utt266,wav/vmc2026-track3-sys017-utt266.wav,wav/vmc2026-track3-sys019-utt265.wav,4.182618312289151
sys002,utt190,wav/vmc2026-track3-sys002-utt190.wav,wav/vmc2026-track3-sys019-utt189.wav,4.334964464919111
sys003,utt042,wav/vmc2026-track3-sys003-utt042.wav,wav/vmc2026-track3-sys019-utt041.wav,4.458788907056147
sys008,utt252,wav/vmc2026-track3-sys008-utt252.wav,wav/vmc2026-track3-sys019-utt251.wav,4.6092800034369885
sys012,utt186,wav/vmc2026-track3-sys012-utt186.wav,wav/vmc2026-track3-sys019-utt185.wav,3.163059507951973
sys011,utt256,wav/vmc2026-track3-sys011-utt256.wav,wav/vmc2026-track3-sys019-utt255.wav,3.8856979176702047
sys007,utt260,wav/vmc2026-track3-sys007-utt260.wav,wav/vmc2026-track3-sys019-utt259.wav,3.674638028566336
sys020,utt128,wav/vmc2026-track3-sys020-utt128.wav,wav/vmc2026-track3-sys019-utt127.wav,3.1831053890687997
sys003,utt176,wav/vmc2026-track3-sys003-utt176.wav,wav/vmc2026-track3-sys019-utt175.wav,3.6281373857333943
sys026,utt166,wav/vmc2026-track3-sys026-utt166.wav,wav/vmc2026-track3-sys019-utt165.wav,4.025051214948583
sys015,utt294,wav/vmc2026-track3-sys015-utt294.wav,wav/vmc2026-track3-sys019-utt293.wav,4.623335680237307
sys015,utt130,wav/vmc2026-track3-sys015-utt130.wav,wav/vmc2026-track3-sys019-utt129.wav,4.48826678428845
sys014,utt252,wav/vmc2026-track3-sys014-utt252.wav,wav/vmc2026-track3-sys019-utt251.wav,4.451064544251483
sys015,utt320,wav/vmc2026-track3-sys015-utt320.wav,wav/vmc2026-track3-sys019-utt319.wav,3.968238112518007
sys003,utt012,wav/vmc2026-track3-sys003-utt012.wav,wav/vmc2026-track3-sys019-utt011.wav,4.797525418587922
sys025,utt160,wav/vmc2026-track3-sys025-utt160.wav,wav/vmc2026-track3-sys019-utt159.wav,4.3789026609579045
sys003,utt166,wav/vmc2026-track3-sys003-utt166.wav,wav/vmc2026-track3-sys019-utt165.wav,4.608565433221148
sys015,utt156,wav/vmc2026-track3-sys015-utt156.wav,wav/vmc2026-track3-sys019-utt155.wav,4.546855690129493
sys026,utt170,wav/vmc2026-track3-sys026-utt170.wav,wav/vmc2026-track3-sys019-utt169.wav,3.926079402946704
sys016,utt258,wav/vmc2026-track3-sys016-utt258.wav,wav/vmc2026-track3-sys019-utt257.wav,3.6897373330897114
sys003,utt254,wav/vmc2026-track3-sys003-utt254.wav,wav/vmc2026-track3-sys019-utt253.wav,4.386587137034208
sys022,utt288,wav/vmc2026-track3-sys022-utt288.wav,wav/vmc2026-track3-sys019-utt287.wav,3.972311398533126
sys020,utt258,wav/vmc2026-track3-sys020-utt258.wav,wav/vmc2026-track3-sys019-utt257.wav,3.1487493885312112
sys014,utt102,wav/vmc2026-track3-sys014-utt102.wav,wav/vmc2026-track3-sys019-utt101.wav,4.293751441746159
sys010,utt256,wav/vmc2026-track3-sys010-utt256.wav,wav/vmc2026-track3-sys019-utt255.wav,4.142374298226677
sys015,utt246,wav/vmc2026-track3-sys015-utt246.wav,wav/vmc2026-track3-sys019-utt245.wav,4.3865189896304
sys013,utt258,wav/vmc2026-track3-sys013-utt258.wav,wav/vmc2026-track3-sys019-utt257.wav,4.154070491827953
sys003,utt174,wav/vmc2026-track3-sys003-utt174.wav,wav/vmc2026-track3-sys019-utt173.wav,4.481968725399295
sys003,utt150,wav/vmc2026-track3-sys003-utt150.wav,wav/vmc2026-track3-sys019-utt149.wav,3.968981164042889
sys003,utt312,wav/vmc2026-track3-sys003-utt312.wav,wav/vmc2026-track3-sys019-utt311.wav,4.418011961084917
sys007,utt258,wav/vmc2026-track3-sys007-utt258.wav,wav/vmc2026-track3-sys019-utt257.wav,4.128010652547339
sys001,utt254,wav/vmc2026-track3-sys001-utt254.wav,wav/vmc2026-track3-sys019-utt253.wav,4.145728650784256
sys015,utt180,wav/vmc2026-track3-sys015-utt180.wav,wav/vmc2026-track3-sys019-utt179.wav,4.216538685748452
sys015,utt292,wav/vmc2026-track3-sys015-utt292.wav,wav/vmc2026-track3-sys019-utt291.wav,4.330792224523622
sys003,utt198,wav/vmc2026-track3-sys003-utt198.wav,wav/vmc2026-track3-sys019-utt197.wav,4.78048731057189
sys014,utt170,wav/vmc2026-track3-sys014-utt170.wav,wav/vmc2026-track3-sys019-utt169.wav,4.885114708854615
sys015,utt108,wav/vmc2026-track3-sys015-utt108.wav,wav/vmc2026-track3-sys019-utt107.wav,4.280264355955346
sys015,utt202,wav/vmc2026-track3-sys015-utt202.wav,wav/vmc2026-track3-sys019-utt201.wav,3.8983509813568236
sys016,utt230,wav/vmc2026-track3-sys016-utt230.wav,wav/vmc2026-track3-sys019-utt229.wav,3.9225041780079932
sys020,utt170,wav/vmc2026-track3-sys020-utt170.wav,wav/vmc2026-track3-sys019-utt169.wav,3.568282021225286
sys015,utt192,wav/vmc2026-track3-sys015-utt192.wav,wav/vmc2026-track3-sys019-utt191.wav,4.3991601646308585
sys015,utt120,wav/vmc2026-track3-sys015-utt120.wav,wav/vmc2026-track3-sys019-utt119.wav,4.332330283365624
sys003,utt190,wav/vmc2026-track3-sys003-utt190.wav,wav/vmc2026-track3-sys019-utt189.wav,4.142698013804317
sys003,utt206,wav/vmc2026-track3-sys003-utt206.wav,wav/vmc2026-track3-sys019-utt205.wav,4.697558883198781
sys024,utt216,wav/vmc2026-track3-sys024-utt216.wav,wav/vmc2026-track3-sys019-utt215.wav,4.166576519182201
sys012,utt252,wav/vmc2026-track3-sys012-utt252.wav,wav/vmc2026-track3-sys019-utt251.wav,3.489977613205214
sys015,utt234,wav/vmc2026-track3-sys015-utt234.wav,wav/vmc2026-track3-sys019-utt233.wav,4.122683451498063
sys015,utt126,wav/vmc2026-track3-sys015-utt126.wav,wav/vmc2026-track3-sys019-utt125.wav,4.438490306096112
sys003,utt028,wav/vmc2026-track3-sys003-utt028.wav,wav/vmc2026-track3-sys019-utt027.wav,4.348290516339304
sys007,utt170,wav/vmc2026-track3-sys007-utt170.wav,wav/vmc2026-track3-sys019-utt169.wav,3.5997918146855112
sys003,utt192,wav/vmc2026-track3-sys003-utt192.wav,wav/vmc2026-track3-sys019-utt191.wav,4.234209103151199
sys007,utt256,wav/vmc2026-track3-sys007-utt256.wav,wav/vmc2026-track3-sys019-utt255.wav,3.6125810626729926
sys003,utt286,wav/vmc2026-track3-sys003-utt286.wav,wav/vmc2026-track3-sys019-utt285.wav,4.414279300602444
sys018,utt166,wav/vmc2026-track3-sys018-utt166.wav,wav/vmc2026-track3-sys019-utt165.wav,3.8889145321193577
sys001,utt166,wav/vmc2026-track3-sys001-utt166.wav,wav/vmc2026-track3-sys019-utt165.wav,4.097093762389179
sys024,utt160,wav/vmc2026-track3-sys024-utt160.wav,wav/vmc2026-track3-sys019-utt159.wav,4.635584375799801
sys005,utt252,wav/vmc2026-track3-sys005-utt252.wav,wav/vmc2026-track3-sys019-utt251.wav,3.5193788513618474
sys009,utt190,wav/vmc2026-track3-sys009-utt190.wav,wav/vmc2026-track3-sys019-utt189.wav,4.041418410094963
sys006,utt258,wav/vmc2026-track3-sys006-utt258.wav,wav/vmc2026-track3-sys019-utt257.wav,4.268350241840684
sys015,utt260,wav/vmc2026-track3-sys015-utt260.wav,wav/vmc2026-track3-sys019-utt259.wav,4.079440233672181
sys003,utt126,wav/vmc2026-track3-sys003-utt126.wav,wav/vmc2026-track3-sys019-utt125.wav,4.556464107229482
sys003,utt026,wav/vmc2026-track3-sys003-utt026.wav,wav/vmc2026-track3-sys019-utt025.wav,3.9264386712199464
sys015,utt316,wav/vmc2026-track3-sys015-utt316.wav,wav/vmc2026-track3-sys019-utt315.wav,3.834812370478502
sys003,utt072,wav/vmc2026-track3-sys003-utt072.wav,wav/vmc2026-track3-sys019-utt071.wav,4.856791922573741
sys003,utt316,wav/vmc2026-track3-sys003-utt316.wav,wav/vmc2026-track3-sys019-utt315.wav,4.525406211123219
sys009,utt162,wav/vmc2026-track3-sys009-utt162.wav,wav/vmc2026-track3-sys019-utt161.wav,4.6984344265548925
sys020,utt254,wav/vmc2026-track3-sys020-utt254.wav,wav/vmc2026-track3-sys019-utt253.wav,3.058555590773259
sys003,utt140,wav/vmc2026-track3-sys003-utt140.wav,wav/vmc2026-track3-sys019-utt139.wav,4.050440712864516
sys015,utt084,wav/vmc2026-track3-sys015-utt084.wav,wav/vmc2026-track3-sys019-utt083.wav,4.509776459801893
sys018,utt046,wav/vmc2026-track3-sys018-utt046.wav,wav/vmc2026-track3-sys019-utt045.wav,4.064805547409093
sys002,utt162,wav/vmc2026-track3-sys002-utt162.wav,wav/vmc2026-track3-sys019-utt161.wav,4.396884425205539
sys008,utt258,wav/vmc2026-track3-sys008-utt258.wav,wav/vmc2026-track3-sys019-utt257.wav,4.659526652153633
sys007,utt270,wav/vmc2026-track3-sys007-utt270.wav,wav/vmc2026-track3-sys019-utt269.wav,4.338835053200223
sys003,utt046,wav/vmc2026-track3-sys003-utt046.wav,wav/vmc2026-track3-sys019-utt045.wav,3.7000218913848677
sys017,utt184,wav/vmc2026-track3-sys017-utt184.wav,wav/vmc2026-track3-sys019-utt183.wav,4.212053890011385
sys008,utt166,wav/vmc2026-track3-sys008-utt166.wav,wav/vmc2026-track3-sys019-utt165.wav,4.892516592269609
sys003,utt248,wav/vmc2026-track3-sys003-utt248.wav,wav/vmc2026-track3-sys019-utt247.wav,4.917084716636587
sys003,utt228,wav/vmc2026-track3-sys003-utt228.wav,wav/vmc2026-track3-sys019-utt227.wav,4.252595238244919
sys003,utt268,wav/vmc2026-track3-sys003-utt268.wav,wav/vmc2026-track3-sys019-utt267.wav,4.199632944516165
sys015,utt072,wav/vmc2026-track3-sys015-utt072.wav,wav/vmc2026-track3-sys019-utt071.wav,4.257968343415648
sys014,utt190,wav/vmc2026-track3-sys014-utt190.wav,wav/vmc2026-track3-sys019-utt189.wav,4.551680571656657
sys015,utt238,wav/vmc2026-track3-sys015-utt238.wav,wav/vmc2026-track3-sys019-utt237.wav,4.940349243123492
sys009,utt170,wav/vmc2026-track3-sys009-utt170.wav,wav/vmc2026-track3-sys019-utt169.wav,4.30685075855218
sys015,utt228,wav/vmc2026-track3-sys015-utt228.wav,wav/vmc2026-track3-sys019-utt227.wav,4.385843226434819
sys001,utt004,wav/vmc2026-track3-sys001-utt004.wav,wav/vmc2026-track3-sys019-utt003.wav,4.159532765548201
sys006,utt256,wav/vmc2026-track3-sys006-utt256.wav,wav/vmc2026-track3-sys019-utt255.wav,2.7644877353864183
sys006,utt252,wav/vmc2026-track3-sys006-utt252.wav,wav/vmc2026-track3-sys019-utt251.wav,4.3348488676569845
sys003,utt032,wav/vmc2026-track3-sys003-utt032.wav,wav/vmc2026-track3-sys019-utt031.wav,4.302042787342838
sys003,utt044,wav/vmc2026-track3-sys003-utt044.wav,wav/vmc2026-track3-sys019-utt043.wav,4.161390789250813
sys003,utt260,wav/vmc2026-track3-sys003-utt260.wav,wav/vmc2026-track3-sys019-utt259.wav,4.080771690070505
sys011,utt170,wav/vmc2026-track3-sys011-utt170.wav,wav/vmc2026-track3-sys019-utt169.wav,3.9477618486884114
sys003,utt180,wav/vmc2026-track3-sys003-utt180.wav,wav/vmc2026-track3-sys019-utt179.wav,3.99337509526175
sys006,utt166,wav/vmc2026-track3-sys006-utt166.wav,wav/vmc2026-track3-sys019-utt165.wav,4.339909899139219
sys015,utt010,wav/vmc2026-track3-sys015-utt010.wav,wav/vmc2026-track3-sys019-utt009.wav,4.671494471376623
sys015,utt306,wav/vmc2026-track3-sys015-utt306.wav,wav/vmc2026-track3-sys019-utt305.wav,4.21962740805725
sys015,utt048,wav/vmc2026-track3-sys015-utt048.wav,wav/vmc2026-track3-sys019-utt047.wav,4.2230153310746195
sys003,utt130,wav/vmc2026-track3-sys003-utt130.wav,wav/vmc2026-track3-sys019-utt129.wav,4.695584842725962
sys003,utt224,wav/vmc2026-track3-sys003-utt224.wav,wav/vmc2026-track3-sys019-utt223.wav,4.453915018336281
sys018,utt124,wav/vmc2026-track3-sys018-utt124.wav,wav/vmc2026-track3-sys019-utt123.wav,3.2633533022452434
sys003,utt306,wav/vmc2026-track3-sys003-utt306.wav,wav/vmc2026-track3-sys019-utt305.wav,4.800788551763534
sys015,utt236,wav/vmc2026-track3-sys015-utt236.wav,wav/vmc2026-track3-sys019-utt235.wav,4.0060665118185925
sys025,utt190,wav/vmc2026-track3-sys025-utt190.wav,wav/vmc2026-track3-sys019-utt189.wav,4.103378659039507
sys026,utt258,wav/vmc2026-track3-sys026-utt258.wav,wav/vmc2026-track3-sys019-utt257.wav,4.05435337333089
sys020,utt256,wav/vmc2026-track3-sys020-utt256.wav,wav/vmc2026-track3-sys019-utt255.wav,2.6302428240647533
sys003,utt106,wav/vmc2026-track3-sys003-utt106.wav,wav/vmc2026-track3-sys019-utt105.wav,4.9318145062179095
sys009,utt184,wav/vmc2026-track3-sys009-utt184.wav,wav/vmc2026-track3-sys019-utt183.wav,4.027508690027965
sys022,utt252,wav/vmc2026-track3-sys022-utt252.wav,wav/vmc2026-track3-sys019-utt251.wav,3.56757432013333
sys002,utt260,wav/vmc2026-track3-sys002-utt260.wav,wav/vmc2026-track3-sys019-utt259.wav,4.076101271018209
sys015,utt258,wav/vmc2026-track3-sys015-utt258.wav,wav/vmc2026-track3-sys019-utt257.wav,4.569411656064155
sys007,utt168,wav/vmc2026-track3-sys007-utt168.wav,wav/vmc2026-track3-sys019-utt167.wav,3.4339340018300626
sys026,utt002,wav/vmc2026-track3-sys026-utt002.wav,wav/vmc2026-track3-sys019-utt001.wav,4.635680125483124
sys018,utt164,wav/vmc2026-track3-sys018-utt164.wav,wav/vmc2026-track3-sys019-utt163.wav,3.0165514493662293
sys015,utt230,wav/vmc2026-track3-sys015-utt230.wav,wav/vmc2026-track3-sys019-utt229.wav,4.430137016629358
sys009,utt256,wav/vmc2026-track3-sys009-utt256.wav,wav/vmc2026-track3-sys019-utt255.wav,3.921741851110257
sys026,utt254,wav/vmc2026-track3-sys026-utt254.wav,wav/vmc2026-track3-sys019-utt253.wav,4.307177854787356
sys018,utt254,wav/vmc2026-track3-sys018-utt254.wav,wav/vmc2026-track3-sys019-utt253.wav,4.007370379173537
sys003,utt242,wav/vmc2026-track3-sys003-utt242.wav,wav/vmc2026-track3-sys019-utt241.wav,4.7892683554373745
sys003,utt116,wav/vmc2026-track3-sys003-utt116.wav,wav/vmc2026-track3-sys019-utt115.wav,4.0222910552285756
sys020,utt164,wav/vmc2026-track3-sys020-utt164.wav,wav/vmc2026-track3-sys019-utt163.wav,3.0837823234477284
sys010,utt246,wav/vmc2026-track3-sys010-utt246.wav,wav/vmc2026-track3-sys019-utt245.wav,4.174613493846759
sys015,utt244,wav/vmc2026-track3-sys015-utt244.wav,wav/vmc2026-track3-sys019-utt243.wav,4.451202302557589
sys015,utt136,wav/vmc2026-track3-sys015-utt136.wav,wav/vmc2026-track3-sys019-utt135.wav,4.053214967459171
sys003,utt294,wav/vmc2026-track3-sys003-utt294.wav,wav/vmc2026-track3-sys019-utt293.wav,4.778465471862076
sys025,utt164,wav/vmc2026-track3-sys025-utt164.wav,wav/vmc2026-track3-sys019-utt163.wav,4.2753342670874535
sys003,utt318,wav/vmc2026-track3-sys003-utt318.wav,wav/vmc2026-track3-sys019-utt317.wav,4.914226443426878
sys011,utt258,wav/vmc2026-track3-sys011-utt258.wav,wav/vmc2026-track3-sys019-utt257.wav,4.426547744516338
sys025,utt250,wav/vmc2026-track3-sys025-utt250.wav,wav/vmc2026-track3-sys019-utt249.wav,4.0957952876231545
sys016,utt256,wav/vmc2026-track3-sys016-utt256.wav,wav/vmc2026-track3-sys019-utt255.wav,4.138929784646669
sys003,utt184,wav/vmc2026-track3-sys003-utt184.wav,wav/vmc2026-track3-sys019-utt183.wav,4.438142349893301
sys014,utt166,wav/vmc2026-track3-sys014-utt166.wav,wav/vmc2026-track3-sys019-utt165.wav,4.963924347010446
sys022,utt170,wav/vmc2026-track3-sys022-utt170.wav,wav/vmc2026-track3-sys019-utt169.wav,3.5272657341769014
sys025,utt280,wav/vmc2026-track3-sys025-utt280.wav,wav/vmc2026-track3-sys019-utt279.wav,4.282342946559761
sys025,utt168,wav/vmc2026-track3-sys025-utt168.wav,wav/vmc2026-track3-sys019-utt167.wav,4.20485116996714
sys015,utt040,wav/vmc2026-track3-sys015-utt040.wav,wav/vmc2026-track3-sys019-utt039.wav,4.224906217923396
sys003,utt210,wav/vmc2026-track3-sys003-utt210.wav,wav/vmc2026-track3-sys019-utt209.wav,4.3032604200613696
sys015,utt102,wav/vmc2026-track3-sys015-utt102.wav,wav/vmc2026-track3-sys019-utt101.wav,4.317844077852122
sys020,utt168,wav/vmc2026-track3-sys020-utt168.wav,wav/vmc2026-track3-sys019-utt167.wav,3.1792133670932397
sys015,utt278,wav/vmc2026-track3-sys015-utt278.wav,wav/vmc2026-track3-sys019-utt277.wav,4.562743754744766
sys011,utt220,wav/vmc2026-track3-sys011-utt220.wav,wav/vmc2026-track3-sys019-utt219.wav,4.331085084752165
sys003,utt156,wav/vmc2026-track3-sys003-utt156.wav,wav/vmc2026-track3-sys019-utt155.wav,4.998353168653464
sys003,utt062,wav/vmc2026-track3-sys003-utt062.wav,wav/vmc2026-track3-sys019-utt061.wav,4.146672255666754
sys015,utt218,wav/vmc2026-track3-sys015-utt218.wav,wav/vmc2026-track3-sys019-utt217.wav,4.5999831233365125
