system_id,utterance_id,wav_a_path,wav_b_path,pred_spk_sim
sys017,utt026,wav/vmc2026-track3-sys017-utt026.wav,wav/vmc2026-track3-sys019-utt025.wav,4.079885799039886
sys002,utt246,wav/vmc2026-track3-sys002-utt246.wav,wav/vmc2026-track3-sys019-utt245.wav,4.439941421518544
sys017,utt142,wav/vmc2026-track3-sys017-utt142.wav,wav/vmc2026-track3-sys019-utt141.wav,4.394271059504419
sys007,utt134,wav/vmc2026-track3-sys007-utt134.wav,wav/vmc2026-track3-sys019-utt133.wav,3.338574748155059
sys012,utt182,wav/vmc2026-track3-sys012-utt182.wav,wav/vmc2026-track3-sys019-utt181.wav,4.061774693676957
sys006,utt108,wav/vmc2026-track3-sys006-utt108.wav,wav/vmc2026-track3-sys019-utt107.wav,4.222677833782908
sys002,utt110,wav/vmc2026-track3-sys002-utt110.wav,wav/vmc2026-track3-sys019-utt109.wav,4.336477953086222
sys009,utt216,wav/vmc2026-track3-sys009-utt216.wav,wav/vmc2026-track3-sys019-utt215.wav,4.697325332521761
sys017,utt032,wav/vmc2026-track3-sys017-utt032.wav,wav/vmc2026-track3-sys019-utt031.wav,4.319419924396533
sys020,utt298,wav/vmc2026-track3-sys020-utt298.wav,wav/vmc2026-track3-sys019-utt297.wav,3.2763751695316485
sys005,utt118,wav/vmc2026-track3-sys005-utt118.wav,wav/vmc2026-track3-sys019-utt117.wav,3.753420298721183
sys023,utt286,wav/vmc2026-track3-sys023-utt286.wav,wav/vmc2026-track3-sys019-utt285.wav,4.651903587299607
sys026,utt292,wav/vmc2026-track3-sys026-utt292.wav,wav/vmc2026-track3-sys019-utt291.wav,4.417637100147456
sys018,utt036,wav/vmc2026-track3-sys018-utt036.wav,wav/vmc2026-track3-sys019-utt035.wav,3.8387216200049723
sys007,utt244,wav/vmc2026-track3-sys007-utt244.wav,wav/vmc2026-track3-sys019-utt243.wav,3.7216084570354857
sys012,utt310,wav/vmc2026-track3-sys012-utt310.wav,wav/vmc2026-track3-sys019-utt309.wav,3.9153806065469343
sys025,utt230,wav/vmc2026-track3-sys025-utt230.wav,wav/vmc2026-track3-sys019-utt229.wav,4.068419364035298
sys017,utt066,wav/vmc2026-track3-sys017-utt066.wav,wav/vmc2026-track3-sys019-utt065.wav,4.150090838218953
sys009,utt066,wav/vmc2026-track3-sys009-utt066.wav,wav/vmc2026-track3-sys019-utt065.wav,4.5470678187345195
sys020,utt198,wav/vmc2026-track3-sys020-utt198.wav,wav/vmc2026-track3-sys019-utt197.wav,3.1687677745878635
sys002,utt102,wav/vmc2026-track3-sys002-utt102.wav,wav/vmc2026-track3-sys019-utt101.wav,4.5910942449168335
sys024,utt176,wav/vmc2026-track3-sys024-utt176.wav,wav/vmc2026-track3-sys019-utt175.wav,3.7385133338483665
sys025,utt112,wav/vmc2026-track3-sys025-utt112.wav,wav/vmc2026-track3-sys019-utt111.wav,3.677099352240615
sys017,utt238,wav/vmc2026-track3-sys017-utt238.wav,wav/vmc2026-track3-sys019-utt237.wav,3.910748437108412
sys012,utt048,wav/vmc2026-track3-sys012-utt048.wav,wav/vmc2026-track3-sys019-utt047.wav,4.354761648069319
sys002,utt048,wav/vmc2026-track3-sys002-utt048.wav,wav/vmc2026-track3-sys019-utt047.wav,4.722721945577009
sys026,utt004,wav/vmc2026-track3-sys026-utt004.wav,wav/vmc2026-track3-sys019-utt003.wav,4.200783360425093
sys020,utt070,wav/vmc2026-track3-sys020-utt070.wav,wav/vmc2026-track3-sys019-utt069.wav,3.6029179394219124
sys011,utt004,wav/vmc2026-track3-sys011-utt004.wav,wav/vmc2026-track3-sys019-utt003.wav,4.383901409737232
sys001,utt214,wav/vmc2026-track3-sys001-utt214.wav,wav/vmc2026-track3-sys019-utt213.wav,4.385425676015739
sys002,utt300,wav/vmc2026-track3-sys002-utt300.wav,wav/vmc2026-track3-sys019-utt299.wav,4.539055268256321
sys009,utt142,wav/vmc2026-track3-sys009-utt142.wav,wav/vmc2026-track3-sys019-utt141.wav,4.4165154297513585
sys009,utt270,wav/vmc2026-track3-sys009-utt270.wav,wav/vmc2026-track3-sys019-utt269.wav,4.346971532393956
sys007,utt194,wav/vmc2026-track3-sys007-utt194.wav,wav/vmc2026-track3-sys019-utt193.wav,4.332982574756954
sys014,utt050,wav/vmc2026-track3-sys014-utt050.wav,wav/vmc2026-track3-sys019-utt049.wav,4.290766876726686
sys014,utt080,wav/vmc2026-track3-sys014-utt080.wav,wav/vmc2026-track3-sys019-utt079.wav,4.080521861718601
sys010,utt144,wav/vmc2026-track3-sys010-utt144.wav,wav/vmc2026-track3-sys019-utt143.wav,3.741397334514638
sys010,utt154,wav/vmc2026-track3-sys010-utt154.wav,wav/vmc2026-track3-sys019-utt153.wav,4.372910506886334
sys005,utt210,wav/vmc2026-track3-sys005-utt210.wav,wav/vmc2026-track3-sys019-utt209.wav,3.5112945785184637
sys009,utt048,wav/vmc2026-track3-sys009-utt048.wav,wav/vmc2026-track3-sys019-utt047.wav,4.748413164117212
sys026,utt220,wav/vmc2026-track3-sys026-utt220.wav,wav/vmc2026-track3-sys019-utt219.wav,4.019258721597824
sys007,utt030,wav/vmc2026-track3-sys007-utt030.wav,wav/vmc2026-track3-sys019-utt029.wav,3.6239092409373863
sys013,utt016,wav/vmc2026-track3-sys013-utt016.wav,wav/vmc2026-track3-sys019-utt015.wav,4.004084790830726
sys024,utt194,wav/vmc2026-track3-sys024-utt194.wav,wav/vmc2026-track3-sys019-utt193.wav,4.534535503370308
sys006,utt310,wav/vmc2026-track3-sys006-utt310.wav,wav/vmc2026-track3-sys019-utt309.wav,4.341332414129857
sys012,utt118,wav/vmc2026-track3-sys012-utt118.wav,wav/vmc2026-track3-sys019-utt117.wav,3.6074967942975267
sys013,utt160,wav/vmc2026-track3-sys013-utt160.wav,wav/vmc2026-track3-sys019-utt159.wav,4.421905175019474
sys011,utt122,wav/vmc2026-track3-sys011-utt122.wav,wav/vmc2026-track3-sys019-utt121.wav,4.373617562293451
sys023,utt102,wav/vmc2026-track3-sys023-utt102.wav,wav/vmc2026-track3-sys019-utt101.wav,4.193685287260037
sys016,utt004,wav/vmc2026-track3-sys016-utt004.wav,wav/vmc2026-track3-sys019-utt003.wav,3.9214218417891957
sys005,utt018,wav/vmc2026-track3-sys005-utt018.wav,wav/vmc2026-track3-sys019-utt017.wav,3.701476937392961
sys024,utt304,wav/vmc2026-track3-sys024-utt304.wav,wav/vmc2026-track3-sys019-utt303.wav,3.8509175194566687
sys014,utt310,wav/vmc2026-track3-sys014-utt310.wav,wav/vmc2026-track3-sys019-utt309.wav,4.515758472611687
sys016,utt132,wav/vmc2026-track3-sys016-utt132.wav,wav/vmc2026-track3-sys019-utt131.wav,3.6382733206206797
sys005,utt270,wav/vmc2026-track3-sys005-utt270.wav,wav/vmc2026-track3-sys019-utt269.wav,3.815248547002894
sys006,utt214,wav/vmc2026-track3-sys006-utt214.wav,wav/vmc2026-track3-sys019-utt213.wav,4.6250695010419385
sys007,utt228,wav/vmc2026-track3-sys007-utt228.wav,wav/vmc2026-track3-sys019-utt227.wav,4.225014059214685
sys002,utt274,wav/vmc2026-track3-sys002-utt274.wav,wav/vmc2026-track3-sys019-utt273.wav,4.548577270946165
sys016,utt038,wav/vmc2026-track3-sys016-utt038.wav,wav/vmc2026-track3-sys019-utt037.wav,3.8457361005847543
sys009,utt172,wav/vmc2026-track3-sys009-utt172.wav,wav/vmc2026-track3-sys019-utt171.wav,4.407727589553465
sys007,utt144,wav/vmc2026-track3-sys007-utt144.wav,wav/vmc2026-track3-sys019-utt143.wav,3.5383038232695636
sys025,utt150,wav/vmc2026-track3-sys025-utt150.wav,wav/vmc2026-track3-sys019-utt149.wav,3.723047870336834
sys005,utt278,wav/vmc2026-track3-sys005-utt278.wav,wav/vmc2026-track3-sys019-utt277.wav,3.6995699703148923
sys012,utt314,wav/vmc2026-track3-sys012-utt314.wav,wav/vmc2026-track3-sys019-utt313.wav,3.8888499035739517
sys005,utt186,wav/vmc2026-track3-sys005-utt186.wav,wav/vmc2026-track3-sys019-utt185.wav,3.640445890436591
sys017,utt232,wav/vmc2026-track3-sys017-utt232.wav,wav/vmc2026-track3-sys019-utt231.wav,3.8428056465403087
sys006,utt264,wav/vmc2026-track3-sys006-utt264.wav,wav/vmc2026-track3-sys019-utt263.wav,4.184619224897048
sys012,utt262,wav/vmc2026-track3-sys012-utt262.wav,wav/vmc2026-track3-sys019-utt261.wav,4.069742849503185
sys024,utt126,wav/vmc2026-track3-sys024-utt126.wav,wav/vmc2026-track3-sys019-utt125.wav,4.28573771726931
sys013,utt140,wav/vmc2026-track3-sys013-utt140.wav,wav/vmc2026-track3-sys019-utt139.wav,3.7632980322228367
sys001,utt310,wav/vmc2026-track3-sys001-utt310.wav,wav/vmc2026-track3-sys019-utt309.wav,4.115449186270681
sys022,utt174,wav/vmc2026-track3-sys022-utt174.wav,wav/vmc2026-track3-sys019-utt173.wav,3.856521139973959
sys026,utt050,wav/vmc2026-track3-sys026-utt050.wav,wav/vmc2026-track3-sys019-utt049.wav,4.542886831527471
sys007,utt122,wav/vmc2026-track3-sys007-utt122.wav,wav/vmc2026-track3-sys019-utt121.wav,3.4405161536321125
sys005,utt158,wav/vmc2026-track3-sys005-utt158.wav,wav/vmc2026-track3-sys019-utt157.wav,3.8447095097747814
sys010,utt002,wav/vmc2026-track3-sys010-utt002.wav,wav/vmc2026-track3-sys019-utt001.wav,4.148841575355535
sys012,utt224,wav/vmc2026-track3-sys012-utt224.wav,wav/vmc2026-track3-sys019-utt223.wav,4.1576551226293175
sys013,utt122,wav/vmc2026-track3-sys013-utt122.wav,wav/vmc2026-track3-sys019-utt121.wav,3.9637452730419716
sys025,utt018,wav/vmc2026-track3-sys025-utt018.wav,wav/vmc2026-track3-sys019-utt017.wav,3.499717122436892
sys002,utt032,wav/vmc2026-track3-sys002-utt032.wav,wav/vmc2026-track3-sys019-utt031.wav,4.543044346413565
sys014,utt114,wav/vmc2026-track3-sys014-utt114.wav,wav/vmc2026-track3-sys019-utt113.wav,4.350991144828818
sys020,utt132,wav/vmc2026-track3-sys020-utt132.wav,wav/vmc2026-track3-sys019-utt131.wav,3.384309250060977
sys025,utt124,wav/vmc2026-track3-sys025-utt124.wav,wav/vmc2026-track3-sys019-utt123.wav,3.500064967697106
sys001,utt320,wav/vmc2026-track3-sys001-utt320.wav,wav/vmc2026-track3-sys019-utt319.wav,4.0939034170427036
sys023,utt130,wav/vmc2026-track3-sys023-utt130.wav,wav/vmc2026-track3-sys019-utt129.wav,4.1943574363981355
sys017,utt138,wav/vmc2026-track3-sys017-utt138.wav,wav/vmc2026-track3-sys019-utt137.wav,4.3913592480468795
sys007,utt084,wav/vmc2026-track3-sys007-utt084.wav,wav/vmc2026-track3-sys019-utt083.wav,3.9851435321715893
sys011,utt144,wav/vmc2026-track3-sys011-utt144.wav,wav/vmc2026-track3-sys019-utt143.wav,4.160943949131943
sys020,utt184,wav/vmc2026-track3-sys020-utt184.wav,wav/vmc2026-track3-sys019-utt183.wav,3.2169616804902095
sys023,utt050,wav/vmc2026-track3-sys023-utt050.wav,wav/vmc2026-track3-sys019-utt049.wav,4.464310173163494
sys002,utt118,wav/vmc2026-track3-sys002-utt118.wav,wav/vmc2026-track3-sys019-utt117.wav,4.5511294058488225
sys017,utt152,wav/vmc2026-track3-sys017-utt152.wav,wav/vmc2026-track3-sys019-utt151.wav,4.1245462569742175
sys002,utt080,wav/vmc2026-track3-sys002-utt080.wav,wav/vmc2026-track3-sys019-utt079.wav,4.48980760921728
sys020,utt214,wav/vmc2026-track3-sys020-utt214.wav,wav/vmc2026-track3-sys019-utt213.wav,3.3535642880971137
sys013,utt020,wav/vmc2026-track3-sys013-utt020.wav,wav/vmc2026-track3-sys019-utt019.wav,4.009899727427696
sys016,utt076,wav/vmc2026-track3-sys016-utt076.wav,wav/vmc2026-track3-sys019-utt075.wav,3.773390605268183
sys020,utt146,wav/vmc2026-track3-sys020-utt146.wav,wav/vmc2026-track3-sys019-utt145.wav,3.3246002772156595
sys005,utt078,wav/vmc2026-track3-sys005-utt078.wav,wav/vmc2026-track3-sys019-utt077.wav,3.5878178036122312
sys020,utt178,wav/vmc2026-track3-sys020-utt178.wav,wav/vmc2026-track3-sys019-utt177.wav,3.118709393398366
sys024,utt104,wav/vmc2026-track3-sys024-utt104.wav,wav/vmc2026-track3-sys019-utt103.wav,3.9405286614090396
sys022,utt140,wav/vmc2026-track3-sys022-utt140.wav,wav/vmc2026-track3-sys019-utt139.wav,3.1883587269092892
sys025,utt196,wav/vmc2026-track3-sys025-utt196.wav,wav/vmc2026-track3-sys019-utt195.wav,3.560416291928835
sys006,utt228,wav/vmc2026-track3-sys006-utt228.wav,wav/vmc2026-track3-sys019-utt227.wav,4.076464194386651
sys017,utt290,wav/vmc2026-track3-sys017-utt290.wav,wav/vmc2026-track3-sys019-utt289.wav,3.8580169270412545
sys018,utt002,wav/vmc2026-track3-sys018-utt002.wav,wav/vmc2026-track3-sys019-utt001.wav,3.8347694062973976
sys017,utt010,wav/vmc2026-track3-sys017-utt010.wav,wav/vmc2026-track3-sys019-utt009.wav,3.8098354810200625
sys017,utt196,wav/vmc2026-track3-sys017-utt196.wav,wav/vmc2026-track3-sys019-utt195.wav,4.425238792422921
sys023,utt228,wav/vmc2026-track3-sys023-utt228.wav,wav/vmc2026-track3-sys019-utt227.wav,4.264387446585154
sys001,utt292,wav/vmc2026-track3-sys001-utt292.wav,wav/vmc2026-track3-sys019-utt291.wav,4.3517594443347
sys022,utt300,wav/vmc2026-track3-sys022-utt300.wav,wav/vmc2026-track3-sys019-utt299.wav,3.9594134891860158
sys022,utt206,wav/vmc2026-track3-sys022-utt206.wav,wav/vmc2026-track3-sys019-utt205.wav,3.8815839229272657
sys011,utt262,wav/vmc2026-track3-sys011-utt262.wav,wav/vmc2026-track3-sys019-utt261.wav,4.200084940953741
sys022,utt316,wav/vmc2026-track3-sys022-utt316.wav,wav/vmc2026-track3-sys019-utt315.wav,3.574131275621484
sys006,utt102,wav/vmc2026-track3-sys006-utt102.wav,wav/vmc2026-track3-sys019-utt101.wav,4.533980410038159
sys017,utt134,wav/vmc2026-track3-sys017-utt134.wav,wav/vmc2026-track3-sys019-utt133.wav,4.165746528741234
sys024,utt010,wav/vmc2026-track3-sys024-utt010.wav,wav/vmc2026-track3-sys019-utt009.wav,3.7019634351124906
sys010,utt118,wav/vmc2026-track3-sys010-utt118.wav,wav/vmc2026-track3-sys019-utt117.wav,3.827841148210507
sys007,utt044,wav/vmc2026-track3-sys007-utt044.wav,wav/vmc2026-track3-sys019-utt043.wav,4.212305437505577
sys017,utt186,wav/vmc2026-track3-sys017-utt186.wav,wav/vmc2026-track3-sys019-utt185.wav,3.9412675887096857
sys010,utt294,wav/vmc2026-track3-sys010-utt294.wav,wav/vmc2026-track3-sys019-utt293.wav,4.341005266150035
sys012,utt250,wav/vmc2026-track3-sys012-utt250.wav,wav/vmc2026-track3-sys019-utt249.wav,3.689127169303485
sys005,utt214,wav/vmc2026-track3-sys005-utt214.wav,wav/vmc2026-track3-sys019-utt213.wav,4.059741076115374
sys008,utt160,wav/vmc2026-track3-sys008-utt160.wav,wav/vmc2026-track3-sys019-utt159.wav,4.740313328626934
sys022,utt314,wav/vmc2026-track3-sys022-utt314.wav,wav/vmc2026-track3-sys019-utt313.wav,3.835071571448249
sys022,utt028,wav/vmc2026-track3-sys022-utt028.wav,wav/vmc2026-track3-sys019-utt027.wav,3.9750013490258422
sys006,utt150,wav/vmc2026-track3-sys006-utt150.wav,wav/vmc2026-track3-sys019-utt149.wav,4.262021138391903
sys013,utt314,wav/vmc2026-track3-sys013-utt314.wav,wav/vmc2026-track3-sys019-utt313.wav,4.056119931738658
sys018,utt090,wav/vmc2026-track3-sys018-utt090.wav,wav/vmc2026-track3-sys019-utt089.wav,3.403189614188027
sys012,utt062,wav/vmc2026-track3-sys012-utt062.wav,wav/vmc2026-track3-sys019-utt061.wav,4.373572427292936
sys005,utt310,wav/vmc2026-track3-sys005-utt310.wav,wav/vmc2026-track3-sys019-utt309.wav,3.5781079482654605
sys010,utt180,wav/vmc2026-track3-sys010-utt180.wav,wav/vmc2026-track3-sys019-utt179.wav,3.326049675328121
sys017,utt008,wav/vmc2026-track3-sys017-utt008.wav,wav/vmc2026-track3-sys019-utt007.wav,4.174098782999012
sys006,utt186,wav/vmc2026-track3-sys006-utt186.wav,wav/vmc2026-track3-sys019-utt185.wav,4.121040973068213
sys016,utt108,wav/vmc2026-track3-sys016-utt108.wav,wav/vmc2026-track3-sys019-utt107.wav,3.5684377770443283
sys020,utt104,wav/vmc2026-track3-sys020-utt104.wav,wav/vmc2026-track3-sys019-utt103.wav,3.2861260973570308
sys023,utt308,wav/vmc2026-track3-sys023-utt308.wav,wav/vmc2026-track3-sys019-utt307.wav,4.355366155207207
sys020,utt122,wav/vmc2026-track3-sys020-utt122.wav,wav/vmc2026-track3-sys019-utt121.wav,3.1637767973696844
sys013,utt110,wav/vmc2026-track3-sys013-utt110.wav,wav/vmc2026-track3-sys019-utt109.wav,3.9857012597843835
sys026,utt192,wav/vmc2026-track3-sys026-utt192.wav,wav/vmc2026-track3-sys019-utt191.wav,4.017704854727462
sys011,utt022,wav/vmc2026-track3-sys011-utt022.wav,wav/vmc2026-track3-sys019-utt021.wav,4.554919803432152
sys011,utt222,wav/vmc2026-track3-sys011-utt222.wav,wav/vmc2026-track3-sys019-utt221.wav,4.387253753592253
sys023,utt292,wav/vmc2026-track3-sys023-utt292.wav,wav/vmc2026-track3-sys019-utt291.wav,4.588903202889908
sys023,utt138,wav/vmc2026-track3-sys023-utt138.wav,wav/vmc2026-track3-sys019-utt137.wav,4.4037679832938235
sys012,utt200,wav/vmc2026-track3-sys012-utt200.wav,wav/vmc2026-track3-sys019-utt199.wav,4.225433937736128
sys009,utt180,wav/vmc2026-track3-sys009-utt180.wav,wav/vmc2026-track3-sys019-utt179.wav,4.427475220703389
sys010,utt152,wav/vmc2026-track3-sys010-utt152.wav,wav/vmc2026-track3-sys019-utt151.wav,4.292812467515358
sys026,utt318,wav/vmc2026-track3-sys026-utt318.wav,wav/vmc2026-track3-sys019-utt317.wav,4.088369012808592
sys017,utt206,wav/vmc2026-track3-sys017-utt206.wav,wav/vmc2026-track3-sys019-utt205.wav,4.013179727296902
sys018,utt318,wav/vmc2026-track3-sys018-utt318.wav,wav/vmc2026-track3-sys019-utt317.wav,3.9019511876068758
sys005,utt122,wav/vmc2026-track3-sys005-utt122.wav,wav/vmc2026-track3-sys019-utt121.wav,3.643511344608162
sys013,utt224,wav/vmc2026-track3-sys013-utt224.wav,wav/vmc2026-track3-sys019-utt223.wav,4.2243500312496405
sys020,utt008,wav/vmc2026-track3-sys020-utt008.wav,wav/vmc2026-track3-sys019-utt007.wav,3.469036793761963
sys017,utt200,wav/vmc2026-track3-sys017-utt200.wav,wav/vmc2026-track3-sys019-utt199.wav,4.4971245867492495
sys011,utt088,wav/vmc2026-track3-sys011-utt088.wav,wav/vmc2026-track3-sys019-utt087.wav,4.3902399611682945
sys020,utt022,wav/vmc2026-track3-sys020-utt022.wav,wav/vmc2026-track3-sys019-utt021.wav,3.4456263802687235
sys013,utt182,wav/vmc2026-track3-sys013-utt182.wav,wav/vmc2026-track3-sys019-utt181.wav,3.8363794959130817
sys007,utt220,wav/vmc2026-track3-sys007-utt220.wav,wav/vmc2026-track3-sys019-utt219.wav,4.020471691387461
sys005,utt234,wav/vmc2026-track3-sys005-utt234.wav,wav/vmc2026-track3-sys019-utt233.wav,3.638021119445057
sys025,utt088,wav/vmc2026-track3-sys025-utt088.wav,wav/vmc2026-track3-sys019-utt087.wav,3.68231710723372
sys005,utt128,wav/vmc2026-track3-sys005-utt128.wav,wav/vmc2026-track3-sys019-utt127.wav,3.5326055564308225
sys013,utt176,wav/vmc2026-track3-sys013-utt176.wav,wav/vmc2026-track3-sys019-utt175.wav,3.8592544758473895
sys017,utt194,wav/vmc2026-track3-sys017-utt194.wav,wav/vmc2026-track3-sys019-utt193.wav,4.326513204050002
sys005,utt084,wav/vmc2026-track3-sys005-utt084.wav,wav/vmc2026-track3-sys019-utt083.wav,3.8945545744281933
sys022,utt180,wav/vmc2026-track3-sys022-utt180.wav,wav/vmc2026-track3-sys019-utt179.wav,3.4556133908196087
sys008,utt070,wav/vmc2026-track3-sys008-utt070.wav,wav/vmc2026-track3-sys019-utt069.wav,4.734345665340091
sys007,utt138,wav/vmc2026-track3-sys007-utt138.wav,wav/vmc2026-track3-sys019-utt137.wav,3.542714580602469
sys010,utt080,wav/vmc2026-track3-sys010-utt080.wav,wav/vmc2026-track3-sys019-utt079.wav,3.9655915548339475
sys016,utt158,wav/vmc2026-track3-sys016-utt158.wav,wav/vmc2026-track3-sys019-utt157.wav,3.6326984895412098
sys006,utt282,wav/vmc2026-track3-sys006-utt282.wav,wav/vmc2026-track3-sys019-utt281.wav,4.4373850872275495
sys007,utt014,wav/vmc2026-track3-sys007-utt014.wav,wav/vmc2026-track3-sys019-utt013.wav,4.289252545254484
sys020,utt102,wav/vmc2026-track3-sys020-utt102.wav,wav/vmc2026-track3-sys019-utt101.wav,3.42926015031447
sys006,utt080,wav/vmc2026-track3-sys006-utt080.wav,wav/vmc2026-track3-sys019-utt079.wav,4.065524280724229
sys013,utt146,wav/vmc2026-track3-sys013-utt146.wav,wav/vmc2026-track3-sys019-utt145.wav,4.096623262189865
sys010,utt216,wav/vmc2026-track3-sys010-utt216.wav,wav/vmc2026-track3-sys019-utt215.wav,4.352216660510444
sys024,utt268,wav/vmc2026-track3-sys024-utt268.wav,wav/vmc2026-track3-sys019-utt267.wav,3.7633231443704815
sys025,utt002,wav/vmc2026-track3-sys025-utt002.wav,wav/vmc2026-track3-sys019-utt001.wav,3.755814555806018
sys014,utt194,wav/vmc2026-track3-sys014-utt194.wav,wav/vmc2026-track3-sys019-utt193.wav,4.645151102171642
sys020,utt018,wav/vmc2026-track3-sys020-utt018.wav,wav/vmc2026-track3-sys019-utt017.wav,3.1699971102395827
sys010,utt186,wav/vmc2026-track3-sys010-utt186.wav,wav/vmc2026-track3-sys019-utt185.wav,3.91230758927744
sys020,utt030,wav/vmc2026-track3-sys020-utt030.wav,wav/vmc2026-track3-sys019-utt029.wav,3.145165944338271
sys006,utt072,wav/vmc2026-track3-sys006-utt072.wav,wav/vmc2026-track3-sys019-utt071.wav,4.046269696455205
sys020,utt196,wav/vmc2026-track3-sys020-utt196.wav,wav/vmc2026-track3-sys019-utt195.wav,3.338760822804485
sys002,utt160,wav/vmc2026-track3-sys002-utt160.wav,wav/vmc2026-track3-sys019-utt159.wav,4.4702572517113515
sys010,utt202,wav/vmc2026-track3-sys010-utt202.wav,wav/vmc2026-track3-sys019-utt201.wav,3.8317563770392873
sys022,utt146,wav/vmc2026-track3-sys022-utt146.wav,wav/vmc2026-track3-sys019-utt145.wav,3.0872204335037177
sys026,utt082,wav/vmc2026-track3-sys026-utt082.wav,wav/vmc2026-track3-sys019-utt081.wav,4.20534786848016
sys017,utt286,wav/vmc2026-track3-sys017-utt286.wav,wav/vmc2026-track3-sys019-utt285.wav,4.279902586342274
sys002,utt242,wav/vmc2026-track3-sys002-utt242.wav,wav/vmc2026-track3-sys019-utt241.wav,4.819266534440503
sys001,utt270,wav/vmc2026-track3-sys001-utt270.wav,wav/vmc2026-track3-sys019-utt269.wav,4.056331636490383
sys008,utt110,wav/vmc2026-track3-sys008-utt110.wav,wav/vmc2026-track3-sys019-utt109.wav,4.579042215614931
sys010,utt066,wav/vmc2026-track3-sys010-utt066.wav,wav/vmc2026-track3-sys019-utt065.wav,4.181240670750861
sys013,utt230,wav/vmc2026-track3-sys013-utt230.wav,wav/vmc2026-track3-sys019-utt229.wav,4.207850861638662
sys017,utt308,wav/vmc2026-track3-sys017-utt308.wav,wav/vmc2026-track3-sys019-utt307.wav,3.84192062094626
sys007,utt130,wav/vmc2026-track3-sys007-utt130.wav,wav/vmc2026-track3-sys019-utt129.wav,3.7176922817412876
sys013,utt108,wav/vmc2026-track3-sys013-utt108.wav,wav/vmc2026-track3-sys019-utt107.wav,3.923222499012869
sys024,utt286,wav/vmc2026-track3-sys024-utt286.wav,wav/vmc2026-track3-sys019-utt285.wav,3.6967921862714195
sys024,utt006,wav/vmc2026-track3-sys024-utt006.wav,wav/vmc2026-track3-sys019-utt005.wav,4.0498589921627115
sys022,utt072,wav/vmc2026-track3-sys022-utt072.wav,wav/vmc2026-track3-sys019-utt071.wav,3.8656290930839354
sys012,utt016,wav/vmc2026-track3-sys012-utt016.wav,wav/vmc2026-track3-sys019-utt015.wav,4.142835004029386
sys001,utt086,wav/vmc2026-track3-sys001-utt086.wav,wav/vmc2026-track3-sys019-utt085.wav,4.1690093630458955
sys023,utt116,wav/vmc2026-track3-sys023-utt116.wav,wav/vmc2026-track3-sys019-utt115.wav,4.431646520391388
sys024,utt218,wav/vmc2026-track3-sys024-utt218.wav,wav/vmc2026-track3-sys019-utt217.wav,4.262534906211127
sys002,utt112,wav/vmc2026-track3-sys002-utt112.wav,wav/vmc2026-track3-sys019-utt111.wav,4.509483739954092
sys018,utt118,wav/vmc2026-track3-sys018-utt118.wav,wav/vmc2026-track3-sys019-utt117.wav,3.6379142463804968
sys017,utt218,wav/vmc2026-track3-sys017-utt218.wav,wav/vmc2026-track3-sys019-utt217.wav,4.5284004474545325
sys018,utt302,wav/vmc2026-track3-sys018-utt302.wav,wav/vmc2026-track3-sys019-utt301.wav,3.9196951296263123
sys001,utt044,wav/vmc2026-track3-sys001-utt044.wav,wav/vmc2026-track3-sys019-utt043.wav,4.019762300368882
sys009,utt016,wav/vmc2026-track3-sys009-utt016.wav,wav/vmc2026-track3-sys019-utt015.wav,4.607446078715233
sys018,utt062,wav/vmc2026-track3-sys018-utt062.wav,wav/vmc2026-track3-sys019-utt061.wav,3.994650526559809
sys002,utt018,wav/vmc2026-track3-sys002-utt018.wav,wav/vmc2026-track3-sys019-utt017.wav,4.736806936099882
sys007,utt066,wav/vmc2026-track3-sys007-utt066.wav,wav/vmc2026-track3-sys019-utt065.wav,3.753133144248967
sys007,utt118,wav/vmc2026-track3-sys007-utt118.wav,wav/vmc2026-track3-sys019-utt117.wav,3.3725979197311835
sys017,utt002,wav/vmc2026-track3-sys017-utt002.wav,wav/vmc2026-track3-sys019-utt001.wav,4.151796708841492
sys023,utt016,wav/vmc2026-track3-sys023-utt016.wav,wav/vmc2026-track3-sys019-utt015.wav,4.656891998585288
sys020,utt086,wav/vmc2026-track3-sys020-utt086.wav,wav/vmc2026-track3-sys019-utt085.wav,3.392555936894993
sys009,utt150,wav/vmc2026-track3-sys009-utt150.wav,wav/vmc2026-track3-sys019-utt149.wav,4.259399800429293
sys002,utt022,wav/vmc2026-track3-sys002-utt022.wav,wav/vmc2026-track3-sys019-utt021.wav,4.742006970176169
sys023,utt048,wav/vmc2026-track3-sys023-utt048.wav,wav/vmc2026-track3-sys019-utt047.wav,4.6278623798054905
sys025,utt180,wav/vmc2026-track3-sys025-utt180.wav,wav/vmc2026-track3-sys019-utt179.wav,3.54147264987624
sys026,utt198,wav/vmc2026-track3-sys026-utt198.wav,wav/vmc2026-track3-sys019-utt197.wav,3.8785484619537147
sys022,utt224,wav/vmc2026-track3-sys022-utt224.wav,wav/vmc2026-track3-sys019-utt223.wav,3.9726556308975907
sys013,utt280,wav/vmc2026-track3-sys013-utt280.wav,wav/vmc2026-track3-sys019-utt279.wav,4.30062296013999
sys014,utt186,wav/vmc2026-track3-sys014-utt186.wav,wav/vmc2026-track3-sys019-utt185.wav,4.26826176595779
sys026,utt020,wav/vmc2026-track3-sys026-utt020.wav,wav/vmc2026-track3-sys019-utt019.wav,4.059588613669863
sys005,utt292,wav/vmc2026-track3-sys005-utt292.wav,wav/vmc2026-track3-sys019-utt291.wav,3.6727708913771115
sys020,utt270,wav/vmc2026-track3-sys020-utt270.wav,wav/vmc2026-track3-sys019-utt269.wav,3.800417704346373
sys006,utt172,wav/vmc2026-track3-sys006-utt172.wav,wav/vmc2026-track3-sys019-utt171.wav,4.253209430165836
sys023,utt242,wav/vmc2026-track3-sys023-utt242.wav,wav/vmc2026-track3-sys019-utt241.wav,4.812831125270773
sys005,utt232,wav/vmc2026-track3-sys005-utt232.wav,wav/vmc2026-track3-sys019-utt231.wav,3.7018216311186323
sys013,utt232,wav/vmc2026-track3-sys013-utt232.wav,wav/vmc2026-track3-sys019-utt231.wav,4.125000576477335
sys001,utt078,wav/vmc2026-track3-sys001-utt078.wav,wav/vmc2026-track3-sys019-utt077.wav,3.710880559864911
sys016,utt048,wav/vmc2026-track3-sys016-utt048.wav,wav/vmc2026-track3-sys019-utt047.wav,3.764264199321335
sys026,utt104,wav/vmc2026-track3-sys026-utt104.wav,wav/vmc2026-track3-sys019-utt103.wav,4.181727202926143
sys013,utt316,wav/vmc2026-track3-sys013-utt316.wav,wav/vmc2026-track3-sys019-utt315.wav,4.013656332934332
sys020,utt264,wav/vmc2026-track3-sys020-utt264.wav,wav/vmc2026-track3-sys019-utt263.wav,3.5087498394960304
sys022,utt262,wav/vmc2026-track3-sys022-utt262.wav,wav/vmc2026-track3-sys019-utt261.wav,3.7986402049266075
sys011,utt314,wav/vmc2026-track3-sys011-utt314.wav,wav/vmc2026-track3-sys019-utt313.wav,4.432794631375182
sys024,utt200,wav/vmc2026-track3-sys024-utt200.wav,wav/vmc2026-track3-sys019-utt199.wav,4.353201819115796
sys024,utt072,wav/vmc2026-track3-sys024-utt072.wav,wav/vmc2026-track3-sys019-utt071.wav,4.0732254735500515
sys024,utt226,wav/vmc2026-track3-sys024-utt226.wav,wav/vmc2026-track3-sys019-utt225.wav,4.115307832403057
sys011,utt294,wav/vmc2026-track3-sys011-utt294.wav,wav/vmc2026-track3-sys019-utt293.wav,4.609095332514865
sys001,utt010,wav/vmc2026-track3-sys001-utt010.wav,wav/vmc2026-track3-sys019-utt009.wav,3.8276119058979123
sys012,utt050,wav/vmc2026-track3-sys012-utt050.wav,wav/vmc2026-track3-sys019-utt049.wav,3.4777846095652913
sys009,utt122,wav/vmc2026-track3-sys009-utt122.wav,wav/vmc2026-track3-sys019-utt121.wav,4.108057611707727
sys018,utt040,wav/vmc2026-track3-sys018-utt040.wav,wav/vmc2026-track3-sys019-utt039.wav,3.6106706035667555
sys002,utt150,wav/vmc2026-track3-sys002-utt150.wav,wav/vmc2026-track3-sys019-utt149.wav,4.134276954944664
sys006,utt292,wav/vmc2026-track3-sys006-utt292.wav,wav/vmc2026-track3-sys019-utt291.wav,4.324795891288426
sys014,utt272,wav/vmc2026-track3-sys014-utt272.wav,wav/vmc2026-track3-sys019-utt271.wav,4.422339710857195
sys023,utt288,wav/vmc2026-track3-sys023-utt288.wav,wav/vmc2026-track3-sys019-utt287.wav,4.59066480010634
sys002,utt082,wav/vmc2026-track3-sys002-utt082.wav,wav/vmc2026-track3-sys019-utt081.wav,4.325260138241562
sys024,utt108,wav/vmc2026-track3-sys024-utt108.wav,wav/vmc2026-track3-sys019-utt107.wav,4.236546144103944
sys002,utt314,wav/vmc2026-track3-sys002-utt314.wav,wav/vmc2026-track3-sys019-utt313.wav,4.290882732791329
sys011,utt316,wav/vmc2026-track3-sys011-utt316.wav,wav/vmc2026-track3-sys019-utt315.wav,4.220522259966951
sys010,utt224,wav/vmc2026-track3-sys010-utt224.wav,wav/vmc2026-track3-sys019-utt223.wav,3.903231380677431
sys017,utt248,wav/vmc2026-track3-sys017-utt248.wav,wav/vmc2026-track3-sys019-utt247.wav,4.413064614575125
sys022,utt124,wav/vmc2026-track3-sys022-utt124.wav,wav/vmc2026-track3-sys019-utt123.wav,3.9737149243493453
sys024,utt102,wav/vmc2026-track3-sys024-utt102.wav,wav/vmc2026-track3-sys019-utt101.wav,4.080387787438056
sys007,utt012,wav/vmc2026-track3-sys007-utt012.wav,wav/vmc2026-track3-sys019-utt011.wav,3.769962663157906
sys001,utt180,wav/vmc2026-track3-sys001-utt180.wav,wav/vmc2026-track3-sys019-utt179.wav,3.861659265776086
sys025,utt042,wav/vmc2026-track3-sys025-utt042.wav,wav/vmc2026-track3-sys019-utt041.wav,3.3961612399895875
sys001,utt062,wav/vmc2026-track3-sys001-utt062.wav,wav/vmc2026-track3-sys019-utt061.wav,3.975304704116896
sys024,utt012,wav/vmc2026-track3-sys024-utt012.wav,wav/vmc2026-track3-sys019-utt011.wav,4.134156531206768
sys024,utt312,wav/vmc2026-track3-sys024-utt312.wav,wav/vmc2026-track3-sys019-utt311.wav,4.138597849109898
sys016,utt134,wav/vmc2026-track3-sys016-utt134.wav,wav/vmc2026-track3-sys019-utt133.wav,3.667481677952331
sys014,utt130,wav/vmc2026-track3-sys014-utt130.wav,wav/vmc2026-track3-sys019-utt129.wav,4.423719651110311
sys020,utt208,wav/vmc2026-track3-sys020-utt208.wav,wav/vmc2026-track3-sys019-utt207.wav,3.3210060284847045
sys020,utt038,wav/vmc2026-track3-sys020-utt038.wav,wav/vmc2026-track3-sys019-utt037.wav,3.6099528155156904
sys010,utt198,wav/vmc2026-track3-sys010-utt198.wav,wav/vmc2026-track3-sys019-utt197.wav,4.258262257504534
sys023,utt182,wav/vmc2026-track3-sys023-utt182.wav,wav/vmc2026-track3-sys019-utt181.wav,4.414697671157551
sys005,utt194,wav/vmc2026-track3-sys005-utt194.wav,wav/vmc2026-track3-sys019-utt193.wav,3.6985091092736466
sys007,utt178,wav/vmc2026-track3-sys007-utt178.wav,wav/vmc2026-track3-sys019-utt177.wav,3.7526638851999943
sys011,utt120,wav/vmc2026-track3-sys011-utt120.wav,wav/vmc2026-track3-sys019-utt119.wav,4.365547273432935
sys018,utt290,wav/vmc2026-track3-sys018-utt290.wav,wav/vmc2026-track3-sys019-utt289.wav,3.1897031779014027
sys010,utt316,wav/vmc2026-track3-sys010-utt316.wav,wav/vmc2026-track3-sys019-utt315.wav,3.674245541823756
sys010,utt310,wav/vmc2026-track3-sys010-utt310.wav,wav/vmc2026-track3-sys019-utt309.wav,3.9183400017301007
sys018,utt298,wav/vmc2026-track3-sys018-utt298.wav,wav/vmc2026-track3-sys019-utt297.wav,3.4658548802317863
sys005,utt238,wav/vmc2026-track3-sys005-utt238.wav,wav/vmc2026-track3-sys019-utt237.wav,3.9477778944918542
sys022,utt032,wav/vmc2026-track3-sys022-utt032.wav,wav/vmc2026-track3-sys019-utt031.wav,3.9546048104315026
sys026,utt246,wav/vmc2026-track3-sys026-utt246.wav,wav/vmc2026-track3-sys019-utt245.wav,3.9129906793343388
sys002,utt138,wav/vmc2026-track3-sys002-utt138.wav,wav/vmc2026-track3-sys019-utt137.wav,4.3315034140315865
sys005,utt174,wav/vmc2026-track3-sys005-utt174.wav,wav/vmc2026-track3-sys019-utt173.wav,3.4044947371643888
sys018,utt080,wav/vmc2026-track3-sys018-utt080.wav,wav/vmc2026-track3-sys019-utt079.wav,3.8397833097326255
sys026,utt116,wav/vmc2026-track3-sys026-utt116.wav,wav/vmc2026-track3-sys019-utt115.wav,3.9894837401774135
sys016,utt036,wav/vmc2026-track3-sys016-utt036.wav,wav/vmc2026-track3-sys019-utt035.wav,3.8474370405646763
sys022,utt158,wav/vmc2026-track3-sys022-utt158.wav,wav/vmc2026-track3-sys019-utt157.wav,3.8681737691877767
sys007,utt050,wav/vmc2026-track3-sys007-utt050.wav,wav/vmc2026-track3-sys019-utt049.wav,3.717542535447711
sys001,utt028,wav/vmc2026-track3-sys001-utt028.wav,wav/vmc2026-track3-sys019-utt027.wav,3.8432877206685627
sys020,utt046,wav/vmc2026-track3-sys020-utt046.wav,wav/vmc2026-track3-sys019-utt045.wav,3.299948490217939
sys026,utt160,wav/vmc2026-track3-sys026-utt160.wav,wav/vmc2026-track3-sys019-utt159.wav,4.3508243311672805
sys022,utt064,wav/vmc2026-track3-sys022-utt064.wav,wav/vmc2026-track3-sys019-utt063.wav,4.003422035351911
sys009,utt130,wav/vmc2026-track3-sys009-utt130.wav,wav/vmc2026-track3-sys019-utt129.wav,4.407688901789221
sys005,utt306,wav/vmc2026-track3-sys005-utt306.wav,wav/vmc2026-track3-sys019-utt305.wav,3.9671245142418585
sys007,utt242,wav/vmc2026-track3-sys007-utt242.wav,wav/vmc2026-track3-sys019-utt241.wav,3.481863021354317
sys002,utt076,wav/vmc2026-track3-sys002-utt076.wav,wav/vmc2026-track3-sys019-utt075.wav,4.668150902192359
sys024,utt284,wav/vmc2026-track3-sys024-utt284.wav,wav/vmc2026-track3-sys019-utt283.wav,4.372085983333384
sys018,utt294,wav/vmc2026-track3-sys018-utt294.wav,wav/vmc2026-track3-sys019-utt293.wav,3.156189670894787
sys020,utt062,wav/vmc2026-track3-sys020-utt062.wav,wav/vmc2026-track3-sys019-utt061.wav,3.519034783435252
sys005,utt204,wav/vmc2026-track3-sys005-utt204.wav,wav/vmc2026-track3-sys019-utt203.wav,3.4803922104186307
sys026,utt208,wav/vmc2026-track3-sys026-utt208.wav,wav/vmc2026-track3-sys019-utt207.wav,3.98057014037165
sys010,utt022,wav/vmc2026-track3-sys010-utt022.wav,wav/vmc2026-track3-sys019-utt021.wav,4.104371968927329
sys001,utt132,wav/vmc2026-track3-sys001-utt132.wav,wav/vmc2026-track3-sys019-utt131.wav,3.9716558944171623
sys018,utt154,wav/vmc2026-track3-sys018-utt154.wav,wav/vmc2026-track3-sys019-utt153.wav,3.9448889781778385
sys023,utt156,wav/vmc2026-track3-sys023-utt156.wav,wav/vmc2026-track3-sys019-utt155.wav,4.528079270196475
sys012,utt288,wav/vmc2026-track3-sys012-utt288.wav,wav/vmc2026-track3-sys019-utt287.wav,4.026470106404573
sys008,utt144,wav/vmc2026-track3-sys008-utt144.wav,wav/vmc2026-track3-sys019-utt143.wav,4.317411694074503
sys002,utt198,wav/vmc2026-track3-sys002-utt198.wav,wav/vmc2026-track3-sys019-utt197.wav,4.898427932791155
sys013,utt046,wav/vmc2026-track3-sys013-utt046.wav,wav/vmc2026-track3-sys019-utt045.wav,3.9872359814273586
sys008,utt146,wav/vmc2026-track3-sys008-utt146.wav,wav/vmc2026-track3-sys019-utt145.wav,4.483178096365305
sys008,utt004,wav/vmc2026-track3-sys008-utt004.wav,wav/vmc2026-track3-sys019-utt003.wav,4.545508395720512
sys001,utt218,wav/vmc2026-track3-sys001-utt218.wav,wav/vmc2026-track3-sys019-utt217.wav,4.4447179593499495
sys012,utt090,wav/vmc2026-track3-sys012-utt090.wav,wav/vmc2026-track3-sys019-utt089.wav,3.993113427474851
sys008,utt158,wav/vmc2026-track3-sys008-utt158.wav,wav/vmc2026-track3-sys019-utt157.wav,4.630711595740549
sys023,utt196,wav/vmc2026-track3-sys023-utt196.wav,wav/vmc2026-track3-sys019-utt195.wav,4.401599403483855
sys011,utt198,wav/vmc2026-track3-sys011-utt198.wav,wav/vmc2026-track3-sys019-utt197.wav,4.494042655404703
sys008,utt302,wav/vmc2026-track3-sys008-utt302.wav,wav/vmc2026-track3-sys019-utt301.wav,4.740912658122894
sys026,utt222,wav/vmc2026-track3-sys026-utt222.wav,wav/vmc2026-track3-sys019-utt221.wav,4.045281449310974
sys026,utt090,wav/vmc2026-track3-sys026-utt090.wav,wav/vmc2026-track3-sys019-utt089.wav,4.361726339244522
sys014,utt160,wav/vmc2026-track3-sys014-utt160.wav,wav/vmc2026-track3-sys019-utt159.wav,4.530847386543435
sys010,utt064,wav/vmc2026-track3-sys010-utt064.wav,wav/vmc2026-track3-sys019-utt063.wav,4.095830234919546
sys012,utt018,wav/vmc2026-track3-sys012-utt018.wav,wav/vmc2026-track3-sys019-utt017.wav,4.338461129851179
sys006,utt200,wav/vmc2026-track3-sys006-utt200.wav,wav/vmc2026-track3-sys019-utt199.wav,4.581959824001871
sys018,utt312,wav/vmc2026-track3-sys018-utt312.wav,wav/vmc2026-track3-sys019-utt311.wav,4.011818260375996
sys026,utt186,wav/vmc2026-track3-sys026-utt186.wav,wav/vmc2026-track3-sys019-utt185.wav,4.374859432782456
sys023,utt246,wav/vmc2026-track3-sys023-utt246.wav,wav/vmc2026-track3-sys019-utt245.wav,4.458782204313374
sys010,utt006,wav/vmc2026-track3-sys010-utt006.wav,wav/vmc2026-track3-sys019-utt005.wav,3.9571493828992432
sys001,utt110,wav/vmc2026-track3-sys001-utt110.wav,wav/vmc2026-track3-sys019-utt109.wav,3.634779260797329
sys014,utt236,wav/vmc2026-track3-sys014-utt236.wav,wav/vmc2026-track3-sys019-utt235.wav,4.300492265118217
sys012,utt272,wav/vmc2026-track3-sys012-utt272.wav,wav/vmc2026-track3-sys019-utt271.wav,3.8894380650897014
sys002,utt204,wav/vmc2026-track3-sys002-utt204.wav,wav/vmc2026-track3-sys019-utt203.wav,4.427529823001266
sys007,utt298,wav/vmc2026-track3-sys007-utt298.wav,wav/vmc2026-track3-sys019-utt297.wav,3.359717282799365
sys016,utt106,wav/vmc2026-track3-sys016-utt106.wav,wav/vmc2026-track3-sys019-utt105.wav,3.5987760446914905
sys008,utt014,wav/vmc2026-track3-sys008-utt014.wav,wav/vmc2026-track3-sys019-utt013.wav,4.536784505822848
sys025,utt082,wav/vmc2026-track3-sys025-utt082.wav,wav/vmc2026-track3-sys019-utt081.wav,3.499786428918113
sys006,utt300,wav/vmc2026-track3-sys006-utt300.wav,wav/vmc2026-track3-sys019-utt299.wav,4.462122255906817
sys025,utt286,wav/vmc2026-track3-sys025-utt286.wav,wav/vmc2026-track3-sys019-utt285.wav,3.765052371217088
sys017,utt284,wav/vmc2026-track3-sys017-utt284.wav,wav/vmc2026-track3-sys019-utt283.wav,4.540222854885432
sys006,utt182,wav/vmc2026-track3-sys006-utt182.wav,wav/vmc2026-track3-sys019-utt181.wav,4.105515186730172
sys012,utt178,wav/vmc2026-track3-sys012-utt178.wav,wav/vmc2026-track3-sys019-utt177.wav,3.7380343203975097
sys016,utt070,wav/vmc2026-track3-sys016-utt070.wav,wav/vmc2026-track3-sys019-utt069.wav,3.7859175956382902
sys006,utt122,wav/vmc2026-track3-sys006-utt122.wav,wav/vmc2026-track3-sys019-utt121.wav,4.59992683423556
sys011,utt298,wav/vmc2026-track3-sys011-utt298.wav,wav/vmc2026-track3-sys019-utt297.wav,4.392974578201059
sys006,utt026,wav/vmc2026-track3-sys006-utt026.wav,wav/vmc2026-track3-sys019-utt025.wav,4.319725798243519
sys012,utt116,wav/vmc2026-track3-sys012-utt116.wav,wav/vmc2026-track3-sys019-utt115.wav,4.222227927448048
sys023,utt248,wav/vmc2026-track3-sys023-utt248.wav,wav/vmc2026-track3-sys019-utt247.wav,4.566838628789713
sys018,utt288,wav/vmc2026-track3-sys018-utt288.wav,wav/vmc2026-track3-sys019-utt287.wav,3.5402342204741295
sys012,utt198,wav/vmc2026-track3-sys012-utt198.wav,wav/vmc2026-track3-sys019-utt197.wav,4.1710439634634895
sys014,utt192,wav/vmc2026-track3-sys014-utt192.wav,wav/vmc2026-track3-sys019-utt191.wav,4.439616455059399
sys017,utt242,wav/vmc2026-track3-sys017-utt242.wav,wav/vmc2026-track3-sys019-utt241.wav,4.099148938526162
sys010,utt210,wav/vmc2026-track3-sys010-utt210.wav,wav/vmc2026-track3-sys019-utt209.wav,3.9295600891008444
sys024,utt134,wav/vmc2026-track3-sys024-utt134.wav,wav/vmc2026-track3-sys019-utt133.wav,3.8121297042746556
sys013,utt090,wav/vmc2026-track3-sys013-utt090.wav,wav/vmc2026-track3-sys019-utt089.wav,3.7466298947914582
sys006,utt160,wav/vmc2026-track3-sys006-utt160.wav,wav/vmc2026-track3-sys019-utt159.wav,4.469014588772754
sys020,utt276,wav/vmc2026-track3-sys020-utt276.wav,wav/vmc2026-track3-sys019-utt275.wav,3.320619810044951
sys017,utt214,wav/vmc2026-track3-sys017-utt214.wav,wav/vmc2026-track3-sys019-utt213.wav,4.329218274707667
sys016,utt286,wav/vmc2026-track3-sys016-utt286.wav,wav/vmc2026-track3-sys019-utt285.wav,3.9128508646022464
sys013,utt138,wav/vmc2026-track3-sys013-utt138.wav,wav/vmc2026-track3-sys019-utt137.wav,4.038698112217293
sys024,utt264,wav/vmc2026-track3-sys024-utt264.wav,wav/vmc2026-track3-sys019-utt263.wav,4.205298736725223
sys024,utt114,wav/vmc2026-track3-sys024-utt114.wav,wav/vmc2026-track3-sys019-utt113.wav,4.050750511354533
sys024,utt206,wav/vmc2026-track3-sys024-utt206.wav,wav/vmc2026-track3-sys019-utt205.wav,3.9365212694302336
sys014,utt084,wav/vmc2026-track3-sys014-utt084.wav,wav/vmc2026-track3-sys019-utt083.wav,4.38892625668022
sys006,utt042,wav/vmc2026-track3-sys006-utt042.wav,wav/vmc2026-track3-sys019-utt041.wav,4.295017381580321
sys010,utt250,wav/vmc2026-track3-sys010-utt250.wav,wav/vmc2026-track3-sys019-utt249.wav,4.071844156922156
sys026,utt232,wav/vmc2026-track3-sys026-utt232.wav,wav/vmc2026-track3-sys019-utt231.wav,4.3025185972585565
sys025,utt298,wav/vmc2026-track3-sys025-utt298.wav,wav/vmc2026-track3-sys019-utt297.wav,3.7370628271768975
sys026,utt270,wav/vmc2026-track3-sys026-utt270.wav,wav/vmc2026-track3-sys019-utt269.wav,4.216117723068807
sys002,utt086,wav/vmc2026-track3-sys002-utt086.wav,wav/vmc2026-track3-sys019-utt085.wav,4.322955243603092
sys022,utt202,wav/vmc2026-track3-sys022-utt202.wav,wav/vmc2026-track3-sys019-utt201.wav,3.6362691829740426
sys008,utt228,wav/vmc2026-track3-sys008-utt228.wav,wav/vmc2026-track3-sys019-utt227.wav,4.45093503731339
sys013,utt244,wav/vmc2026-track3-sys013-utt244.wav,wav/vmc2026-track3-sys019-utt243.wav,4.4891709065561045
sys020,utt078,wav/vmc2026-track3-sys020-utt078.wav,wav/vmc2026-track3-sys019-utt077.wav,3.438730944616346
sys010,utt286,wav/vmc2026-track3-sys010-utt286.wav,wav/vmc2026-track3-sys019-utt285.wav,4.01243864016339
sys010,utt148,wav/vmc2026-track3-sys010-utt148.wav,wav/vmc2026-track3-sys019-utt147.wav,3.937191078296214
sys002,utt304,wav/vmc2026-track3-sys002-utt304.wav,wav/vmc2026-track3-sys019-utt303.wav,4.407209452136031
sys008,utt038,wav/vmc2026-track3-sys008-utt038.wav,wav/vmc2026-track3-sys019-utt037.wav,4.469573610275031
sys018,utt084,wav/vmc2026-track3-sys018-utt084.wav,wav/vmc2026-track3-sys019-utt083.wav,2.634698201140112
sys009,utt044,wav/vmc2026-track3-sys009-utt044.wav,wav/vmc2026-track3-sys019-utt043.wav,4.594118440864419
sys023,utt282,wav/vmc2026-track3-sys023-utt282.wav,wav/vmc2026-track3-sys019-utt281.wav,4.749738036896852
sys014,utt062,wav/vmc2026-track3-sys014-utt062.wav,wav/vmc2026-track3-sys019-utt061.wav,4.178270346981282
sys017,utt018,wav/vmc2026-track3-sys017-utt018.wav,wav/vmc2026-track3-sys019-utt017.wav,4.229913423456129
sys022,utt136,wav/vmc2026-track3-sys022-utt136.wav,wav/vmc2026-track3-sys019-utt135.wav,3.4246344758130585
sys018,utt234,wav/vmc2026-track3-sys018-utt234.wav,wav/vmc2026-track3-sys019-utt233.wav,3.511857881868406
sys014,utt212,wav/vmc2026-track3-sys014-utt212.wav,wav/vmc2026-track3-sys019-utt211.wav,4.446476196640242
sys024,utt236,wav/vmc2026-track3-sys024-utt236.wav,wav/vmc2026-track3-sys019-utt235.wav,4.212661297296022
sys009,utt118,wav/vmc2026-track3-sys009-utt118.wav,wav/vmc2026-track3-sys019-utt117.wav,4.134228594111246
sys006,utt220,wav/vmc2026-track3-sys006-utt220.wav,wav/vmc2026-track3-sys019-utt219.wav,4.236675868939501
sys012,utt292,wav/vmc2026-track3-sys012-utt292.wav,wav/vmc2026-track3-sys019-utt291.wav,4.010503771017188
sys013,utt086,wav/vmc2026-track3-sys013-utt086.wav,wav/vmc2026-track3-sys019-utt085.wav,4.217785728380618
sys012,utt216,wav/vmc2026-track3-sys012-utt216.wav,wav/vmc2026-track3-sys019-utt215.wav,4.199460679832458
sys020,utt232,wav/vmc2026-track3-sys020-utt232.wav,wav/vmc2026-track3-sys019-utt231.wav,3.4369764538046415
sys007,utt174,wav/vmc2026-track3-sys007-utt174.wav,wav/vmc2026-track3-sys019-utt173.wav,3.869351029718432
sys016,utt228,wav/vmc2026-track3-sys016-utt228.wav,wav/vmc2026-track3-sys019-utt227.wav,4.00662231002613
sys025,utt010,wav/vmc2026-track3-sys025-utt010.wav,wav/vmc2026-track3-sys019-utt009.wav,3.7302554500878164
sys014,utt158,wav/vmc2026-track3-sys014-utt158.wav,wav/vmc2026-track3-sys019-utt157.wav,4.3627752849577455
sys002,utt178,wav/vmc2026-track3-sys002-utt178.wav,wav/vmc2026-track3-sys019-utt177.wav,4.212326662485353
sys025,utt032,wav/vmc2026-track3-sys025-utt032.wav,wav/vmc2026-track3-sys019-utt031.wav,4.25392005794322
sys001,utt232,wav/vmc2026-track3-sys001-utt232.wav,wav/vmc2026-track3-sys019-utt231.wav,3.9799591398014673
sys026,utt008,wav/vmc2026-track3-sys026-utt008.wav,wav/vmc2026-track3-sys019-utt007.wav,3.6310628394108075
sys005,utt300,wav/vmc2026-track3-sys005-utt300.wav,wav/vmc2026-track3-sys019-utt299.wav,3.6230718871085377
sys001,utt102,wav/vmc2026-track3-sys001-utt102.wav,wav/vmc2026-track3-sys019-utt101.wav,3.9681759777442034
sys026,utt236,wav/vmc2026-track3-sys026-utt236.wav,wav/vmc2026-track3-sys019-utt235.wav,4.030108431613166
sys020,utt048,wav/vmc2026-track3-sys020-utt048.wav,wav/vmc2026-track3-sys019-utt047.wav,3.4744952827701416
sys012,utt128,wav/vmc2026-track3-sys012-utt128.wav,wav/vmc2026-track3-sys019-utt127.wav,4.0440187713591325
sys013,utt206,wav/vmc2026-track3-sys013-utt206.wav,wav/vmc2026-track3-sys019-utt205.wav,3.995845741236442
sys013,utt118,wav/vmc2026-track3-sys013-utt118.wav,wav/vmc2026-track3-sys019-utt117.wav,3.823215757009925
sys009,utt176,wav/vmc2026-track3-sys009-utt176.wav,wav/vmc2026-track3-sys019-utt175.wav,4.412160247299752
sys014,utt222,wav/vmc2026-track3-sys014-utt222.wav,wav/vmc2026-track3-sys019-utt221.wav,4.216011895535335
sys002,utt142,wav/vmc2026-track3-sys002-utt142.wav,wav/vmc2026-track3-sys019-utt141.wav,4.299815096910165
sys011,utt110,wav/vmc2026-track3-sys011-utt110.wav,wav/vmc2026-track3-sys019-utt109.wav,4.22787163396495
sys011,utt008,wav/vmc2026-track3-sys011-utt008.wav,wav/vmc2026-track3-sys019-utt007.wav,4.500430646317048
sys024,utt280,wav/vmc2026-track3-sys024-utt280.wav,wav/vmc2026-track3-sys019-utt279.wav,4.016881733852273
sys014,utt042,wav/vmc2026-track3-sys014-utt042.wav,wav/vmc2026-track3-sys019-utt041.wav,4.276574436732691
sys024,utt282,wav/vmc2026-track3-sys024-utt282.wav,wav/vmc2026-track3-sys019-utt281.wav,4.074831390157696
sys008,utt194,wav/vmc2026-track3-sys008-utt194.wav,wav/vmc2026-track3-sys019-utt193.wav,4.79853791274986
sys020,utt016,wav/vmc2026-track3-sys020-utt016.wav,wav/vmc2026-track3-sys019-utt015.wav,3.2254127873646787
sys009,utt194,wav/vmc2026-track3-sys009-utt194.wav,wav/vmc2026-track3-sys019-utt193.wav,4.6574031746065225
sys008,utt242,wav/vmc2026-track3-sys008-utt242.wav,wav/vmc2026-track3-sys019-utt241.wav,4.847710513044521
sys001,utt202,wav/vmc2026-track3-sys001-utt202.wav,wav/vmc2026-track3-sys019-utt201.wav,3.7880010789004954
sys020,utt156,wav/vmc2026-track3-sys020-utt156.wav,wav/vmc2026-track3-sys019-utt155.wav,3.9009200275553675
sys012,utt126,wav/vmc2026-track3-sys012-utt126.wav,wav/vmc2026-track3-sys019-utt125.wav,3.8226873974351254
sys009,utt234,wav/vmc2026-track3-sys009-utt234.wav,wav/vmc2026-track3-sys019-utt233.wav,4.036709655169825
sys022,utt138,wav/vmc2026-track3-sys022-utt138.wav,wav/vmc2026-track3-sys019-utt137.wav,3.351783502265322
sys009,utt158,wav/vmc2026-track3-sys009-utt158.wav,wav/vmc2026-track3-sys019-utt157.wav,4.579489385526116
sys008,utt080,wav/vmc2026-track3-sys008-utt080.wav,wav/vmc2026-track3-sys019-utt079.wav,4.540406115626992
sys005,utt124,wav/vmc2026-track3-sys005-utt124.wav,wav/vmc2026-track3-sys019-utt123.wav,3.5333336541761557
sys012,utt302,wav/vmc2026-track3-sys012-utt302.wav,wav/vmc2026-track3-sys019-utt301.wav,3.832298145385578
sys023,utt268,wav/vmc2026-track3-sys023-utt268.wav,wav/vmc2026-track3-sys019-utt267.wav,4.083157556269646
sys025,utt118,wav/vmc2026-track3-sys025-utt118.wav,wav/vmc2026-track3-sys019-utt117.wav,3.5198902832478876
sys001,utt300,wav/vmc2026-track3-sys001-utt300.wav,wav/vmc2026-track3-sys019-utt299.wav,4.097437265466372
sys026,utt276,wav/vmc2026-track3-sys026-utt276.wav,wav/vmc2026-track3-sys019-utt275.wav,3.7462121305923564
sys023,utt112,wav/vmc2026-track3-sys023-utt112.wav,wav/vmc2026-track3-sys019-utt111.wav,4.210724303103545
sys023,utt296,wav/vmc2026-track3-sys023-utt296.wav,wav/vmc2026-track3-sys019-utt295.wav,4.596332162928368
sys009,utt290,wav/vmc2026-track3-sys009-utt290.wav,wav/vmc2026-track3-sys019-utt289.wav,4.3298735987093195
sys025,utt108,wav/vmc2026-track3-sys025-utt108.wav,wav/vmc2026-track3-sys019-utt107.wav,3.636223509915095
sys008,utt198,wav/vmc2026-track3-sys008-utt198.wav,wav/vmc2026-track3-sys019-utt197.wav,4.683547604179123
sys001,utt236,wav/vmc2026-track3-sys001-utt236.wav,wav/vmc2026-track3-sys019-utt235.wav,3.8407970606396553
sys009,utt024,wav/vmc2026-track3-sys009-utt024.wav,wav/vmc2026-track3-sys019-utt023.wav,4.655791365618935
sys002,utt014,wav/vmc2026-track3-sys002-utt014.wav,wav/vmc2026-track3-sys019-utt013.wav,4.549764442111929
sys018,utt146,wav/vmc2026-track3-sys018-utt146.wav,wav/vmc2026-track3-sys019-utt145.wav,3.40899101059448
sys020,utt204,wav/vmc2026-track3-sys020-utt204.wav,wav/vmc2026-track3-sys019-utt203.wav,3.439128013796684
sys008,utt082,wav/vmc2026-track3-sys008-utt082.wav,wav/vmc2026-track3-sys019-utt081.wav,4.682740134516653
sys001,utt308,wav/vmc2026-track3-sys001-utt308.wav,wav/vmc2026-track3-sys019-utt307.wav,3.831965078943832
sys005,utt196,wav/vmc2026-track3-sys005-utt196.wav,wav/vmc2026-track3-sys019-utt195.wav,3.6433112584536267
sys022,utt318,wav/vmc2026-track3-sys022-utt318.wav,wav/vmc2026-track3-sys019-utt317.wav,3.677316131087577
sys005,utt044,wav/vmc2026-track3-sys005-utt044.wav,wav/vmc2026-track3-sys019-utt043.wav,3.60303517014644
sys001,utt316,wav/vmc2026-track3-sys001-utt316.wav,wav/vmc2026-track3-sys019-utt315.wav,3.9966207772628217
sys007,utt280,wav/vmc2026-track3-sys007-utt280.wav,wav/vmc2026-track3-sys019-utt279.wav,3.978332097596103
sys009,utt228,wav/vmc2026-track3-sys009-utt228.wav,wav/vmc2026-track3-sys019-utt227.wav,4.642301807055455
sys024,utt178,wav/vmc2026-track3-sys024-utt178.wav,wav/vmc2026-track3-sys019-utt177.wav,4.134648944665823
sys008,utt012,wav/vmc2026-track3-sys008-utt012.wav,wav/vmc2026-track3-sys019-utt011.wav,4.692590023220849
sys018,utt250,wav/vmc2026-track3-sys018-utt250.wav,wav/vmc2026-track3-sys019-utt249.wav,3.9664898570720677
sys005,utt062,wav/vmc2026-track3-sys005-utt062.wav,wav/vmc2026-track3-sys019-utt061.wav,3.955697360510832
sys017,utt282,wav/vmc2026-track3-sys017-utt282.wav,wav/vmc2026-track3-sys019-utt281.wav,4.298144888243762
sys018,utt038,wav/vmc2026-track3-sys018-utt038.wav,wav/vmc2026-track3-sys019-utt037.wav,3.7340367745886835
sys026,utt146,wav/vmc2026-track3-sys026-utt146.wav,wav/vmc2026-track3-sys019-utt145.wav,3.758474920483438
sys017,utt074,wav/vmc2026-track3-sys017-utt074.wav,wav/vmc2026-track3-sys019-utt073.wav,3.821255780942961
sys018,utt278,wav/vmc2026-track3-sys018-utt278.wav,wav/vmc2026-track3-sys019-utt277.wav,3.6517645924247377
sys022,utt132,wav/vmc2026-track3-sys022-utt132.wav,wav/vmc2026-track3-sys019-utt131.wav,3.592679283528438
sys025,utt182,wav/vmc2026-track3-sys025-utt182.wav,wav/vmc2026-track3-sys019-utt181.wav,3.582771828968605
sys014,utt216,wav/vmc2026-track3-sys014-utt216.wav,wav/vmc2026-track3-sys019-utt215.wav,4.570767940314656
sys017,utt310,wav/vmc2026-track3-sys017-utt310.wav,wav/vmc2026-track3-sys019-utt309.wav,4.203598001703402
sys023,utt022,wav/vmc2026-track3-sys023-utt022.wav,wav/vmc2026-track3-sys019-utt021.wav,4.493635046933482
sys007,utt132,wav/vmc2026-track3-sys007-utt132.wav,wav/vmc2026-track3-sys019-utt131.wav,3.6184061417645186
sys024,utt232,wav/vmc2026-track3-sys024-utt232.wav,wav/vmc2026-track3-sys019-utt231.wav,4.018914661960022
sys009,utt088,wav/vmc2026-track3-sys009-utt088.wav,wav/vmc2026-track3-sys019-utt087.wav,4.487942917714216
sys013,utt124,wav/vmc2026-track3-sys013-utt124.wav,wav/vmc2026-track3-sys019-utt123.wav,4.083505713769137
sys026,utt316,wav/vmc2026-track3-sys026-utt316.wav,wav/vmc2026-track3-sys019-utt315.wav,4.179352377565632
sys026,utt134,wav/vmc2026-track3-sys026-utt134.wav,wav/vmc2026-track3-sys019-utt133.wav,3.6146711080985456
sys026,utt206,wav/vmc2026-track3-sys026-utt206.wav,wav/vmc2026-track3-sys019-utt205.wav,3.757003228902089
sys010,utt036,wav/vmc2026-track3-sys010-utt036.wav,wav/vmc2026-track3-sys019-utt035.wav,4.042564347498947
sys010,utt126,wav/vmc2026-track3-sys010-utt126.wav,wav/vmc2026-track3-sys019-utt125.wav,4.245897192930468
sys001,utt290,wav/vmc2026-track3-sys001-utt290.wav,wav/vmc2026-track3-sys019-utt289.wav,3.7238454680482667
sys016,utt068,wav/vmc2026-track3-sys016-utt068.wav,wav/vmc2026-track3-sys019-utt067.wav,3.8390149242597493
sys017,utt160,wav/vmc2026-track3-sys017-utt160.wav,wav/vmc2026-track3-sys019-utt159.wav,4.2825310422438445
sys012,utt138,wav/vmc2026-track3-sys012-utt138.wav,wav/vmc2026-track3-sys019-utt137.wav,2.6100409119449037
sys024,utt196,wav/vmc2026-track3-sys024-utt196.wav,wav/vmc2026-track3-sys019-utt195.wav,3.972465265597233
sys026,utt030,wav/vmc2026-track3-sys026-utt030.wav,wav/vmc2026-track3-sys019-utt029.wav,4.08862831330663
sys006,utt014,wav/vmc2026-track3-sys006-utt014.wav,wav/vmc2026-track3-sys019-utt013.wav,4.204322632979738
sys023,utt298,wav/vmc2026-track3-sys023-utt298.wav,wav/vmc2026-track3-sys019-utt297.wav,4.061098313414492
sys008,utt280,wav/vmc2026-track3-sys008-utt280.wav,wav/vmc2026-track3-sys019-utt279.wav,4.790677856226549
sys008,utt122,wav/vmc2026-track3-sys008-utt122.wav,wav/vmc2026-track3-sys019-utt121.wav,4.724753065970607
sys017,utt044,wav/vmc2026-track3-sys017-utt044.wav,wav/vmc2026-track3-sys019-utt043.wav,4.234557892512116
sys008,utt292,wav/vmc2026-track3-sys008-utt292.wav,wav/vmc2026-track3-sys019-utt291.wav,4.8983409502700574
sys011,utt156,wav/vmc2026-track3-sys011-utt156.wav,wav/vmc2026-track3-sys019-utt155.wav,4.507301160616082
sys010,utt110,wav/vmc2026-track3-sys010-utt110.wav,wav/vmc2026-track3-sys019-utt109.wav,3.7209372797094455
sys018,utt020,wav/vmc2026-track3-sys018-utt020.wav,wav/vmc2026-track3-sys019-utt019.wav,3.4265819693130055
sys013,utt026,wav/vmc2026-track3-sys013-utt026.wav,wav/vmc2026-track3-sys019-utt025.wav,3.999143930361473
sys013,utt212,wav/vmc2026-track3-sys013-utt212.wav,wav/vmc2026-track3-sys019-utt211.wav,3.98605321072791
sys025,utt086,wav/vmc2026-track3-sys025-utt086.wav,wav/vmc2026-track3-sys019-utt085.wav,3.9255357660306722
sys024,utt234,wav/vmc2026-track3-sys024-utt234.wav,wav/vmc2026-track3-sys019-utt233.wav,3.5492580289746565
sys022,utt006,wav/vmc2026-track3-sys022-utt006.wav,wav/vmc2026-track3-sys019-utt005.wav,3.7640568848693587
sys011,utt182,wav/vmc2026-track3-sys011-utt182.wav,wav/vmc2026-track3-sys019-utt181.wav,4.390570203594167
sys016,utt078,wav/vmc2026-track3-sys016-utt078.wav,wav/vmc2026-track3-sys019-utt077.wav,4.346845117086982
sys011,utt292,wav/vmc2026-track3-sys011-utt292.wav,wav/vmc2026-track3-sys019-utt291.wav,4.677252843143541
sys011,utt148,wav/vmc2026-track3-sys011-utt148.wav,wav/vmc2026-track3-sys019-utt147.wav,4.171134521457125
sys001,utt070,wav/vmc2026-track3-sys001-utt070.wav,wav/vmc2026-track3-sys019-utt069.wav,4.2241626139772475
sys001,utt306,wav/vmc2026-track3-sys001-utt306.wav,wav/vmc2026-track3-sys019-utt305.wav,4.129431091510568
sys009,utt264,wav/vmc2026-track3-sys009-utt264.wav,wav/vmc2026-track3-sys019-utt263.wav,4.493801253616199
sys006,utt270,wav/vmc2026-track3-sys006-utt270.wav,wav/vmc2026-track3-sys019-utt269.wav,4.598894162422751
sys022,utt226,wav/vmc2026-track3-sys022-utt226.wav,wav/vmc2026-track3-sys019-utt225.wav,3.6211586126240545
sys026,utt140,wav/vmc2026-track3-sys026-utt140.wav,wav/vmc2026-track3-sys019-utt139.wav,3.7156839019445793
sys008,utt036,wav/vmc2026-track3-sys008-utt036.wav,wav/vmc2026-track3-sys019-utt035.wav,4.839870356941479
sys026,utt012,wav/vmc2026-track3-sys026-utt012.wav,wav/vmc2026-track3-sys019-utt011.wav,4.160211967785591
sys026,utt150,wav/vmc2026-track3-sys026-utt150.wav,wav/vmc2026-track3-sys019-utt149.wav,3.901564948204161
sys026,utt074,wav/vmc2026-track3-sys026-utt074.wav,wav/vmc2026-track3-sys019-utt073.wav,3.9040789729988337
sys009,utt236,wav/vmc2026-track3-sys009-utt236.wav,wav/vmc2026-track3-sys019-utt235.wav,4.173136940207979
sys005,utt182,wav/vmc2026-track3-sys005-utt182.wav,wav/vmc2026-track3-sys019-utt181.wav,3.646410654137035
sys018,utt064,wav/vmc2026-track3-sys018-utt064.wav,wav/vmc2026-track3-sys019-utt063.wav,3.389808309303011
sys022,utt050,wav/vmc2026-track3-sys022-utt050.wav,wav/vmc2026-track3-sys019-utt049.wav,3.628924368904356
sys011,utt202,wav/vmc2026-track3-sys011-utt202.wav,wav/vmc2026-track3-sys019-utt201.wav,4.556651379135011
sys025,utt050,wav/vmc2026-track3-sys025-utt050.wav,wav/vmc2026-track3-sys019-utt049.wav,3.7937365355365915
sys022,utt274,wav/vmc2026-track3-sys022-utt274.wav,wav/vmc2026-track3-sys019-utt273.wav,4.073565687623866
sys012,utt030,wav/vmc2026-track3-sys012-utt030.wav,wav/vmc2026-track3-sys019-utt029.wav,4.4146763176427335
sys011,utt124,wav/vmc2026-track3-sys011-utt124.wav,wav/vmc2026-track3-sys019-utt123.wav,4.398319808417842
sys007,utt192,wav/vmc2026-track3-sys007-utt192.wav,wav/vmc2026-track3-sys019-utt191.wav,4.19156520214965
sys023,utt184,wav/vmc2026-track3-sys023-utt184.wav,wav/vmc2026-track3-sys019-utt183.wav,4.465487541254813
sys023,utt290,wav/vmc2026-track3-sys023-utt290.wav,wav/vmc2026-track3-sys019-utt289.wav,4.128197127563131
sys008,utt104,wav/vmc2026-track3-sys008-utt104.wav,wav/vmc2026-track3-sys019-utt103.wav,4.700494030267519
sys025,utt136,wav/vmc2026-track3-sys025-utt136.wav,wav/vmc2026-track3-sys019-utt135.wav,3.585480163182075
sys013,utt172,wav/vmc2026-track3-sys013-utt172.wav,wav/vmc2026-track3-sys019-utt171.wav,4.24691059822986
sys024,utt124,wav/vmc2026-track3-sys024-utt124.wav,wav/vmc2026-track3-sys019-utt123.wav,4.205728653364767
sys013,utt012,wav/vmc2026-track3-sys013-utt012.wav,wav/vmc2026-track3-sys019-utt011.wav,4.108781145899862
sys014,utt288,wav/vmc2026-track3-sys014-utt288.wav,wav/vmc2026-track3-sys019-utt287.wav,4.405931928414002
sys016,utt206,wav/vmc2026-track3-sys016-utt206.wav,wav/vmc2026-track3-sys019-utt205.wav,3.8849710289135864
sys024,utt246,wav/vmc2026-track3-sys024-utt246.wav,wav/vmc2026-track3-sys019-utt245.wav,4.265788717168056
sys017,utt082,wav/vmc2026-track3-sys017-utt082.wav,wav/vmc2026-track3-sys019-utt081.wav,4.1925358365455265
sys014,utt118,wav/vmc2026-track3-sys014-utt118.wav,wav/vmc2026-track3-sys019-utt117.wav,4.3067578284066785
sys025,utt026,wav/vmc2026-track3-sys025-utt026.wav,wav/vmc2026-track3-sys019-utt025.wav,3.83124649964187
sys017,utt316,wav/vmc2026-track3-sys017-utt316.wav,wav/vmc2026-track3-sys019-utt315.wav,4.097136770523579
sys020,utt310,wav/vmc2026-track3-sys020-utt310.wav,wav/vmc2026-track3-sys019-utt309.wav,3.3534093816019386
sys018,utt110,wav/vmc2026-track3-sys018-utt110.wav,wav/vmc2026-track3-sys019-utt109.wav,3.8997102305356317
sys014,utt028,wav/vmc2026-track3-sys014-utt028.wav,wav/vmc2026-track3-sys019-utt027.wav,4.349840071879093
sys026,utt266,wav/vmc2026-track3-sys026-utt266.wav,wav/vmc2026-track3-sys019-utt265.wav,3.7593604067688595
sys011,utt218,wav/vmc2026-track3-sys011-utt218.wav,wav/vmc2026-track3-sys019-utt217.wav,4.682104780194854
sys002,utt212,wav/vmc2026-track3-sys002-utt212.wav,wav/vmc2026-track3-sys019-utt211.wav,4.639792877027961
sys025,utt122,wav/vmc2026-track3-sys025-utt122.wav,wav/vmc2026-track3-sys019-utt121.wav,3.391282307034003
sys013,utt318,wav/vmc2026-track3-sys013-utt318.wav,wav/vmc2026-track3-sys019-utt317.wav,4.067012204247742
sys005,utt198,wav/vmc2026-track3-sys005-utt198.wav,wav/vmc2026-track3-sys019-utt197.wav,3.5450406426066303
sys009,utt280,wav/vmc2026-track3-sys009-utt280.wav,wav/vmc2026-track3-sys019-utt279.wav,4.643712480631992
sys016,utt304,wav/vmc2026-track3-sys016-utt304.wav,wav/vmc2026-track3-sys019-utt303.wav,3.7164795822946095
sys022,utt270,wav/vmc2026-track3-sys022-utt270.wav,wav/vmc2026-track3-sys019-utt269.wav,4.128889915826051
sys016,utt040,wav/vmc2026-track3-sys016-utt040.wav,wav/vmc2026-track3-sys019-utt039.wav,3.075008604007637
sys026,utt204,wav/vmc2026-track3-sys026-utt204.wav,wav/vmc2026-track3-sys019-utt203.wav,3.728245479950645
sys005,utt206,wav/vmc2026-track3-sys005-utt206.wav,wav/vmc2026-track3-sys019-utt205.wav,3.720980040486493
sys012,utt278,wav/vmc2026-track3-sys012-utt278.wav,wav/vmc2026-track3-sys019-utt277.wav,3.8455248129701096
sys007,utt008,wav/vmc2026-track3-sys007-utt008.wav,wav/vmc2026-track3-sys019-utt007.wav,3.6050554823549543
sys009,utt018,wav/vmc2026-track3-sys009-utt018.wav,wav/vmc2026-track3-sys019-utt017.wav,4.602560688985363
sys012,utt104,wav/vmc2026-track3-sys012-utt104.wav,wav/vmc2026-track3-sys019-utt103.wav,3.905085358476975
sys007,utt316,wav/vmc2026-track3-sys007-utt316.wav,wav/vmc2026-track3-sys019-utt315.wav,3.5161343418380606
sys025,utt062,wav/vmc2026-track3-sys025-utt062.wav,wav/vmc2026-track3-sys019-utt061.wav,3.548556411168894
sys022,utt200,wav/vmc2026-track3-sys022-utt200.wav,wav/vmc2026-track3-sys019-utt199.wav,4.160974507519024
sys001,utt238,wav/vmc2026-track3-sys001-utt238.wav,wav/vmc2026-track3-sys019-utt237.wav,4.0352046650726034
sys023,utt212,wav/vmc2026-track3-sys023-utt212.wav,wav/vmc2026-track3-sys019-utt211.wav,4.613490609891619
sys008,utt296,wav/vmc2026-track3-sys008-utt296.wav,wav/vmc2026-track3-sys019-utt295.wav,4.926096888377632
sys018,utt242,wav/vmc2026-track3-sys018-utt242.wav,wav/vmc2026-track3-sys019-utt241.wav,4.002130766409689
sys017,utt144,wav/vmc2026-track3-sys017-utt144.wav,wav/vmc2026-track3-sys019-utt143.wav,3.81439368045249
sys017,utt288,wav/vmc2026-track3-sys017-utt288.wav,wav/vmc2026-track3-sys019-utt287.wav,4.270286100675549
sys017,utt076,wav/vmc2026-track3-sys017-utt076.wav,wav/vmc2026-track3-sys019-utt075.wav,3.7932274981100935
sys007,utt006,wav/vmc2026-track3-sys007-utt006.wav,wav/vmc2026-track3-sys019-utt005.wav,3.6907454330170952
sys001,utt274,wav/vmc2026-track3-sys001-utt274.wav,wav/vmc2026-track3-sys019-utt273.wav,4.401976265407912
sys009,utt304,wav/vmc2026-track3-sys009-utt304.wav,wav/vmc2026-track3-sys019-utt303.wav,4.548411724345894
sys010,utt158,wav/vmc2026-track3-sys010-utt158.wav,wav/vmc2026-track3-sys019-utt157.wav,4.272380409991917
sys005,utt154,wav/vmc2026-track3-sys005-utt154.wav,wav/vmc2026-track3-sys019-utt153.wav,4.0442165449082
sys022,utt178,wav/vmc2026-track3-sys022-utt178.wav,wav/vmc2026-track3-sys019-utt177.wav,3.824977875233738
sys023,utt244,wav/vmc2026-track3-sys023-utt244.wav,wav/vmc2026-track3-sys019-utt243.wav,4.460400514534879
sys010,utt122,wav/vmc2026-track3-sys010-utt122.wav,wav/vmc2026-track3-sys019-utt121.wav,3.9117497010487723
sys026,utt248,wav/vmc2026-track3-sys026-utt248.wav,wav/vmc2026-track3-sys019-utt247.wav,4.0615878971578425
sys007,utt282,wav/vmc2026-track3-sys007-utt282.wav,wav/vmc2026-track3-sys019-utt281.wav,3.8460941504653214
sys008,utt244,wav/vmc2026-track3-sys008-utt244.wav,wav/vmc2026-track3-sys019-utt243.wav,5.0
sys001,utt284,wav/vmc2026-track3-sys001-utt284.wav,wav/vmc2026-track3-sys019-utt283.wav,3.8832739282263704
sys008,utt304,wav/vmc2026-track3-sys008-utt304.wav,wav/vmc2026-track3-sys019-utt303.wav,4.766968329391252
sys026,utt296,wav/vmc2026-track3-sys026-utt296.wav,wav/vmc2026-track3-sys019-utt295.wav,4.442422354465628
sys009,utt078,wav/vmc2026-track3-sys009-utt078.wav,wav/vmc2026-track3-sys019-utt077.wav,4.396602226146866
sys009,utt288,wav/vmc2026-track3-sys009-utt288.wav,wav/vmc2026-track3-sys019-utt287.wav,4.55918510362847
sys006,utt302,wav/vmc2026-track3-sys006-utt302.wav,wav/vmc2026-track3-sys019-utt301.wav,4.253195479222829
sys006,utt246,wav/vmc2026-track3-sys006-utt246.wav,wav/vmc2026-track3-sys019-utt245.wav,4.604554247290771
sys023,utt140,wav/vmc2026-track3-sys023-utt140.wav,wav/vmc2026-track3-sys019-utt139.wav,4.118039260984944
sys025,utt178,wav/vmc2026-track3-sys025-utt178.wav,wav/vmc2026-track3-sys019-utt177.wav,3.5679079887568377
sys001,utt002,wav/vmc2026-track3-sys001-utt002.wav,wav/vmc2026-track3-sys019-utt001.wav,3.9635373642194427
sys013,utt024,wav/vmc2026-track3-sys013-utt024.wav,wav/vmc2026-track3-sys019-utt023.wav,3.916006016754648
sys018,utt136,wav/vmc2026-track3-sys018-utt136.wav,wav/vmc2026-track3-sys019-utt135.wav,3.6893580849720187
sys022,utt070,wav/vmc2026-track3-sys022-utt070.wav,wav/vmc2026-track3-sys019-utt069.wav,4.04386399205511
sys024,utt238,wav/vmc2026-track3-sys024-utt238.wav,wav/vmc2026-track3-sys019-utt237.wav,3.930491678508287
sys013,utt032,wav/vmc2026-track3-sys013-utt032.wav,wav/vmc2026-track3-sys019-utt031.wav,4.131017452550432
sys014,utt136,wav/vmc2026-track3-sys014-utt136.wav,wav/vmc2026-track3-sys019-utt135.wav,4.401552825809721
sys025,utt078,wav/vmc2026-track3-sys025-utt078.wav,wav/vmc2026-track3-sys019-utt077.wav,3.84637892070989
sys013,utt192,wav/vmc2026-track3-sys013-utt192.wav,wav/vmc2026-track3-sys019-utt191.wav,3.9213622982991416
sys012,utt124,wav/vmc2026-track3-sys012-utt124.wav,wav/vmc2026-track3-sys019-utt123.wav,3.9952535450755926
sys020,utt194,wav/vmc2026-track3-sys020-utt194.wav,wav/vmc2026-track3-sys019-utt193.wav,3.1099227548471777
sys011,utt024,wav/vmc2026-track3-sys011-utt024.wav,wav/vmc2026-track3-sys019-utt023.wav,4.375783036003452
sys014,utt244,wav/vmc2026-track3-sys014-utt244.wav,wav/vmc2026-track3-sys019-utt243.wav,4.654577029874994
sys011,utt126,wav/vmc2026-track3-sys011-utt126.wav,wav/vmc2026-track3-sys019-utt125.wav,4.654094906843315
sys009,utt136,wav/vmc2026-track3-sys009-utt136.wav,wav/vmc2026-track3-sys019-utt135.wav,4.433441021127729
sys014,utt226,wav/vmc2026-track3-sys014-utt226.wav,wav/vmc2026-track3-sys019-utt225.wav,4.6261347039366765
sys024,utt154,wav/vmc2026-track3-sys024-utt154.wav,wav/vmc2026-track3-sys019-utt153.wav,4.254844797953061
sys005,utt208,wav/vmc2026-track3-sys005-utt208.wav,wav/vmc2026-track3-sys019-utt207.wav,3.814182613945885
sys008,utt076,wav/vmc2026-track3-sys008-utt076.wav,wav/vmc2026-track3-sys019-utt075.wav,4.6697487945275595
sys025,utt220,wav/vmc2026-track3-sys025-utt220.wav,wav/vmc2026-track3-sys019-utt219.wav,3.928191009856287
sys002,utt302,wav/vmc2026-track3-sys002-utt302.wav,wav/vmc2026-track3-sys019-utt301.wav,4.486917120187229
sys022,utt292,wav/vmc2026-track3-sys022-utt292.wav,wav/vmc2026-track3-sys019-utt291.wav,4.0270574793622265
sys016,utt046,wav/vmc2026-track3-sys016-utt046.wav,wav/vmc2026-track3-sys019-utt045.wav,3.5287361223787848
sys014,utt320,wav/vmc2026-track3-sys014-utt320.wav,wav/vmc2026-track3-sys019-utt319.wav,4.224448844334348
sys008,utt106,wav/vmc2026-track3-sys008-utt106.wav,wav/vmc2026-track3-sys019-utt105.wav,4.594992147061419
sys023,utt276,wav/vmc2026-track3-sys023-utt276.wav,wav/vmc2026-track3-sys019-utt275.wav,4.639061011471028
sys026,utt136,wav/vmc2026-track3-sys026-utt136.wav,wav/vmc2026-track3-sys019-utt135.wav,3.993189089777411
sys017,utt246,wav/vmc2026-track3-sys017-utt246.wav,wav/vmc2026-track3-sys019-utt245.wav,4.320815320842302
sys016,utt120,wav/vmc2026-track3-sys016-utt120.wav,wav/vmc2026-track3-sys019-utt119.wav,3.3641626720170885
sys002,utt156,wav/vmc2026-track3-sys002-utt156.wav,wav/vmc2026-track3-sys019-utt155.wav,4.398414658156688
sys002,utt134,wav/vmc2026-track3-sys002-utt134.wav,wav/vmc2026-track3-sys019-utt133.wav,4.442943470645285
sys026,utt274,wav/vmc2026-track3-sys026-utt274.wav,wav/vmc2026-track3-sys019-utt273.wav,4.254709474445447
sys024,utt042,wav/vmc2026-track3-sys024-utt042.wav,wav/vmc2026-track3-sys019-utt041.wav,4.206305769450146
sys007,utt108,wav/vmc2026-track3-sys007-utt108.wav,wav/vmc2026-track3-sys019-utt107.wav,3.563963671467467
sys007,utt088,wav/vmc2026-track3-sys007-utt088.wav,wav/vmc2026-track3-sys019-utt087.wav,3.901320244805648
sys007,utt292,wav/vmc2026-track3-sys007-utt292.wav,wav/vmc2026-track3-sys019-utt291.wav,3.682362590034614
sys007,utt020,wav/vmc2026-track3-sys007-utt020.wav,wav/vmc2026-track3-sys019-utt019.wav,3.773606407306342
sys023,utt012,wav/vmc2026-track3-sys023-utt012.wav,wav/vmc2026-track3-sys019-utt011.wav,4.518584110774679
sys009,utt076,wav/vmc2026-track3-sys009-utt076.wav,wav/vmc2026-track3-sys019-utt075.wav,4.233719456832153
sys001,utt230,wav/vmc2026-track3-sys001-utt230.wav,wav/vmc2026-track3-sys019-utt229.wav,4.295661671657405
sys018,utt150,wav/vmc2026-track3-sys018-utt150.wav,wav/vmc2026-track3-sys019-utt149.wav,3.8466999186424364
sys020,utt316,wav/vmc2026-track3-sys020-utt316.wav,wav/vmc2026-track3-sys019-utt315.wav,3.759636925445532
sys002,utt216,wav/vmc2026-track3-sys002-utt216.wav,wav/vmc2026-track3-sys019-utt215.wav,4.205491420030443
sys012,utt006,wav/vmc2026-track3-sys012-utt006.wav,wav/vmc2026-track3-sys019-utt005.wav,3.8514248747248465
sys007,utt036,wav/vmc2026-track3-sys007-utt036.wav,wav/vmc2026-track3-sys019-utt035.wav,3.7379627351268243
sys001,utt278,wav/vmc2026-track3-sys001-utt278.wav,wav/vmc2026-track3-sys019-utt277.wav,3.6930527770178214
sys011,utt114,wav/vmc2026-track3-sys011-utt114.wav,wav/vmc2026-track3-sys019-utt113.wav,4.597724649060073
sys013,utt320,wav/vmc2026-track3-sys013-utt320.wav,wav/vmc2026-track3-sys019-utt319.wav,4.106289341265642
sys005,utt318,wav/vmc2026-track3-sys005-utt318.wav,wav/vmc2026-track3-sys019-utt317.wav,3.8639183059760103
sys020,utt126,wav/vmc2026-track3-sys020-utt126.wav,wav/vmc2026-track3-sys019-utt125.wav,3.369225031659088
sys005,utt086,wav/vmc2026-track3-sys005-utt086.wav,wav/vmc2026-track3-sys019-utt085.wav,3.6860706395552274
sys006,utt262,wav/vmc2026-track3-sys006-utt262.wav,wav/vmc2026-track3-sys019-utt261.wav,4.1238038882473385
sys010,utt284,wav/vmc2026-track3-sys010-utt284.wav,wav/vmc2026-track3-sys019-utt283.wav,4.173329134238198
sys016,utt128,wav/vmc2026-track3-sys016-utt128.wav,wav/vmc2026-track3-sys019-utt127.wav,3.652045242994531
sys025,utt102,wav/vmc2026-track3-sys025-utt102.wav,wav/vmc2026-track3-sys019-utt101.wav,3.6537262635969183
sys025,utt116,wav/vmc2026-track3-sys025-utt116.wav,wav/vmc2026-track3-sys019-utt115.wav,3.706577046610479
sys010,utt132,wav/vmc2026-track3-sys010-utt132.wav,wav/vmc2026-track3-sys019-utt131.wav,3.8283536545488506
sys017,utt048,wav/vmc2026-track3-sys017-utt048.wav,wav/vmc2026-track3-sys019-utt047.wav,4.363863641584888
sys009,utt144,wav/vmc2026-track3-sys009-utt144.wav,wav/vmc2026-track3-sys019-utt143.wav,4.625274432871854
sys009,utt308,wav/vmc2026-track3-sys009-utt308.wav,wav/vmc2026-track3-sys019-utt307.wav,4.697285828540052
sys007,utt180,wav/vmc2026-track3-sys007-utt180.wav,wav/vmc2026-track3-sys019-utt179.wav,3.952431055099003
sys007,utt250,wav/vmc2026-track3-sys007-utt250.wav,wav/vmc2026-track3-sys019-utt249.wav,3.5885566224877725
sys006,utt210,wav/vmc2026-track3-sys006-utt210.wav,wav/vmc2026-track3-sys019-utt209.wav,4.106345471250022
sys024,utt076,wav/vmc2026-track3-sys024-utt076.wav,wav/vmc2026-track3-sys019-utt075.wav,3.445669498072045
sys009,utt002,wav/vmc2026-track3-sys009-utt002.wav,wav/vmc2026-track3-sys019-utt001.wav,4.9762967660473105
sys025,utt318,wav/vmc2026-track3-sys025-utt318.wav,wav/vmc2026-track3-sys019-utt317.wav,4.041053871855956
sys012,utt296,wav/vmc2026-track3-sys012-utt296.wav,wav/vmc2026-track3-sys019-utt295.wav,4.116659930772826
sys026,utt066,wav/vmc2026-track3-sys026-utt066.wav,wav/vmc2026-track3-sys019-utt065.wav,3.9550199479047112
sys016,utt112,wav/vmc2026-track3-sys016-utt112.wav,wav/vmc2026-track3-sys019-utt111.wav,3.5315036539523437
sys012,utt068,wav/vmc2026-track3-sys012-utt068.wav,wav/vmc2026-track3-sys019-utt067.wav,3.8748000226501897
sys013,utt072,wav/vmc2026-track3-sys013-utt072.wav,wav/vmc2026-track3-sys019-utt071.wav,3.7960618015344076
sys013,utt064,wav/vmc2026-track3-sys013-utt064.wav,wav/vmc2026-track3-sys019-utt063.wav,4.221308103912765
sys026,utt130,wav/vmc2026-track3-sys026-utt130.wav,wav/vmc2026-track3-sys019-utt129.wav,4.189703753432368
sys022,utt248,wav/vmc2026-track3-sys022-utt248.wav,wav/vmc2026-track3-sys019-utt247.wav,3.7747192731489148
sys023,utt318,wav/vmc2026-track3-sys023-utt318.wav,wav/vmc2026-track3-sys019-utt317.wav,4.23749801888156
sys024,utt192,wav/vmc2026-track3-sys024-utt192.wav,wav/vmc2026-track3-sys019-utt191.wav,4.232667772435003
sys008,utt028,wav/vmc2026-track3-sys008-utt028.wav,wav/vmc2026-track3-sys019-utt027.wav,4.6152335538371965
sys024,utt156,wav/vmc2026-track3-sys024-utt156.wav,wav/vmc2026-track3-sys019-utt155.wav,4.274432565316031
sys020,utt090,wav/vmc2026-track3-sys020-utt090.wav,wav/vmc2026-track3-sys019-utt089.wav,3.1578342750447606
sys011,utt242,wav/vmc2026-track3-sys011-utt242.wav,wav/vmc2026-track3-sys019-utt241.wav,4.684219200442756
sys013,utt142,wav/vmc2026-track3-sys013-utt142.wav,wav/vmc2026-track3-sys019-utt141.wav,3.9180361132211465
sys001,utt184,wav/vmc2026-track3-sys001-utt184.wav,wav/vmc2026-track3-sys019-utt183.wav,3.894577643884197
sys012,utt284,wav/vmc2026-track3-sys012-utt284.wav,wav/vmc2026-track3-sys019-utt283.wav,4.101139682249086
sys007,utt320,wav/vmc2026-track3-sys007-utt320.wav,wav/vmc2026-track3-sys019-utt319.wav,3.533875891461361
sys016,utt312,wav/vmc2026-track3-sys016-utt312.wav,wav/vmc2026-track3-sys019-utt311.wav,3.6732260078328878
sys024,utt186,wav/vmc2026-track3-sys024-utt186.wav,wav/vmc2026-track3-sys019-utt185.wav,3.789630650064251
sys012,utt212,wav/vmc2026-track3-sys012-utt212.wav,wav/vmc2026-track3-sys019-utt211.wav,4.186353729330136
sys005,utt180,wav/vmc2026-track3-sys005-utt180.wav,wav/vmc2026-track3-sys019-utt179.wav,3.5956534458784
sys007,utt004,wav/vmc2026-track3-sys007-utt004.wav,wav/vmc2026-track3-sys019-utt003.wav,3.443277536476961
sys023,utt300,wav/vmc2026-track3-sys023-utt300.wav,wav/vmc2026-track3-sys019-utt299.wav,4.55754896423201
sys024,utt030,wav/vmc2026-track3-sys024-utt030.wav,wav/vmc2026-track3-sys019-utt029.wav,4.100517690853857
sys010,utt028,wav/vmc2026-track3-sys010-utt028.wav,wav/vmc2026-track3-sys019-utt027.wav,3.8616844926420226
sys007,utt294,wav/vmc2026-track3-sys007-utt294.wav,wav/vmc2026-track3-sys019-utt293.wav,3.9439100047755495
sys020,utt140,wav/vmc2026-track3-sys020-utt140.wav,wav/vmc2026-track3-sys019-utt139.wav,3.398032748689601
sys022,utt048,wav/vmc2026-track3-sys022-utt048.wav,wav/vmc2026-track3-sys019-utt047.wav,4.2674444761449175
sys025,utt290,wav/vmc2026-track3-sys025-utt290.wav,wav/vmc2026-track3-sys019-utt289.wav,3.5299451648097655
sys022,utt216,wav/vmc2026-track3-sys022-utt216.wav,wav/vmc2026-track3-sys019-utt215.wav,4.253876439170379
sys012,utt158,wav/vmc2026-track3-sys012-utt158.wav,wav/vmc2026-track3-sys019-utt157.wav,3.782489366060103
sys006,utt296,wav/vmc2026-track3-sys006-utt296.wav,wav/vmc2026-track3-sys019-utt295.wav,4.505037784751788
sys002,utt002,wav/vmc2026-track3-sys002-utt002.wav,wav/vmc2026-track3-sys019-utt001.wav,4.865832735020901
sys014,utt138,wav/vmc2026-track3-sys014-utt138.wav,wav/vmc2026-track3-sys019-utt137.wav,4.465285864086143
sys026,utt072,wav/vmc2026-track3-sys026-utt072.wav,wav/vmc2026-track3-sys019-utt071.wav,3.8768078169123013
sys017,utt102,wav/vmc2026-track3-sys017-utt102.wav,wav/vmc2026-track3-sys019-utt101.wav,4.212081852805039
sys018,utt128,wav/vmc2026-track3-sys018-utt128.wav,wav/vmc2026-track3-sys019-utt127.wav,3.434366842558819
sys009,utt140,wav/vmc2026-track3-sys009-utt140.wav,wav/vmc2026-track3-sys019-utt139.wav,4.437844129019665
sys018,utt248,wav/vmc2026-track3-sys018-utt248.wav,wav/vmc2026-track3-sys019-utt247.wav,4.309093300707337
sys020,utt226,wav/vmc2026-track3-sys020-utt226.wav,wav/vmc2026-track3-sys019-utt225.wav,3.5449512761414352
sys001,utt118,wav/vmc2026-track3-sys001-utt118.wav,wav/vmc2026-track3-sys019-utt117.wav,3.9642553146376285
sys026,utt018,wav/vmc2026-track3-sys026-utt018.wav,wav/vmc2026-track3-sys019-utt017.wav,3.7813215147449846
sys018,utt076,wav/vmc2026-track3-sys018-utt076.wav,wav/vmc2026-track3-sys019-utt075.wav,4.01644841156489
sys002,utt226,wav/vmc2026-track3-sys002-utt226.wav,wav/vmc2026-track3-sys019-utt225.wav,4.567265326772371
sys020,utt138,wav/vmc2026-track3-sys020-utt138.wav,wav/vmc2026-track3-sys019-utt137.wav,3.398702375824077
sys006,utt266,wav/vmc2026-track3-sys006-utt266.wav,wav/vmc2026-track3-sys019-utt265.wav,4.190739571320537
sys020,utt242,wav/vmc2026-track3-sys020-utt242.wav,wav/vmc2026-track3-sys019-utt241.wav,3.4078630006396384
sys026,utt034,wav/vmc2026-track3-sys026-utt034.wav,wav/vmc2026-track3-sys019-utt033.wav,3.868192828281619
sys010,utt062,wav/vmc2026-track3-sys010-utt062.wav,wav/vmc2026-track3-sys019-utt061.wav,4.079070459033657
sys010,utt042,wav/vmc2026-track3-sys010-utt042.wav,wav/vmc2026-track3-sys019-utt041.wav,4.156407727302037
sys016,utt022,wav/vmc2026-track3-sys016-utt022.wav,wav/vmc2026-track3-sys019-utt021.wav,4.162301959578919
sys011,utt246,wav/vmc2026-track3-sys011-utt246.wav,wav/vmc2026-track3-sys019-utt245.wav,4.763739861807372
sys018,utt086,wav/vmc2026-track3-sys018-utt086.wav,wav/vmc2026-track3-sys019-utt085.wav,3.834902754091413
sys010,utt026,wav/vmc2026-track3-sys010-utt026.wav,wav/vmc2026-track3-sys019-utt025.wav,4.0079748016731545
sys002,utt124,wav/vmc2026-track3-sys002-utt124.wav,wav/vmc2026-track3-sys019-utt123.wav,4.591447516853912
sys008,utt026,wav/vmc2026-track3-sys008-utt026.wav,wav/vmc2026-track3-sys019-utt025.wav,4.710214563703585
sys026,utt156,wav/vmc2026-track3-sys026-utt156.wav,wav/vmc2026-track3-sys019-utt155.wav,4.225647401256146
sys026,utt214,wav/vmc2026-track3-sys026-utt214.wav,wav/vmc2026-track3-sys019-utt213.wav,3.9296520439228257
sys024,utt028,wav/vmc2026-track3-sys024-utt028.wav,wav/vmc2026-track3-sys019-utt027.wav,4.053276251003879
sys002,utt236,wav/vmc2026-track3-sys002-utt236.wav,wav/vmc2026-track3-sys019-utt235.wav,4.231336643232725
sys008,utt156,wav/vmc2026-track3-sys008-utt156.wav,wav/vmc2026-track3-sys019-utt155.wav,4.749147376697458
sys024,utt150,wav/vmc2026-track3-sys024-utt150.wav,wav/vmc2026-track3-sys019-utt149.wav,4.057128315692428
sys011,utt066,wav/vmc2026-track3-sys011-utt066.wav,wav/vmc2026-track3-sys019-utt065.wav,4.239055657024842
sys022,utt010,wav/vmc2026-track3-sys022-utt010.wav,wav/vmc2026-track3-sys019-utt009.wav,3.8108328867018266
sys007,utt072,wav/vmc2026-track3-sys007-utt072.wav,wav/vmc2026-track3-sys019-utt071.wav,3.642551891668316
sys011,utt030,wav/vmc2026-track3-sys011-utt030.wav,wav/vmc2026-track3-sys019-utt029.wav,4.484795401621679
sys025,utt172,wav/vmc2026-track3-sys025-utt172.wav,wav/vmc2026-track3-sys019-utt171.wav,3.811167459011835
sys009,utt312,wav/vmc2026-track3-sys009-utt312.wav,wav/vmc2026-track3-sys019-utt311.wav,4.570199301929652
sys011,utt238,wav/vmc2026-track3-sys011-utt238.wav,wav/vmc2026-track3-sys019-utt237.wav,4.24397638191544
sys016,utt236,wav/vmc2026-track3-sys016-utt236.wav,wav/vmc2026-track3-sys019-utt235.wav,3.9738456621059495
sys005,utt014,wav/vmc2026-track3-sys005-utt014.wav,wav/vmc2026-track3-sys019-utt013.wav,3.707105011314643
sys002,utt072,wav/vmc2026-track3-sys002-utt072.wav,wav/vmc2026-track3-sys019-utt071.wav,4.4733663836142
sys011,utt318,wav/vmc2026-track3-sys011-utt318.wav,wav/vmc2026-track3-sys019-utt317.wav,4.326972672770699
sys005,utt248,wav/vmc2026-track3-sys005-utt248.wav,wav/vmc2026-track3-sys019-utt247.wav,3.8752098069049037
sys008,utt118,wav/vmc2026-track3-sys008-utt118.wav,wav/vmc2026-track3-sys019-utt117.wav,4.561799432253211
sys014,utt068,wav/vmc2026-track3-sys014-utt068.wav,wav/vmc2026-track3-sys019-utt067.wav,4.223380044190688
sys001,utt124,wav/vmc2026-track3-sys001-utt124.wav,wav/vmc2026-track3-sys019-utt123.wav,3.883289162992625
sys008,utt040,wav/vmc2026-track3-sys008-utt040.wav,wav/vmc2026-track3-sys019-utt039.wav,4.684236787929098
sys012,utt180,wav/vmc2026-track3-sys012-utt180.wav,wav/vmc2026-track3-sys019-utt179.wav,3.2289654730047457
sys023,utt118,wav/vmc2026-track3-sys023-utt118.wav,wav/vmc2026-track3-sys019-utt117.wav,4.146316365423689
sys002,utt010,wav/vmc2026-track3-sys002-utt010.wav,wav/vmc2026-track3-sys019-utt009.wav,4.344716712028734
sys012,utt044,wav/vmc2026-track3-sys012-utt044.wav,wav/vmc2026-track3-sys019-utt043.wav,4.215372286202904
sys014,utt152,wav/vmc2026-track3-sys014-utt152.wav,wav/vmc2026-track3-sys019-utt151.wav,4.175935974232877
sys025,utt194,wav/vmc2026-track3-sys025-utt194.wav,wav/vmc2026-track3-sys019-utt193.wav,3.3550342591059077
sys020,utt130,wav/vmc2026-track3-sys020-utt130.wav,wav/vmc2026-track3-sys019-utt129.wav,3.293456057202918
sys014,utt012,wav/vmc2026-track3-sys014-utt012.wav,wav/vmc2026-track3-sys019-utt011.wav,4.429164278950101
sys016,utt294,wav/vmc2026-track3-sys016-utt294.wav,wav/vmc2026-track3-sys019-utt293.wav,4.009268433211462
sys020,utt308,wav/vmc2026-track3-sys020-utt308.wav,wav/vmc2026-track3-sys019-utt307.wav,3.3242597778940155
sys023,utt158,wav/vmc2026-track3-sys023-utt158.wav,wav/vmc2026-track3-sys019-utt157.wav,4.40674477516502
sys007,utt262,wav/vmc2026-track3-sys007-utt262.wav,wav/vmc2026-track3-sys019-utt261.wav,3.691670306236897
sys006,utt290,wav/vmc2026-track3-sys006-utt290.wav,wav/vmc2026-track3-sys019-utt289.wav,4.003583402463337
sys011,utt108,wav/vmc2026-track3-sys011-utt108.wav,wav/vmc2026-track3-sys019-utt107.wav,4.4211427233785
sys007,utt034,wav/vmc2026-track3-sys007-utt034.wav,wav/vmc2026-track3-sys019-utt033.wav,3.802200217256297
sys013,utt144,wav/vmc2026-track3-sys013-utt144.wav,wav/vmc2026-track3-sys019-utt143.wav,4.0022963422807125
sys020,utt304,wav/vmc2026-track3-sys020-utt304.wav,wav/vmc2026-track3-sys019-utt303.wav,3.2810119931233555
sys002,utt120,wav/vmc2026-track3-sys002-utt120.wav,wav/vmc2026-track3-sys019-utt119.wav,4.183281967603367
sys008,utt274,wav/vmc2026-track3-sys008-utt274.wav,wav/vmc2026-track3-sys019-utt273.wav,4.762357829660899
sys001,utt246,wav/vmc2026-track3-sys001-utt246.wav,wav/vmc2026-track3-sys019-utt245.wav,4.497159441062549
sys006,utt064,wav/vmc2026-track3-sys006-utt064.wav,wav/vmc2026-track3-sys019-utt063.wav,4.268698795101479
sys008,utt206,wav/vmc2026-track3-sys008-utt206.wav,wav/vmc2026-track3-sys019-utt205.wav,4.656836323129647
sys008,utt262,wav/vmc2026-track3-sys008-utt262.wav,wav/vmc2026-track3-sys019-utt261.wav,4.445347029834732
sys023,utt186,wav/vmc2026-track3-sys023-utt186.wav,wav/vmc2026-track3-sys019-utt185.wav,4.393352998224153
sys026,utt132,wav/vmc2026-track3-sys026-utt132.wav,wav/vmc2026-track3-sys019-utt131.wav,3.7185365115474065
sys012,utt236,wav/vmc2026-track3-sys012-utt236.wav,wav/vmc2026-track3-sys019-utt235.wav,3.893826450188095
sys002,utt308,wav/vmc2026-track3-sys002-utt308.wav,wav/vmc2026-track3-sys019-utt307.wav,4.166334337962226
sys002,utt320,wav/vmc2026-track3-sys002-utt320.wav,wav/vmc2026-track3-sys019-utt319.wav,4.1788907539726985
sys002,utt140,wav/vmc2026-track3-sys002-utt140.wav,wav/vmc2026-track3-sys019-utt139.wav,4.4777521382287455
sys025,utt262,wav/vmc2026-track3-sys025-utt262.wav,wav/vmc2026-track3-sys019-utt261.wav,3.72823997411029
sys002,utt078,wav/vmc2026-track3-sys002-utt078.wav,wav/vmc2026-track3-sys019-utt077.wav,4.554370778976762
sys012,utt034,wav/vmc2026-track3-sys012-utt034.wav,wav/vmc2026-track3-sys019-utt033.wav,3.783985471238078
sys001,utt090,wav/vmc2026-track3-sys001-utt090.wav,wav/vmc2026-track3-sys019-utt089.wav,3.8152011352719915
sys016,utt082,wav/vmc2026-track3-sys016-utt082.wav,wav/vmc2026-track3-sys019-utt081.wav,4.0557775782144425
sys011,utt072,wav/vmc2026-track3-sys011-utt072.wav,wav/vmc2026-track3-sys019-utt071.wav,4.580194228805357
sys009,utt284,wav/vmc2026-track3-sys009-utt284.wav,wav/vmc2026-track3-sys019-utt283.wav,4.787522685698233
sys016,utt116,wav/vmc2026-track3-sys016-utt116.wav,wav/vmc2026-track3-sys019-utt115.wav,3.8370542348955516
sys008,utt152,wav/vmc2026-track3-sys008-utt152.wav,wav/vmc2026-track3-sys019-utt151.wav,4.625909732766677
sys022,utt236,wav/vmc2026-track3-sys022-utt236.wav,wav/vmc2026-track3-sys019-utt235.wav,4.012552710563923
sys005,utt032,wav/vmc2026-track3-sys005-utt032.wav,wav/vmc2026-track3-sys019-utt031.wav,3.4323180859552544
sys012,utt218,wav/vmc2026-track3-sys012-utt218.wav,wav/vmc2026-track3-sys019-utt217.wav,4.205547212818354
sys020,utt224,wav/vmc2026-track3-sys020-utt224.wav,wav/vmc2026-track3-sys019-utt223.wav,3.3952919934123345
sys020,utt314,wav/vmc2026-track3-sys020-utt314.wav,wav/vmc2026-track3-sys019-utt313.wav,3.6856833825920106
sys005,utt262,wav/vmc2026-track3-sys005-utt262.wav,wav/vmc2026-track3-sys019-utt261.wav,3.7338151254940644
sys023,utt120,wav/vmc2026-track3-sys023-utt120.wav,wav/vmc2026-track3-sys019-utt119.wav,3.9594623104591253
sys012,utt222,wav/vmc2026-track3-sys012-utt222.wav,wav/vmc2026-track3-sys019-utt221.wav,4.217113678689482
sys011,utt290,wav/vmc2026-track3-sys011-utt290.wav,wav/vmc2026-track3-sys019-utt289.wav,4.2557876447253395
sys017,utt050,wav/vmc2026-track3-sys017-utt050.wav,wav/vmc2026-track3-sys019-utt049.wav,3.9748858591105276
sys020,utt306,wav/vmc2026-track3-sys020-utt306.wav,wav/vmc2026-track3-sys019-utt305.wav,3.5695935706506323
sys012,utt266,wav/vmc2026-track3-sys012-utt266.wav,wav/vmc2026-track3-sys019-utt265.wav,3.8053978664778323
sys020,utt044,wav/vmc2026-track3-sys020-utt044.wav,wav/vmc2026-track3-sys019-utt043.wav,3.5047346921360716
sys020,utt144,wav/vmc2026-track3-sys020-utt144.wav,wav/vmc2026-track3-sys019-utt143.wav,3.4990328030753757
sys008,utt064,wav/vmc2026-track3-sys008-utt064.wav,wav/vmc2026-track3-sys019-utt063.wav,4.714573897513673
sys006,utt230,wav/vmc2026-track3-sys006-utt230.wav,wav/vmc2026-track3-sys019-utt229.wav,4.524673687576632
sys008,utt312,wav/vmc2026-track3-sys008-utt312.wav,wav/vmc2026-track3-sys019-utt311.wav,4.4782380453214765
sys022,utt290,wav/vmc2026-track3-sys022-utt290.wav,wav/vmc2026-track3-sys019-utt289.wav,3.5785846699353434
sys011,utt018,wav/vmc2026-track3-sys011-utt018.wav,wav/vmc2026-track3-sys019-utt017.wav,4.556229763097698
sys012,utt226,wav/vmc2026-track3-sys012-utt226.wav,wav/vmc2026-track3-sys019-utt225.wav,3.7376860696566903
sys006,utt104,wav/vmc2026-track3-sys006-utt104.wav,wav/vmc2026-track3-sys019-utt103.wav,4.349219305877579
sys002,utt104,wav/vmc2026-track3-sys002-utt104.wav,wav/vmc2026-track3-sys019-utt103.wav,4.233574103535682
sys020,utt320,wav/vmc2026-track3-sys020-utt320.wav,wav/vmc2026-track3-sys019-utt319.wav,3.855244065315748
sys013,utt088,wav/vmc2026-track3-sys013-utt088.wav,wav/vmc2026-track3-sys019-utt087.wav,4.0021665541027245
sys017,utt192,wav/vmc2026-track3-sys017-utt192.wav,wav/vmc2026-track3-sys019-utt191.wav,4.227729077869885
sys013,utt210,wav/vmc2026-track3-sys013-utt210.wav,wav/vmc2026-track3-sys019-utt209.wav,4.007572499614908
sys025,utt020,wav/vmc2026-track3-sys025-utt020.wav,wav/vmc2026-track3-sys019-utt019.wav,3.5429981230355625
sys001,utt264,wav/vmc2026-track3-sys001-utt264.wav,wav/vmc2026-track3-sys019-utt263.wav,3.7915115125228396
sys013,utt308,wav/vmc2026-track3-sys013-utt308.wav,wav/vmc2026-track3-sys019-utt307.wav,3.985222011694276
sys006,utt090,wav/vmc2026-track3-sys006-utt090.wav,wav/vmc2026-track3-sys019-utt089.wav,4.106615862125632
sys012,utt136,wav/vmc2026-track3-sys012-utt136.wav,wav/vmc2026-track3-sys019-utt135.wav,3.5993758547784944
sys009,utt186,wav/vmc2026-track3-sys009-utt186.wav,wav/vmc2026-track3-sys019-utt185.wav,4.548164684051237
sys005,utt136,wav/vmc2026-track3-sys005-utt136.wav,wav/vmc2026-track3-sys019-utt135.wav,3.9227958760405124
sys011,utt300,wav/vmc2026-track3-sys011-utt300.wav,wav/vmc2026-track3-sys019-utt299.wav,4.599137194362518
sys009,utt298,wav/vmc2026-track3-sys009-utt298.wav,wav/vmc2026-track3-sys019-utt297.wav,4.448411267363167
sys016,utt102,wav/vmc2026-track3-sys016-utt102.wav,wav/vmc2026-track3-sys019-utt101.wav,3.713883636877998
sys024,utt132,wav/vmc2026-track3-sys024-utt132.wav,wav/vmc2026-track3-sys019-utt131.wav,4.107404441501215
sys017,utt262,wav/vmc2026-track3-sys017-utt262.wav,wav/vmc2026-track3-sys019-utt261.wav,4.1403795903387355
sys024,utt130,wav/vmc2026-track3-sys024-utt130.wav,wav/vmc2026-track3-sys019-utt129.wav,4.377116558332713
sys009,utt204,wav/vmc2026-track3-sys009-utt204.wav,wav/vmc2026-track3-sys019-utt203.wav,4.410610137124618
sys010,utt020,wav/vmc2026-track3-sys010-utt020.wav,wav/vmc2026-track3-sys019-utt019.wav,4.471814890055097
sys007,utt032,wav/vmc2026-track3-sys007-utt032.wav,wav/vmc2026-track3-sys019-utt031.wav,4.116189515682303
sys014,utt090,wav/vmc2026-track3-sys014-utt090.wav,wav/vmc2026-track3-sys019-utt089.wav,3.9858982201443145
sys006,utt222,wav/vmc2026-track3-sys006-utt222.wav,wav/vmc2026-track3-sys019-utt221.wav,4.058603096131398
sys006,utt050,wav/vmc2026-track3-sys006-utt050.wav,wav/vmc2026-track3-sys019-utt049.wav,4.292319035345593
sys020,utt280,wav/vmc2026-track3-sys020-utt280.wav,wav/vmc2026-track3-sys019-utt279.wav,3.447079956910017
sys018,utt220,wav/vmc2026-track3-sys018-utt220.wav,wav/vmc2026-track3-sys019-utt219.wav,4.018459233557838
sys006,utt146,wav/vmc2026-track3-sys006-utt146.wav,wav/vmc2026-track3-sys019-utt145.wav,4.125152627501951
sys022,utt312,wav/vmc2026-track3-sys022-utt312.wav,wav/vmc2026-track3-sys019-utt311.wav,3.5502365661515323
sys024,utt310,wav/vmc2026-track3-sys024-utt310.wav,wav/vmc2026-track3-sys019-utt309.wav,4.006975780655449
sys023,utt226,wav/vmc2026-track3-sys023-utt226.wav,wav/vmc2026-track3-sys019-utt225.wav,4.46626519546327
sys010,utt242,wav/vmc2026-track3-sys010-utt242.wav,wav/vmc2026-track3-sys019-utt241.wav,4.391875304077575
sys007,utt276,wav/vmc2026-track3-sys007-utt276.wav,wav/vmc2026-track3-sys019-utt275.wav,3.64509274579059
sys002,utt044,wav/vmc2026-track3-sys002-utt044.wav,wav/vmc2026-track3-sys019-utt043.wav,4.700574937137423
sys018,utt286,wav/vmc2026-track3-sys018-utt286.wav,wav/vmc2026-track3-sys019-utt285.wav,3.458448606112028
sys025,utt080,wav/vmc2026-track3-sys025-utt080.wav,wav/vmc2026-track3-sys019-utt079.wav,3.7022367486604315
sys016,utt032,wav/vmc2026-track3-sys016-utt032.wav,wav/vmc2026-track3-sys019-utt031.wav,4.0463556581016915
sys025,utt034,wav/vmc2026-track3-sys025-utt034.wav,wav/vmc2026-track3-sys019-utt033.wav,3.8184699606684864
sys010,utt262,wav/vmc2026-track3-sys010-utt262.wav,wav/vmc2026-track3-sys019-utt261.wav,4.064388164793646
sys010,utt176,wav/vmc2026-track3-sys010-utt176.wav,wav/vmc2026-track3-sys019-utt175.wav,3.7821206802711145
sys013,utt078,wav/vmc2026-track3-sys013-utt078.wav,wav/vmc2026-track3-sys019-utt077.wav,3.931618841274206
sys026,utt302,wav/vmc2026-track3-sys026-utt302.wav,wav/vmc2026-track3-sys019-utt301.wav,4.325864487651437
sys026,utt108,wav/vmc2026-track3-sys026-utt108.wav,wav/vmc2026-track3-sys019-utt107.wav,4.25847466684746
sys016,utt244,wav/vmc2026-track3-sys016-utt244.wav,wav/vmc2026-track3-sys019-utt243.wav,4.0283594827704645
sys023,utt088,wav/vmc2026-track3-sys023-utt088.wav,wav/vmc2026-track3-sys019-utt087.wav,3.975666829581229
sys005,utt152,wav/vmc2026-track3-sys005-utt152.wav,wav/vmc2026-track3-sys019-utt151.wav,3.9306333566066556
sys014,utt228,wav/vmc2026-track3-sys014-utt228.wav,wav/vmc2026-track3-sys019-utt227.wav,4.263521362353656
sys002,utt296,wav/vmc2026-track3-sys002-utt296.wav,wav/vmc2026-track3-sys019-utt295.wav,4.599765437543047
sys023,utt082,wav/vmc2026-track3-sys023-utt082.wav,wav/vmc2026-track3-sys019-utt081.wav,3.824100198125071
sys010,utt172,wav/vmc2026-track3-sys010-utt172.wav,wav/vmc2026-track3-sys019-utt171.wav,3.8696499519674314
sys006,utt136,wav/vmc2026-track3-sys006-utt136.wav,wav/vmc2026-track3-sys019-utt135.wav,4.256529083221978
sys014,utt292,wav/vmc2026-track3-sys014-utt292.wav,wav/vmc2026-track3-sys019-utt291.wav,4.626114371734216
sys010,utt104,wav/vmc2026-track3-sys010-utt104.wav,wav/vmc2026-track3-sys019-utt103.wav,4.091534359869804
sys022,utt298,wav/vmc2026-track3-sys022-utt298.wav,wav/vmc2026-track3-sys019-utt297.wav,3.59012035358334
sys018,utt140,wav/vmc2026-track3-sys018-utt140.wav,wav/vmc2026-track3-sys019-utt139.wav,3.782209647525699
sys002,utt248,wav/vmc2026-track3-sys002-utt248.wav,wav/vmc2026-track3-sys019-utt247.wav,4.450633795783251
sys002,utt182,wav/vmc2026-track3-sys002-utt182.wav,wav/vmc2026-track3-sys019-utt181.wav,4.6932207931322125
sys018,utt212,wav/vmc2026-track3-sys018-utt212.wav,wav/vmc2026-track3-sys019-utt211.wav,3.9220640571141185
sys026,utt080,wav/vmc2026-track3-sys026-utt080.wav,wav/vmc2026-track3-sys019-utt079.wav,3.8745266053236604
sys023,utt136,wav/vmc2026-track3-sys023-utt136.wav,wav/vmc2026-track3-sys019-utt135.wav,4.291220943239135
sys013,utt038,wav/vmc2026-track3-sys013-utt038.wav,wav/vmc2026-track3-sys019-utt037.wav,3.9635344695075787
sys007,utt126,wav/vmc2026-track3-sys007-utt126.wav,wav/vmc2026-track3-sys019-utt125.wav,3.735014732614583
sys006,utt006,wav/vmc2026-track3-sys006-utt006.wav,wav/vmc2026-track3-sys019-utt005.wav,3.963273903938157
sys006,utt232,wav/vmc2026-track3-sys006-utt232.wav,wav/vmc2026-track3-sys019-utt231.wav,4.4199074347080485
sys020,utt228,wav/vmc2026-track3-sys020-utt228.wav,wav/vmc2026-track3-sys019-utt227.wav,3.4283626022376903
sys010,utt266,wav/vmc2026-track3-sys010-utt266.wav,wav/vmc2026-track3-sys019-utt265.wav,4.009960612507198
sys010,utt030,wav/vmc2026-track3-sys010-utt030.wav,wav/vmc2026-track3-sys019-utt029.wav,4.015330666763785
sys005,utt178,wav/vmc2026-track3-sys005-utt178.wav,wav/vmc2026-track3-sys019-utt177.wav,3.6259332713929933
sys006,utt206,wav/vmc2026-track3-sys006-utt206.wav,wav/vmc2026-track3-sys019-utt205.wav,4.235630498384387
sys013,utt264,wav/vmc2026-track3-sys013-utt264.wav,wav/vmc2026-track3-sys019-utt263.wav,3.987085183521376
sys005,utt312,wav/vmc2026-track3-sys005-utt312.wav,wav/vmc2026-track3-sys019-utt311.wav,3.985980290740042
sys013,utt306,wav/vmc2026-track3-sys013-utt306.wav,wav/vmc2026-track3-sys019-utt305.wav,4.229053808501916
sys023,utt306,wav/vmc2026-track3-sys023-utt306.wav,wav/vmc2026-track3-sys019-utt305.wav,4.358862565669134
sys017,utt150,wav/vmc2026-track3-sys017-utt150.wav,wav/vmc2026-track3-sys019-utt149.wav,4.041055034938916
sys001,utt034,wav/vmc2026-track3-sys001-utt034.wav,wav/vmc2026-track3-sys019-utt033.wav,3.8775309343233513
sys009,utt212,wav/vmc2026-track3-sys009-utt212.wav,wav/vmc2026-track3-sys019-utt211.wav,4.759588488631665
sys002,utt298,wav/vmc2026-track3-sys002-utt298.wav,wav/vmc2026-track3-sys019-utt297.wav,4.64480788530665
sys006,utt038,wav/vmc2026-track3-sys006-utt038.wav,wav/vmc2026-track3-sys019-utt037.wav,4.068774233867194
sys026,utt122,wav/vmc2026-track3-sys026-utt122.wav,wav/vmc2026-track3-sys019-utt121.wav,4.06919699918478
sys009,utt008,wav/vmc2026-track3-sys009-utt008.wav,wav/vmc2026-track3-sys019-utt007.wav,4.491460324036641
sys018,utt104,wav/vmc2026-track3-sys018-utt104.wav,wav/vmc2026-track3-sys019-utt103.wav,3.7501092204386572
sys018,utt216,wav/vmc2026-track3-sys018-utt216.wav,wav/vmc2026-track3-sys019-utt215.wav,4.122070521761754
sys025,utt044,wav/vmc2026-track3-sys025-utt044.wav,wav/vmc2026-track3-sys019-utt043.wav,4.0317474241257925
sys006,utt216,wav/vmc2026-track3-sys006-utt216.wav,wav/vmc2026-track3-sys019-utt215.wav,4.40137637495742
sys024,utt296,wav/vmc2026-track3-sys024-utt296.wav,wav/vmc2026-track3-sys019-utt295.wav,4.188654959877623
sys018,utt308,wav/vmc2026-track3-sys018-utt308.wav,wav/vmc2026-track3-sys019-utt307.wav,3.5737995327570724
sys010,utt070,wav/vmc2026-track3-sys010-utt070.wav,wav/vmc2026-track3-sys019-utt069.wav,3.9719992852590766
sys023,utt028,wav/vmc2026-track3-sys023-utt028.wav,wav/vmc2026-track3-sys019-utt027.wav,4.018443615677628
sys002,utt040,wav/vmc2026-track3-sys002-utt040.wav,wav/vmc2026-track3-sys019-utt039.wav,4.335713006339933
sys009,utt082,wav/vmc2026-track3-sys009-utt082.wav,wav/vmc2026-track3-sys019-utt081.wav,4.672554747920148
sys016,utt184,wav/vmc2026-track3-sys016-utt184.wav,wav/vmc2026-track3-sys019-utt183.wav,3.950370086528149
sys007,utt210,wav/vmc2026-track3-sys007-utt210.wav,wav/vmc2026-track3-sys019-utt209.wav,3.822614796099703
sys025,utt296,wav/vmc2026-track3-sys025-utt296.wav,wav/vmc2026-track3-sys019-utt295.wav,3.7838765495891185
sys016,utt090,wav/vmc2026-track3-sys016-utt090.wav,wav/vmc2026-track3-sys019-utt089.wav,3.816975152906533
sys012,utt014,wav/vmc2026-track3-sys012-utt014.wav,wav/vmc2026-track3-sys019-utt013.wav,4.385362710875596
sys014,utt074,wav/vmc2026-track3-sys014-utt074.wav,wav/vmc2026-track3-sys019-utt073.wav,4.397869914747305
sys023,utt278,wav/vmc2026-track3-sys023-utt278.wav,wav/vmc2026-track3-sys019-utt277.wav,4.239221804331162
sys009,utt042,wav/vmc2026-track3-sys009-utt042.wav,wav/vmc2026-track3-sys019-utt041.wav,4.801056482356716
sys009,utt132,wav/vmc2026-track3-sys009-utt132.wav,wav/vmc2026-track3-sys019-utt131.wav,4.629548950661929
sys009,utt232,wav/vmc2026-track3-sys009-utt232.wav,wav/vmc2026-track3-sys019-utt231.wav,4.321979557593254
sys016,utt124,wav/vmc2026-track3-sys016-utt124.wav,wav/vmc2026-track3-sys019-utt123.wav,4.113822568582349
sys007,utt314,wav/vmc2026-track3-sys007-utt314.wav,wav/vmc2026-track3-sys019-utt313.wav,3.5390289153323122
sys013,utt178,wav/vmc2026-track3-sys013-utt178.wav,wav/vmc2026-track3-sys019-utt177.wav,3.9832673045596163
sys013,utt074,wav/vmc2026-track3-sys013-utt074.wav,wav/vmc2026-track3-sys019-utt073.wav,3.8307904725156767
sys026,utt202,wav/vmc2026-track3-sys026-utt202.wav,wav/vmc2026-track3-sys019-utt201.wav,3.875529712290624
sys026,utt304,wav/vmc2026-track3-sys026-utt304.wav,wav/vmc2026-track3-sys019-utt303.wav,4.149131877973235
sys010,utt212,wav/vmc2026-track3-sys010-utt212.wav,wav/vmc2026-track3-sys019-utt211.wav,4.252735276191337
sys024,utt316,wav/vmc2026-track3-sys024-utt316.wav,wav/vmc2026-track3-sys019-utt315.wav,3.812120818163716
sys007,utt288,wav/vmc2026-track3-sys007-utt288.wav,wav/vmc2026-track3-sys019-utt287.wav,3.5916948096165746
sys011,utt128,wav/vmc2026-track3-sys011-utt128.wav,wav/vmc2026-track3-sys019-utt127.wav,4.109529330121061
sys022,utt106,wav/vmc2026-track3-sys022-utt106.wav,wav/vmc2026-track3-sys019-utt105.wav,3.4265086276751315
sys013,utt136,wav/vmc2026-track3-sys013-utt136.wav,wav/vmc2026-track3-sys019-utt135.wav,4.011727668486552
sys005,utt106,wav/vmc2026-track3-sys005-utt106.wav,wav/vmc2026-track3-sys019-utt105.wav,3.829469588089286
sys017,utt274,wav/vmc2026-track3-sys017-utt274.wav,wav/vmc2026-track3-sys019-utt273.wav,4.149998591506166
sys002,utt038,wav/vmc2026-track3-sys002-utt038.wav,wav/vmc2026-track3-sys019-utt037.wav,4.02850727226479
sys007,utt238,wav/vmc2026-track3-sys007-utt238.wav,wav/vmc2026-track3-sys019-utt237.wav,3.9767676384249566
sys010,utt300,wav/vmc2026-track3-sys010-utt300.wav,wav/vmc2026-track3-sys019-utt299.wav,4.133623024536542
sys017,utt046,wav/vmc2026-track3-sys017-utt046.wav,wav/vmc2026-track3-sys019-utt045.wav,4.203558649726226
sys001,utt048,wav/vmc2026-track3-sys001-utt048.wav,wav/vmc2026-track3-sys019-utt047.wav,4.061779291907973
sys014,utt246,wav/vmc2026-track3-sys014-utt246.wav,wav/vmc2026-track3-sys019-utt245.wav,4.737914694549394
sys017,utt124,wav/vmc2026-track3-sys017-utt124.wav,wav/vmc2026-track3-sys019-utt123.wav,4.07144885098526
sys022,utt264,wav/vmc2026-track3-sys022-utt264.wav,wav/vmc2026-track3-sys019-utt263.wav,4.022263077996545
sys012,utt148,wav/vmc2026-track3-sys012-utt148.wav,wav/vmc2026-track3-sys019-utt147.wav,3.196316668701948
sys011,utt042,wav/vmc2026-track3-sys011-utt042.wav,wav/vmc2026-track3-sys019-utt041.wav,4.671742203346708
sys009,utt224,wav/vmc2026-track3-sys009-utt224.wav,wav/vmc2026-track3-sys019-utt223.wav,4.705404118500079
sys010,utt136,wav/vmc2026-track3-sys010-utt136.wav,wav/vmc2026-track3-sys019-utt135.wav,3.5508609471793395
sys026,utt118,wav/vmc2026-track3-sys026-utt118.wav,wav/vmc2026-track3-sys019-utt117.wav,3.506898938150683
sys018,utt072,wav/vmc2026-track3-sys018-utt072.wav,wav/vmc2026-track3-sys019-utt071.wav,3.70013124088344
sys025,utt242,wav/vmc2026-track3-sys025-utt242.wav,wav/vmc2026-track3-sys019-utt241.wav,3.504298976791204
sys022,utt272,wav/vmc2026-track3-sys022-utt272.wav,wav/vmc2026-track3-sys019-utt271.wav,3.8958149463914578
sys024,utt110,wav/vmc2026-track3-sys024-utt110.wav,wav/vmc2026-track3-sys019-utt109.wav,3.8768077178151112
sys002,utt232,wav/vmc2026-track3-sys002-utt232.wav,wav/vmc2026-track3-sys019-utt231.wav,4.7603436202581095
sys010,utt226,wav/vmc2026-track3-sys010-utt226.wav,wav/vmc2026-track3-sys019-utt225.wav,4.125331051523295
sys017,utt208,wav/vmc2026-track3-sys017-utt208.wav,wav/vmc2026-track3-sys019-utt207.wav,3.9027608910492173
sys008,utt308,wav/vmc2026-track3-sys008-utt308.wav,wav/vmc2026-track3-sys019-utt307.wav,4.6834524537004825
sys007,utt212,wav/vmc2026-track3-sys007-utt212.wav,wav/vmc2026-track3-sys019-utt211.wav,4.192055209660634
sys016,utt104,wav/vmc2026-track3-sys016-utt104.wav,wav/vmc2026-track3-sys019-utt103.wav,3.7257358043098385
sys020,utt284,wav/vmc2026-track3-sys020-utt284.wav,wav/vmc2026-track3-sys019-utt283.wav,3.520475983519013
sys012,utt042,wav/vmc2026-track3-sys012-utt042.wav,wav/vmc2026-track3-sys019-utt041.wav,3.999000225752804
sys014,utt248,wav/vmc2026-track3-sys014-utt248.wav,wav/vmc2026-track3-sys019-utt247.wav,4.602416591370849
sys024,utt066,wav/vmc2026-track3-sys024-utt066.wav,wav/vmc2026-track3-sys019-utt065.wav,4.0675319847666245
sys025,utt292,wav/vmc2026-track3-sys025-utt292.wav,wav/vmc2026-track3-sys019-utt291.wav,3.7516419785629225
sys002,utt244,wav/vmc2026-track3-sys002-utt244.wav,wav/vmc2026-track3-sys019-utt243.wav,4.783096611254878
sys023,utt042,wav/vmc2026-track3-sys023-utt042.wav,wav/vmc2026-track3-sys019-utt041.wav,4.347917873383651
sys009,utt040,wav/vmc2026-track3-sys009-utt040.wav,wav/vmc2026-track3-sys019-utt039.wav,4.225789382064238
sys008,utt078,wav/vmc2026-track3-sys008-utt078.wav,wav/vmc2026-track3-sys019-utt077.wav,4.468129308807687
sys017,utt122,wav/vmc2026-track3-sys017-utt122.wav,wav/vmc2026-track3-sys019-utt121.wav,3.9339709698608494
sys007,utt152,wav/vmc2026-track3-sys007-utt152.wav,wav/vmc2026-track3-sys019-utt151.wav,3.9186599122119956
sys018,utt144,wav/vmc2026-track3-sys018-utt144.wav,wav/vmc2026-track3-sys019-utt143.wav,2.945350044690952
sys012,utt160,wav/vmc2026-track3-sys012-utt160.wav,wav/vmc2026-track3-sys019-utt159.wav,4.069189561856895
sys013,utt312,wav/vmc2026-track3-sys013-utt312.wav,wav/vmc2026-track3-sys019-utt311.wav,3.9503855481696912
sys017,utt268,wav/vmc2026-track3-sys017-utt268.wav,wav/vmc2026-track3-sys019-utt267.wav,3.7734394177308173
sys002,utt306,wav/vmc2026-track3-sys002-utt306.wav,wav/vmc2026-track3-sys019-utt305.wav,4.468548328848885
sys005,utt036,wav/vmc2026-track3-sys005-utt036.wav,wav/vmc2026-track3-sys019-utt035.wav,3.6805715317703043
sys008,utt246,wav/vmc2026-track3-sys008-utt246.wav,wav/vmc2026-track3-sys019-utt245.wav,4.94103512645608
sys006,utt036,wav/vmc2026-track3-sys006-utt036.wav,wav/vmc2026-track3-sys019-utt035.wav,4.7581215575088835
sys005,utt112,wav/vmc2026-track3-sys005-utt112.wav,wav/vmc2026-track3-sys019-utt111.wav,3.6730696632944535
sys005,utt222,wav/vmc2026-track3-sys005-utt222.wav,wav/vmc2026-track3-sys019-utt221.wav,3.8143063529725123
sys022,utt088,wav/vmc2026-track3-sys022-utt088.wav,wav/vmc2026-track3-sys019-utt087.wav,3.816031365680935
sys026,utt242,wav/vmc2026-track3-sys026-utt242.wav,wav/vmc2026-track3-sys019-utt241.wav,4.267883179695532
sys016,utt062,wav/vmc2026-track3-sys016-utt062.wav,wav/vmc2026-track3-sys019-utt061.wav,3.7773912098299203
sys012,utt234,wav/vmc2026-track3-sys012-utt234.wav,wav/vmc2026-track3-sys019-utt233.wav,3.8358564557645978
sys006,utt138,wav/vmc2026-track3-sys006-utt138.wav,wav/vmc2026-track3-sys019-utt137.wav,4.204058014887816
sys006,utt180,wav/vmc2026-track3-sys006-utt180.wav,wav/vmc2026-track3-sys019-utt179.wav,3.829094034172025
sys025,utt214,wav/vmc2026-track3-sys025-utt214.wav,wav/vmc2026-track3-sys019-utt213.wav,4.226705038584607
sys005,utt224,wav/vmc2026-track3-sys005-utt224.wav,wav/vmc2026-track3-sys019-utt223.wav,4.015106830346464
sys023,utt106,wav/vmc2026-track3-sys023-utt106.wav,wav/vmc2026-track3-sys019-utt105.wav,4.492017989089682
sys026,utt126,wav/vmc2026-track3-sys026-utt126.wav,wav/vmc2026-track3-sys019-utt125.wav,4.449647497950118
sys014,utt308,wav/vmc2026-track3-sys014-utt308.wav,wav/vmc2026-track3-sys019-utt307.wav,4.409824178006877
sys011,utt192,wav/vmc2026-track3-sys011-utt192.wav,wav/vmc2026-track3-sys019-utt191.wav,4.685719988685119
sys002,utt030,wav/vmc2026-track3-sys002-utt030.wav,wav/vmc2026-track3-sys019-utt029.wav,4.427922793060469
sys018,utt296,wav/vmc2026-track3-sys018-utt296.wav,wav/vmc2026-track3-sys019-utt295.wav,3.9803312682405556
sys012,utt154,wav/vmc2026-track3-sys012-utt154.wav,wav/vmc2026-track3-sys019-utt153.wav,3.789847628374111
sys009,utt214,wav/vmc2026-track3-sys009-utt214.wav,wav/vmc2026-track3-sys019-utt213.wav,4.523115564734541
sys005,utt064,wav/vmc2026-track3-sys005-utt064.wav,wav/vmc2026-track3-sys019-utt063.wav,3.7689772597921074
sys008,utt050,wav/vmc2026-track3-sys008-utt050.wav,wav/vmc2026-track3-sys019-utt049.wav,4.65980526698662
sys026,utt312,wav/vmc2026-track3-sys026-utt312.wav,wav/vmc2026-track3-sys019-utt311.wav,4.010503756060955
sys018,utt200,wav/vmc2026-track3-sys018-utt200.wav,wav/vmc2026-track3-sys019-utt199.wav,4.225421250574173
sys002,utt186,wav/vmc2026-track3-sys002-utt186.wav,wav/vmc2026-track3-sys019-utt185.wav,4.36406669606378
sys002,utt106,wav/vmc2026-track3-sys002-utt106.wav,wav/vmc2026-track3-sys019-utt105.wav,4.4547331443189835
sys006,utt044,wav/vmc2026-track3-sys006-utt044.wav,wav/vmc2026-track3-sys019-utt043.wav,4.39318267587443
sys014,utt172,wav/vmc2026-track3-sys014-utt172.wav,wav/vmc2026-track3-sys019-utt171.wav,4.446254001896201
sys017,utt030,wav/vmc2026-track3-sys017-utt030.wav,wav/vmc2026-track3-sys019-utt029.wav,3.9503834973763046
sys022,utt154,wav/vmc2026-track3-sys022-utt154.wav,wav/vmc2026-track3-sys019-utt153.wav,3.879050994043381
sys023,utt006,wav/vmc2026-track3-sys023-utt006.wav,wav/vmc2026-track3-sys019-utt005.wav,4.342798227999649
sys022,utt128,wav/vmc2026-track3-sys022-utt128.wav,wav/vmc2026-track3-sys019-utt127.wav,3.541774588309054
sys023,utt114,wav/vmc2026-track3-sys023-utt114.wav,wav/vmc2026-track3-sys019-utt113.wav,4.171600028030667
sys010,utt312,wav/vmc2026-track3-sys010-utt312.wav,wav/vmc2026-track3-sys019-utt311.wav,4.058593861861084
sys013,utt300,wav/vmc2026-track3-sys013-utt300.wav,wav/vmc2026-track3-sys019-utt299.wav,4.217275820817945
sys023,utt148,wav/vmc2026-track3-sys023-utt148.wav,wav/vmc2026-track3-sys019-utt147.wav,3.9868274143838462
sys010,utt160,wav/vmc2026-track3-sys010-utt160.wav,wav/vmc2026-track3-sys019-utt159.wav,4.3969592494567715
sys009,utt124,wav/vmc2026-track3-sys009-utt124.wav,wav/vmc2026-track3-sys019-utt123.wav,4.545598712794584
sys017,utt112,wav/vmc2026-track3-sys017-utt112.wav,wav/vmc2026-track3-sys019-utt111.wav,3.6873649491394285
sys012,utt026,wav/vmc2026-track3-sys012-utt026.wav,wav/vmc2026-track3-sys019-utt025.wav,4.273612953277571
sys018,utt314,wav/vmc2026-track3-sys018-utt314.wav,wav/vmc2026-track3-sys019-utt313.wav,3.027779907550721
sys018,utt268,wav/vmc2026-track3-sys018-utt268.wav,wav/vmc2026-track3-sys019-utt267.wav,3.730659593324231
sys024,utt184,wav/vmc2026-track3-sys024-utt184.wav,wav/vmc2026-track3-sys019-utt183.wav,3.91422743043507
sys013,utt194,wav/vmc2026-track3-sys013-utt194.wav,wav/vmc2026-track3-sys019-utt193.wav,4.21153788420694
sys018,utt182,wav/vmc2026-track3-sys018-utt182.wav,wav/vmc2026-track3-sys019-utt181.wav,2.9237956348559173
sys020,utt244,wav/vmc2026-track3-sys020-utt244.wav,wav/vmc2026-track3-sys019-utt243.wav,3.557620777714418
sys025,utt132,wav/vmc2026-track3-sys025-utt132.wav,wav/vmc2026-track3-sys019-utt131.wav,3.670668160469637
sys024,utt014,wav/vmc2026-track3-sys024-utt014.wav,wav/vmc2026-track3-sys019-utt013.wav,4.536688092475438
sys014,utt180,wav/vmc2026-track3-sys014-utt180.wav,wav/vmc2026-track3-sys019-utt179.wav,4.1106080220072725
sys023,utt280,wav/vmc2026-track3-sys023-utt280.wav,wav/vmc2026-track3-sys019-utt279.wav,4.509867028100525
sys018,utt178,wav/vmc2026-track3-sys018-utt178.wav,wav/vmc2026-track3-sys019-utt177.wav,3.5556024637267
sys011,utt154,wav/vmc2026-track3-sys011-utt154.wav,wav/vmc2026-track3-sys019-utt153.wav,4.505693497371932
sys008,utt278,wav/vmc2026-track3-sys008-utt278.wav,wav/vmc2026-track3-sys019-utt277.wav,4.3388193869779395
sys022,utt250,wav/vmc2026-track3-sys022-utt250.wav,wav/vmc2026-track3-sys019-utt249.wav,3.563226554713897
sys022,utt182,wav/vmc2026-track3-sys022-utt182.wav,wav/vmc2026-track3-sys019-utt181.wav,3.909559717619626
sys013,utt262,wav/vmc2026-track3-sys013-utt262.wav,wav/vmc2026-track3-sys019-utt261.wav,3.825056594828442
sys017,utt172,wav/vmc2026-track3-sys017-utt172.wav,wav/vmc2026-track3-sys019-utt171.wav,4.3187988294965685
sys026,utt244,wav/vmc2026-track3-sys026-utt244.wav,wav/vmc2026-track3-sys019-utt243.wav,4.301288553194057
sys026,utt022,wav/vmc2026-track3-sys026-utt022.wav,wav/vmc2026-track3-sys019-utt021.wav,4.278479239818136
sys023,utt068,wav/vmc2026-track3-sys023-utt068.wav,wav/vmc2026-track3-sys019-utt067.wav,4.0131879842407425
sys008,utt264,wav/vmc2026-track3-sys008-utt264.wav,wav/vmc2026-track3-sys019-utt263.wav,4.337851213941555
sys001,utt084,wav/vmc2026-track3-sys001-utt084.wav,wav/vmc2026-track3-sys019-utt083.wav,4.0596498693910155
sys018,utt102,wav/vmc2026-track3-sys018-utt102.wav,wav/vmc2026-track3-sys019-utt101.wav,3.6611246639570343
sys024,utt024,wav/vmc2026-track3-sys024-utt024.wav,wav/vmc2026-track3-sys019-utt023.wav,3.793722659937549
sys020,utt076,wav/vmc2026-track3-sys020-utt076.wav,wav/vmc2026-track3-sys019-utt075.wav,3.58684230511082
sys016,utt118,wav/vmc2026-track3-sys016-utt118.wav,wav/vmc2026-track3-sys019-utt117.wav,3.388613830266697
sys001,utt156,wav/vmc2026-track3-sys001-utt156.wav,wav/vmc2026-track3-sys019-utt155.wav,3.9866650024567964
sys025,utt192,wav/vmc2026-track3-sys025-utt192.wav,wav/vmc2026-track3-sys019-utt191.wav,3.4643157128697686
sys023,utt014,wav/vmc2026-track3-sys023-utt014.wav,wav/vmc2026-track3-sys019-utt013.wav,4.513372019832106
sys007,utt172,wav/vmc2026-track3-sys007-utt172.wav,wav/vmc2026-track3-sys019-utt171.wav,3.7657653147617154
sys010,utt268,wav/vmc2026-track3-sys010-utt268.wav,wav/vmc2026-track3-sys019-utt267.wav,3.9144772264116416
sys016,utt306,wav/vmc2026-track3-sys016-utt306.wav,wav/vmc2026-track3-sys019-utt305.wav,3.31073403166109
sys013,utt286,wav/vmc2026-track3-sys013-utt286.wav,wav/vmc2026-track3-sys019-utt285.wav,4.070046881719849
sys010,utt218,wav/vmc2026-track3-sys010-utt218.wav,wav/vmc2026-track3-sys019-utt217.wav,4.249515314420853
sys024,utt290,wav/vmc2026-track3-sys024-utt290.wav,wav/vmc2026-track3-sys019-utt289.wav,4.017258344643261
sys013,utt070,wav/vmc2026-track3-sys013-utt070.wav,wav/vmc2026-track3-sys019-utt069.wav,4.241027723441055
sys018,utt126,wav/vmc2026-track3-sys018-utt126.wav,wav/vmc2026-track3-sys019-utt125.wav,3.6524375620104537
sys014,utt120,wav/vmc2026-track3-sys014-utt120.wav,wav/vmc2026-track3-sys019-utt119.wav,4.389477647338262
sys022,utt104,wav/vmc2026-track3-sys022-utt104.wav,wav/vmc2026-track3-sys019-utt103.wav,3.1249030926347228
sys024,utt034,wav/vmc2026-track3-sys024-utt034.wav,wav/vmc2026-track3-sys019-utt033.wav,4.211310121934654
sys025,utt070,wav/vmc2026-track3-sys025-utt070.wav,wav/vmc2026-track3-sys019-utt069.wav,3.8708820592030957
sys013,utt226,wav/vmc2026-track3-sys013-utt226.wav,wav/vmc2026-track3-sys019-utt225.wav,4.1954208787227465
sys002,utt230,wav/vmc2026-track3-sys002-utt230.wav,wav/vmc2026-track3-sys019-utt229.wav,4.681631923921774
sys020,utt292,wav/vmc2026-track3-sys020-utt292.wav,wav/vmc2026-track3-sys019-utt291.wav,3.391503428169271
sys018,utt008,wav/vmc2026-track3-sys018-utt008.wav,wav/vmc2026-track3-sys019-utt007.wav,3.9580120984149048
sys024,utt220,wav/vmc2026-track3-sys024-utt220.wav,wav/vmc2026-track3-sys019-utt219.wav,3.8591381543389516
sys005,utt030,wav/vmc2026-track3-sys005-utt030.wav,wav/vmc2026-track3-sys019-utt029.wav,3.591752853823653
sys020,utt148,wav/vmc2026-track3-sys020-utt148.wav,wav/vmc2026-track3-sys019-utt147.wav,3.547972776334958
sys006,utt066,wav/vmc2026-track3-sys006-utt066.wav,wav/vmc2026-track3-sys019-utt065.wav,4.237110809010545
sys020,utt154,wav/vmc2026-track3-sys020-utt154.wav,wav/vmc2026-track3-sys019-utt153.wav,3.911197665059501
sys011,utt176,wav/vmc2026-track3-sys011-utt176.wav,wav/vmc2026-track3-sys019-utt175.wav,4.456452494870147
sys022,utt208,wav/vmc2026-track3-sys022-utt208.wav,wav/vmc2026-track3-sys019-utt207.wav,3.8994548606155868
sys018,utt032,wav/vmc2026-track3-sys018-utt032.wav,wav/vmc2026-track3-sys019-utt031.wav,3.747736292877268
sys023,utt144,wav/vmc2026-track3-sys023-utt144.wav,wav/vmc2026-track3-sys019-utt143.wav,4.129478493226988
sys012,utt084,wav/vmc2026-track3-sys012-utt084.wav,wav/vmc2026-track3-sys019-utt083.wav,4.202446267552866
sys006,utt176,wav/vmc2026-track3-sys006-utt176.wav,wav/vmc2026-track3-sys019-utt175.wav,3.9516840485359768
sys020,utt218,wav/vmc2026-track3-sys020-utt218.wav,wav/vmc2026-track3-sys019-utt217.wav,3.4990531619016343
sys012,utt002,wav/vmc2026-track3-sys012-utt002.wav,wav/vmc2026-track3-sys019-utt001.wav,4.147184002570224
sys016,utt292,wav/vmc2026-track3-sys016-utt292.wav,wav/vmc2026-track3-sys019-utt291.wav,4.097654343008782
sys022,utt282,wav/vmc2026-track3-sys022-utt282.wav,wav/vmc2026-track3-sys019-utt281.wav,4.007904683760896
sys011,utt184,wav/vmc2026-track3-sys011-utt184.wav,wav/vmc2026-track3-sys019-utt183.wav,4.571743492682779
sys022,utt196,wav/vmc2026-track3-sys022-utt196.wav,wav/vmc2026-track3-sys019-utt195.wav,3.966201169434854
sys024,utt002,wav/vmc2026-track3-sys024-utt002.wav,wav/vmc2026-track3-sys019-utt001.wav,4.169610749389728
sys016,utt298,wav/vmc2026-track3-sys016-utt298.wav,wav/vmc2026-track3-sys019-utt297.wav,3.3409028298530226
sys012,utt194,wav/vmc2026-track3-sys012-utt194.wav,wav/vmc2026-track3-sys019-utt193.wav,3.9684483138536
sys012,utt238,wav/vmc2026-track3-sys012-utt238.wav,wav/vmc2026-track3-sys019-utt237.wav,4.1516403924453495
sys008,utt084,wav/vmc2026-track3-sys008-utt084.wav,wav/vmc2026-track3-sys019-utt083.wav,4.595542465355574
sys007,utt086,wav/vmc2026-track3-sys007-utt086.wav,wav/vmc2026-track3-sys019-utt085.wav,3.6405431961977857
sys006,utt022,wav/vmc2026-track3-sys006-utt022.wav,wav/vmc2026-track3-sys019-utt021.wav,4.114027007445449
sys020,utt266,wav/vmc2026-track3-sys020-utt266.wav,wav/vmc2026-track3-sys019-utt265.wav,3.6093716435149372
sys007,utt112,wav/vmc2026-track3-sys007-utt112.wav,wav/vmc2026-track3-sys019-utt111.wav,3.772835179889065
sys014,utt232,wav/vmc2026-track3-sys014-utt232.wav,wav/vmc2026-track3-sys019-utt231.wav,4.634768507313146
sys020,utt112,wav/vmc2026-track3-sys020-utt112.wav,wav/vmc2026-track3-sys019-utt111.wav,3.3970060776640034
sys022,utt038,wav/vmc2026-track3-sys022-utt038.wav,wav/vmc2026-track3-sys019-utt037.wav,3.901331863577923
sys018,utt218,wav/vmc2026-track3-sys018-utt218.wav,wav/vmc2026-track3-sys019-utt217.wav,4.186066611873787
sys005,utt298,wav/vmc2026-track3-sys005-utt298.wav,wav/vmc2026-track3-sys019-utt297.wav,3.630521900754556
sys025,utt302,wav/vmc2026-track3-sys025-utt302.wav,wav/vmc2026-track3-sys019-utt301.wav,3.9858230916435002
sys018,utt270,wav/vmc2026-track3-sys018-utt270.wav,wav/vmc2026-track3-sys019-utt269.wav,3.7459565955441847
sys009,utt282,wav/vmc2026-track3-sys009-utt282.wav,wav/vmc2026-track3-sys019-utt281.wav,4.60731814048474
sys018,utt210,wav/vmc2026-track3-sys018-utt210.wav,wav/vmc2026-track3-sys019-utt209.wav,3.6739377607437156
sys001,utt172,wav/vmc2026-track3-sys001-utt172.wav,wav/vmc2026-track3-sys019-utt171.wav,4.012245733239825
sys013,utt002,wav/vmc2026-track3-sys013-utt002.wav,wav/vmc2026-track3-sys019-utt001.wav,4.152418498048696
sys009,utt302,wav/vmc2026-track3-sys009-utt302.wav,wav/vmc2026-track3-sys019-utt301.wav,4.657159957582499
sys024,utt292,wav/vmc2026-track3-sys024-utt292.wav,wav/vmc2026-track3-sys019-utt291.wav,4.0217538336338805
sys010,utt264,wav/vmc2026-track3-sys010-utt264.wav,wav/vmc2026-track3-sys019-utt263.wav,4.023599944860362
sys007,utt200,wav/vmc2026-track3-sys007-utt200.wav,wav/vmc2026-track3-sys019-utt199.wav,4.1876927476749435
sys022,utt102,wav/vmc2026-track3-sys022-utt102.wav,wav/vmc2026-track3-sys019-utt101.wav,3.4972447843044843
sys013,utt062,wav/vmc2026-track3-sys013-utt062.wav,wav/vmc2026-track3-sys019-utt061.wav,4.042984453504435
sys013,utt250,wav/vmc2026-track3-sys013-utt250.wav,wav/vmc2026-track3-sys019-utt249.wav,4.1529482689908574
sys010,utt010,wav/vmc2026-track3-sys010-utt010.wav,wav/vmc2026-track3-sys019-utt009.wav,3.8333333858628316
sys024,utt180,wav/vmc2026-track3-sys024-utt180.wav,wav/vmc2026-track3-sys019-utt179.wav,3.863111718005696
sys002,utt208,wav/vmc2026-track3-sys002-utt208.wav,wav/vmc2026-track3-sys019-utt207.wav,4.5188418269140485
sys013,utt050,wav/vmc2026-track3-sys013-utt050.wav,wav/vmc2026-track3-sys019-utt049.wav,3.885282847780154
sys013,utt066,wav/vmc2026-track3-sys013-utt066.wav,wav/vmc2026-track3-sys019-utt065.wav,3.9566797135773295
sys001,utt266,wav/vmc2026-track3-sys001-utt266.wav,wav/vmc2026-track3-sys019-utt265.wav,3.9097048236217526
sys001,utt016,wav/vmc2026-track3-sys001-utt016.wav,wav/vmc2026-track3-sys019-utt015.wav,3.918210319424729
sys024,utt018,wav/vmc2026-track3-sys024-utt018.wav,wav/vmc2026-track3-sys019-utt017.wav,4.2126604518565465
sys001,utt020,wav/vmc2026-track3-sys001-utt020.wav,wav/vmc2026-track3-sys019-utt019.wav,3.9357245607782048
sys016,utt126,wav/vmc2026-track3-sys016-utt126.wav,wav/vmc2026-track3-sys019-utt125.wav,4.040804739899585
sys022,utt198,wav/vmc2026-track3-sys022-utt198.wav,wav/vmc2026-track3-sys019-utt197.wav,4.300110464845779
sys006,utt076,wav/vmc2026-track3-sys006-utt076.wav,wav/vmc2026-track3-sys019-utt075.wav,4.291657799017582
sys002,utt266,wav/vmc2026-track3-sys002-utt266.wav,wav/vmc2026-track3-sys019-utt265.wav,4.283407665076161
sys001,utt116,wav/vmc2026-track3-sys001-utt116.wav,wav/vmc2026-track3-sys019-utt115.wav,3.8164586162108116
sys025,utt264,wav/vmc2026-track3-sys025-utt264.wav,wav/vmc2026-track3-sys019-utt263.wav,3.8997721896698696
sys006,utt134,wav/vmc2026-track3-sys006-utt134.wav,wav/vmc2026-track3-sys019-utt133.wav,4.144777281246167
sys012,utt144,wav/vmc2026-track3-sys012-utt144.wav,wav/vmc2026-track3-sys019-utt143.wav,3.486371668385159
sys007,utt046,wav/vmc2026-track3-sys007-utt046.wav,wav/vmc2026-track3-sys019-utt045.wav,4.06630768262571
sys008,utt214,wav/vmc2026-track3-sys008-utt214.wav,wav/vmc2026-track3-sys019-utt213.wav,4.742247304381508
sys007,utt176,wav/vmc2026-track3-sys007-utt176.wav,wav/vmc2026-track3-sys019-utt175.wav,3.6553252276912356
sys007,utt224,wav/vmc2026-track3-sys007-utt224.wav,wav/vmc2026-track3-sys019-utt223.wav,3.794260343627767
sys014,utt276,wav/vmc2026-track3-sys014-utt276.wav,wav/vmc2026-track3-sys019-utt275.wav,4.456620337147233
sys009,utt084,wav/vmc2026-track3-sys009-utt084.wav,wav/vmc2026-track3-sys019-utt083.wav,4.556877473237782
sys011,utt034,wav/vmc2026-track3-sys011-utt034.wav,wav/vmc2026-track3-sys019-utt033.wav,4.48655179545117
sys025,utt148,wav/vmc2026-track3-sys025-utt148.wav,wav/vmc2026-track3-sys019-utt147.wav,3.558565220775844
sys005,utt132,wav/vmc2026-track3-sys005-utt132.wav,wav/vmc2026-track3-sys019-utt131.wav,3.8419780218481403
sys024,utt318,wav/vmc2026-track3-sys024-utt318.wav,wav/vmc2026-track3-sys019-utt317.wav,4.129986738562415
sys018,utt186,wav/vmc2026-track3-sys018-utt186.wav,wav/vmc2026-track3-sys019-utt185.wav,3.608645682867092
sys017,utt108,wav/vmc2026-track3-sys017-utt108.wav,wav/vmc2026-track3-sys019-utt107.wav,3.696238797922654
sys022,utt156,wav/vmc2026-track3-sys022-utt156.wav,wav/vmc2026-track3-sys019-utt155.wav,4.171930194097471
sys023,utt038,wav/vmc2026-track3-sys023-utt038.wav,wav/vmc2026-track3-sys019-utt037.wav,4.510252109315096
sys005,utt192,wav/vmc2026-track3-sys005-utt192.wav,wav/vmc2026-track3-sys019-utt191.wav,3.4314854511315964
sys013,utt248,wav/vmc2026-track3-sys013-utt248.wav,wav/vmc2026-track3-sys019-utt247.wav,4.345432634155149
sys022,utt008,wav/vmc2026-track3-sys022-utt008.wav,wav/vmc2026-track3-sys019-utt007.wav,3.8763492640050967
sys014,utt174,wav/vmc2026-track3-sys014-utt174.wav,wav/vmc2026-track3-sys019-utt173.wav,4.252380232059549
sys008,utt234,wav/vmc2026-track3-sys008-utt234.wav,wav/vmc2026-track3-sys019-utt233.wav,4.4779712267084975
sys001,utt066,wav/vmc2026-track3-sys001-utt066.wav,wav/vmc2026-track3-sys019-utt065.wav,4.049164319008631
sys022,utt044,wav/vmc2026-track3-sys022-utt044.wav,wav/vmc2026-track3-sys019-utt043.wav,4.242946575769689
sys008,utt178,wav/vmc2026-track3-sys008-utt178.wav,wav/vmc2026-track3-sys019-utt177.wav,4.363948293085777
sys008,utt306,wav/vmc2026-track3-sys008-utt306.wav,wav/vmc2026-track3-sys019-utt305.wav,4.7301804322689405
sys020,utt072,wav/vmc2026-track3-sys020-utt072.wav,wav/vmc2026-track3-sys019-utt071.wav,3.414177310487367
sys018,utt264,wav/vmc2026-track3-sys018-utt264.wav,wav/vmc2026-track3-sys019-utt263.wav,3.6254438303603203
sys018,utt112,wav/vmc2026-track3-sys018-utt112.wav,wav/vmc2026-track3-sys019-utt111.wav,3.297121776124306
sys020,utt174,wav/vmc2026-track3-sys020-utt174.wav,wav/vmc2026-track3-sys019-utt173.wav,3.104082994989086
sys016,utt274,wav/vmc2026-track3-sys016-utt274.wav,wav/vmc2026-track3-sys019-utt273.wav,3.885242883225865
sys009,utt266,wav/vmc2026-track3-sys009-utt266.wav,wav/vmc2026-track3-sys019-utt265.wav,4.423851429459066
sys026,utt174,wav/vmc2026-track3-sys026-utt174.wav,wav/vmc2026-track3-sys019-utt173.wav,4.085392370675244
sys024,utt202,wav/vmc2026-track3-sys024-utt202.wav,wav/vmc2026-track3-sys019-utt201.wav,4.1050781989981555
sys013,utt130,wav/vmc2026-track3-sys013-utt130.wav,wav/vmc2026-track3-sys019-utt129.wav,4.355241758491805
sys012,utt184,wav/vmc2026-track3-sys012-utt184.wav,wav/vmc2026-track3-sys019-utt183.wav,3.7418881450568433
sys006,utt086,wav/vmc2026-track3-sys006-utt086.wav,wav/vmc2026-track3-sys019-utt085.wav,4.278785209041926
sys020,utt002,wav/vmc2026-track3-sys020-utt002.wav,wav/vmc2026-track3-sys019-utt001.wav,3.4057947101205763
sys025,utt110,wav/vmc2026-track3-sys025-utt110.wav,wav/vmc2026-track3-sys019-utt109.wav,3.6080589011571615
sys025,utt130,wav/vmc2026-track3-sys025-utt130.wav,wav/vmc2026-track3-sys019-utt129.wav,3.5033974039535845
sys013,utt126,wav/vmc2026-track3-sys013-utt126.wav,wav/vmc2026-track3-sys019-utt125.wav,3.9883008182805235
sys005,utt242,wav/vmc2026-track3-sys005-utt242.wav,wav/vmc2026-track3-sys019-utt241.wav,3.7597861093131604
sys010,utt292,wav/vmc2026-track3-sys010-utt292.wav,wav/vmc2026-track3-sys019-utt291.wav,4.511622226213396
sys016,utt180,wav/vmc2026-track3-sys016-utt180.wav,wav/vmc2026-track3-sys019-utt179.wav,3.548054584162136
sys026,utt088,wav/vmc2026-track3-sys026-utt088.wav,wav/vmc2026-track3-sys019-utt087.wav,4.18658164453728
sys006,utt032,wav/vmc2026-track3-sys006-utt032.wav,wav/vmc2026-track3-sys019-utt031.wav,4.127762972246604
sys001,utt178,wav/vmc2026-track3-sys001-utt178.wav,wav/vmc2026-track3-sys019-utt177.wav,3.840282619052292
sys012,utt032,wav/vmc2026-track3-sys012-utt032.wav,wav/vmc2026-track3-sys019-utt031.wav,3.867611164922012
sys020,utt248,wav/vmc2026-track3-sys020-utt248.wav,wav/vmc2026-track3-sys019-utt247.wav,3.617583708558059
sys025,utt012,wav/vmc2026-track3-sys025-utt012.wav,wav/vmc2026-track3-sys019-utt011.wav,3.4026270053853684
sys011,utt050,wav/vmc2026-track3-sys011-utt050.wav,wav/vmc2026-track3-sys019-utt049.wav,4.425601750839225
sys023,utt238,wav/vmc2026-track3-sys023-utt238.wav,wav/vmc2026-track3-sys019-utt237.wav,4.376150829122798
sys010,utt238,wav/vmc2026-track3-sys010-utt238.wav,wav/vmc2026-track3-sys019-utt237.wav,4.0202195641965925
sys024,utt208,wav/vmc2026-track3-sys024-utt208.wav,wav/vmc2026-track3-sys019-utt207.wav,3.9512226617259714
sys005,utt134,wav/vmc2026-track3-sys005-utt134.wav,wav/vmc2026-track3-sys019-utt133.wav,3.8964390687846104
sys007,utt248,wav/vmc2026-track3-sys007-utt248.wav,wav/vmc2026-track3-sys019-utt247.wav,3.659072681110013
sys006,utt048,wav/vmc2026-track3-sys006-utt048.wav,wav/vmc2026-track3-sys019-utt047.wav,4.5766761849873125
sys010,utt276,wav/vmc2026-track3-sys010-utt276.wav,wav/vmc2026-track3-sys019-utt275.wav,4.176781413371484
sys026,utt158,wav/vmc2026-track3-sys026-utt158.wav,wav/vmc2026-track3-sys019-utt157.wav,3.9329681105419234
sys016,utt232,wav/vmc2026-track3-sys016-utt232.wav,wav/vmc2026-track3-sys019-utt231.wav,4.244932943469313
sys016,utt008,wav/vmc2026-track3-sys016-utt008.wav,wav/vmc2026-track3-sys019-utt007.wav,3.3458059660977097
sys009,utt028,wav/vmc2026-track3-sys009-utt028.wav,wav/vmc2026-track3-sys019-utt027.wav,4.427107489189923
sys009,utt046,wav/vmc2026-track3-sys009-utt046.wav,wav/vmc2026-track3-sys019-utt045.wav,4.6739479463379725
sys002,utt016,wav/vmc2026-track3-sys002-utt016.wav,wav/vmc2026-track3-sys019-utt015.wav,4.464485895906701
sys012,utt082,wav/vmc2026-track3-sys012-utt082.wav,wav/vmc2026-track3-sys019-utt081.wav,3.91359049173932
sys006,utt124,wav/vmc2026-track3-sys006-utt124.wav,wav/vmc2026-track3-sys019-utt123.wav,4.384519542802048
sys026,utt272,wav/vmc2026-track3-sys026-utt272.wav,wav/vmc2026-track3-sys019-utt271.wav,4.046966819732492
sys002,utt268,wav/vmc2026-track3-sys002-utt268.wav,wav/vmc2026-track3-sys019-utt267.wav,4.086977704206185
sys009,utt110,wav/vmc2026-track3-sys009-utt110.wav,wav/vmc2026-track3-sys019-utt109.wav,4.1719193652753965
sys008,utt320,wav/vmc2026-track3-sys008-utt320.wav,wav/vmc2026-track3-sys019-utt319.wav,4.364944496188736
sys010,utt124,wav/vmc2026-track3-sys010-utt124.wav,wav/vmc2026-track3-sys019-utt123.wav,4.043160836846268
sys005,utt130,wav/vmc2026-track3-sys005-utt130.wav,wav/vmc2026-track3-sys019-utt129.wav,3.7824240544060848
sys010,utt206,wav/vmc2026-track3-sys010-utt206.wav,wav/vmc2026-track3-sys019-utt205.wav,3.901848500966464
sys001,utt298,wav/vmc2026-track3-sys001-utt298.wav,wav/vmc2026-track3-sys019-utt297.wav,4.206421111099307
sys005,utt110,wav/vmc2026-track3-sys005-utt110.wav,wav/vmc2026-track3-sys019-utt109.wav,3.9143202217250517
sys001,utt194,wav/vmc2026-track3-sys001-utt194.wav,wav/vmc2026-track3-sys019-utt193.wav,4.2057889984083445
sys023,utt010,wav/vmc2026-track3-sys023-utt010.wav,wav/vmc2026-track3-sys019-utt009.wav,4.417834907334275
sys018,utt246,wav/vmc2026-track3-sys018-utt246.wav,wav/vmc2026-track3-sys019-utt245.wav,3.5878217118511144
sys013,utt298,wav/vmc2026-track3-sys013-utt298.wav,wav/vmc2026-track3-sys019-utt297.wav,4.266888965877054
sys002,utt224,wav/vmc2026-track3-sys002-utt224.wav,wav/vmc2026-track3-sys019-utt223.wav,4.438477946915007
sys016,utt270,wav/vmc2026-track3-sys016-utt270.wav,wav/vmc2026-track3-sys019-utt269.wav,3.9607205357487114
sys016,utt026,wav/vmc2026-track3-sys016-utt026.wav,wav/vmc2026-track3-sys019-utt025.wav,3.841056374694847
sys023,utt128,wav/vmc2026-track3-sys023-utt128.wav,wav/vmc2026-track3-sys019-utt127.wav,3.962722020216048
sys010,utt142,wav/vmc2026-track3-sys010-utt142.wav,wav/vmc2026-track3-sys019-utt141.wav,3.8926390613685347
sys009,utt192,wav/vmc2026-track3-sys009-utt192.wav,wav/vmc2026-track3-sys019-utt191.wav,4.969798683235611
sys016,utt220,wav/vmc2026-track3-sys016-utt220.wav,wav/vmc2026-track3-sys019-utt219.wav,3.5896193003382426
sys014,utt072,wav/vmc2026-track3-sys014-utt072.wav,wav/vmc2026-track3-sys019-utt071.wav,4.060848903233345
sys014,utt312,wav/vmc2026-track3-sys014-utt312.wav,wav/vmc2026-track3-sys019-utt311.wav,3.9576804766587195
sys013,utt014,wav/vmc2026-track3-sys013-utt014.wav,wav/vmc2026-track3-sys019-utt013.wav,4.057873078486089
sys006,utt320,wav/vmc2026-track3-sys006-utt320.wav,wav/vmc2026-track3-sys019-utt319.wav,4.077941798845467
sys011,utt078,wav/vmc2026-track3-sys011-utt078.wav,wav/vmc2026-track3-sys019-utt077.wav,4.191468002526018
sys017,utt236,wav/vmc2026-track3-sys017-utt236.wav,wav/vmc2026-track3-sys019-utt235.wav,4.084200962679756
sys011,utt152,wav/vmc2026-track3-sys011-utt152.wav,wav/vmc2026-track3-sys019-utt151.wav,4.577287957327285
sys016,utt140,wav/vmc2026-track3-sys016-utt140.wav,wav/vmc2026-track3-sys019-utt139.wav,3.562120288912381
sys017,utt178,wav/vmc2026-track3-sys017-utt178.wav,wav/vmc2026-track3-sys019-utt177.wav,4.3358011297305215
sys017,utt224,wav/vmc2026-track3-sys017-utt224.wav,wav/vmc2026-track3-sys019-utt223.wav,4.109610428478602
sys018,utt292,wav/vmc2026-track3-sys018-utt292.wav,wav/vmc2026-track3-sys019-utt291.wav,3.9102963259839707
sys022,utt148,wav/vmc2026-track3-sys022-utt148.wav,wav/vmc2026-track3-sys019-utt147.wav,3.819783350560289
sys025,utt038,wav/vmc2026-track3-sys025-utt038.wav,wav/vmc2026-track3-sys019-utt037.wav,3.8712445218117852
sys026,utt278,wav/vmc2026-track3-sys026-utt278.wav,wav/vmc2026-track3-sys019-utt277.wav,3.750823785628592
sys005,utt080,wav/vmc2026-track3-sys005-utt080.wav,wav/vmc2026-track3-sys019-utt079.wav,3.223897520120776
sys008,utt172,wav/vmc2026-track3-sys008-utt172.wav,wav/vmc2026-track3-sys019-utt171.wav,4.520754711313291
sys014,utt156,wav/vmc2026-track3-sys014-utt156.wav,wav/vmc2026-track3-sys019-utt155.wav,4.6233505645232595
sys012,utt230,wav/vmc2026-track3-sys012-utt230.wav,wav/vmc2026-track3-sys019-utt229.wav,4.124816208696222
sys007,utt106,wav/vmc2026-track3-sys007-utt106.wav,wav/vmc2026-track3-sys019-utt105.wav,3.493855471780233
sys025,utt036,wav/vmc2026-track3-sys025-utt036.wav,wav/vmc2026-track3-sys019-utt035.wav,4.147764199143022
sys022,utt152,wav/vmc2026-track3-sys022-utt152.wav,wav/vmc2026-track3-sys019-utt151.wav,4.405059864957256
sys006,utt308,wav/vmc2026-track3-sys006-utt308.wav,wav/vmc2026-track3-sys019-utt307.wav,4.348656156960305
sys008,utt226,wav/vmc2026-track3-sys008-utt226.wav,wav/vmc2026-track3-sys019-utt225.wav,4.768239103695383
sys010,utt038,wav/vmc2026-track3-sys010-utt038.wav,wav/vmc2026-track3-sys019-utt037.wav,3.6595009000962153
sys016,utt284,wav/vmc2026-track3-sys016-utt284.wav,wav/vmc2026-track3-sys019-utt283.wav,3.927574409427147
sys001,utt192,wav/vmc2026-track3-sys001-utt192.wav,wav/vmc2026-track3-sys019-utt191.wav,3.897820096280727
sys010,utt228,wav/vmc2026-track3-sys010-utt228.wav,wav/vmc2026-track3-sys019-utt227.wav,4.262612121174966
sys002,utt194,wav/vmc2026-track3-sys002-utt194.wav,wav/vmc2026-track3-sys019-utt193.wav,4.811161376957273
sys006,utt306,wav/vmc2026-track3-sys006-utt306.wav,wav/vmc2026-track3-sys019-utt305.wav,4.406693600594888
sys010,utt074,wav/vmc2026-track3-sys010-utt074.wav,wav/vmc2026-track3-sys019-utt073.wav,3.841308686281565
sys016,utt288,wav/vmc2026-track3-sys016-utt288.wav,wav/vmc2026-track3-sys019-utt287.wav,3.56281905292177
sys005,utt074,wav/vmc2026-track3-sys005-utt074.wav,wav/vmc2026-track3-sys019-utt073.wav,3.421774419426563
sys007,utt038,wav/vmc2026-track3-sys007-utt038.wav,wav/vmc2026-track3-sys019-utt037.wav,4.000994463243546
sys022,utt296,wav/vmc2026-track3-sys022-utt296.wav,wav/vmc2026-track3-sys019-utt295.wav,3.7350405252416823
sys017,utt202,wav/vmc2026-track3-sys017-utt202.wav,wav/vmc2026-track3-sys019-utt201.wav,4.1830652015031085
sys001,utt286,wav/vmc2026-track3-sys001-utt286.wav,wav/vmc2026-track3-sys019-utt285.wav,3.849542740284176
sys009,utt268,wav/vmc2026-track3-sys009-utt268.wav,wav/vmc2026-track3-sys019-utt267.wav,4.1715326914822874
sys020,utt272,wav/vmc2026-track3-sys020-utt272.wav,wav/vmc2026-track3-sys019-utt271.wav,3.6229232450440403
sys013,utt030,wav/vmc2026-track3-sys013-utt030.wav,wav/vmc2026-track3-sys019-utt029.wav,3.8925249164120053
sys012,utt012,wav/vmc2026-track3-sys012-utt012.wav,wav/vmc2026-track3-sys019-utt011.wav,3.997032366807461
sys013,utt234,wav/vmc2026-track3-sys013-utt234.wav,wav/vmc2026-track3-sys019-utt233.wav,3.5895162617269825
sys011,utt076,wav/vmc2026-track3-sys011-utt076.wav,wav/vmc2026-track3-sys019-utt075.wav,4.108562000210029
sys017,utt080,wav/vmc2026-track3-sys017-utt080.wav,wav/vmc2026-track3-sys019-utt079.wav,4.007855132364337
sys001,utt080,wav/vmc2026-track3-sys001-utt080.wav,wav/vmc2026-track3-sys019-utt079.wav,3.6605525600310167
sys008,utt176,wav/vmc2026-track3-sys008-utt176.wav,wav/vmc2026-track3-sys019-utt175.wav,4.286683215446941
sys009,utt182,wav/vmc2026-track3-sys009-utt182.wav,wav/vmc2026-track3-sys019-utt181.wav,4.562704989082444
sys012,utt046,wav/vmc2026-track3-sys012-utt046.wav,wav/vmc2026-track3-sys019-utt045.wav,3.920907717349185
sys002,utt158,wav/vmc2026-track3-sys002-utt158.wav,wav/vmc2026-track3-sys019-utt157.wav,4.686226961635531
sys009,utt250,wav/vmc2026-track3-sys009-utt250.wav,wav/vmc2026-track3-sys019-utt249.wav,4.448069062013767
sys008,utt298,wav/vmc2026-track3-sys008-utt298.wav,wav/vmc2026-track3-sys019-utt297.wav,4.742997479708173
sys012,utt316,wav/vmc2026-track3-sys012-utt316.wav,wav/vmc2026-track3-sys019-utt315.wav,4.001653540036419
sys023,utt142,wav/vmc2026-track3-sys023-utt142.wav,wav/vmc2026-track3-sys019-utt141.wav,4.380397411106066
sys023,utt312,wav/vmc2026-track3-sys023-utt312.wav,wav/vmc2026-track3-sys019-utt311.wav,4.425839906518614
sys017,utt300,wav/vmc2026-track3-sys017-utt300.wav,wav/vmc2026-track3-sys019-utt299.wav,4.231175250602354
sys002,utt122,wav/vmc2026-track3-sys002-utt122.wav,wav/vmc2026-track3-sys019-utt121.wav,4.545402392237159
sys012,utt036,wav/vmc2026-track3-sys012-utt036.wav,wav/vmc2026-track3-sys019-utt035.wav,4.032636708921832
sys022,utt036,wav/vmc2026-track3-sys022-utt036.wav,wav/vmc2026-track3-sys019-utt035.wav,3.7882810313571484
sys010,utt014,wav/vmc2026-track3-sys010-utt014.wav,wav/vmc2026-track3-sys019-utt013.wav,4.352473469268234
sys007,utt140,wav/vmc2026-track3-sys007-utt140.wav,wav/vmc2026-track3-sys019-utt139.wav,3.3928437861721257
sys001,utt304,wav/vmc2026-track3-sys001-utt304.wav,wav/vmc2026-track3-sys019-utt303.wav,4.053741102517969
sys005,utt160,wav/vmc2026-track3-sys005-utt160.wav,wav/vmc2026-track3-sys019-utt159.wav,4.026126798443015
sys014,utt030,wav/vmc2026-track3-sys014-utt030.wav,wav/vmc2026-track3-sys019-utt029.wav,3.8827976848315267
sys022,utt066,wav/vmc2026-track3-sys022-utt066.wav,wav/vmc2026-track3-sys019-utt065.wav,4.084260392743679
sys026,utt040,wav/vmc2026-track3-sys026-utt040.wav,wav/vmc2026-track3-sys019-utt039.wav,4.092540448864346
sys023,utt076,wav/vmc2026-track3-sys023-utt076.wav,wav/vmc2026-track3-sys019-utt075.wav,4.269425381767323
sys024,utt046,wav/vmc2026-track3-sys024-utt046.wav,wav/vmc2026-track3-sys019-utt045.wav,3.844922192084449
sys016,utt194,wav/vmc2026-track3-sys016-utt194.wav,wav/vmc2026-track3-sys019-utt193.wav,3.8860656687490898
sys011,utt212,wav/vmc2026-track3-sys011-utt212.wav,wav/vmc2026-track3-sys019-utt211.wav,4.5116681462830845
sys009,utt030,wav/vmc2026-track3-sys009-utt030.wav,wav/vmc2026-track3-sys019-utt029.wav,4.814280571707482
sys002,utt088,wav/vmc2026-track3-sys002-utt088.wav,wav/vmc2026-track3-sys019-utt087.wav,4.489705972385595
sys013,utt006,wav/vmc2026-track3-sys013-utt006.wav,wav/vmc2026-track3-sys019-utt005.wav,3.8121304680509494
sys013,utt034,wav/vmc2026-track3-sys013-utt034.wav,wav/vmc2026-track3-sys019-utt033.wav,3.9838608564429667
sys016,utt276,wav/vmc2026-track3-sys016-utt276.wav,wav/vmc2026-track3-sys019-utt275.wav,3.4598252547499273
sys001,utt018,wav/vmc2026-track3-sys001-utt018.wav,wav/vmc2026-track3-sys019-utt017.wav,3.867273246576045
sys005,utt184,wav/vmc2026-track3-sys005-utt184.wav,wav/vmc2026-track3-sys019-utt183.wav,3.8714778595157244
sys013,utt036,wav/vmc2026-track3-sys013-utt036.wav,wav/vmc2026-track3-sys019-utt035.wav,4.122200630805292
sys026,utt282,wav/vmc2026-track3-sys026-utt282.wav,wav/vmc2026-track3-sys019-utt281.wav,4.094582302990416
sys018,utt300,wav/vmc2026-track3-sys018-utt300.wav,wav/vmc2026-track3-sys019-utt299.wav,3.67075055120415
sys005,utt294,wav/vmc2026-track3-sys005-utt294.wav,wav/vmc2026-track3-sys019-utt293.wav,3.731619851227603
sys012,utt078,wav/vmc2026-track3-sys012-utt078.wav,wav/vmc2026-track3-sys019-utt077.wav,3.7659938346906805
sys001,utt294,wav/vmc2026-track3-sys001-utt294.wav,wav/vmc2026-track3-sys019-utt293.wav,4.184753836064662
sys018,utt184,wav/vmc2026-track3-sys018-utt184.wav,wav/vmc2026-track3-sys019-utt183.wav,3.694341530920095
sys014,utt282,wav/vmc2026-track3-sys014-utt282.wav,wav/vmc2026-track3-sys019-utt281.wav,4.440836142209471
sys014,utt218,wav/vmc2026-track3-sys014-utt218.wav,wav/vmc2026-track3-sys019-utt217.wav,4.551231587684276
sys017,utt086,wav/vmc2026-track3-sys017-utt086.wav,wav/vmc2026-track3-sys019-utt085.wav,3.7133203309802467
sys014,utt132,wav/vmc2026-track3-sys014-utt132.wav,wav/vmc2026-track3-sys019-utt131.wav,4.344053269663927
sys011,utt002,wav/vmc2026-track3-sys011-utt002.wav,wav/vmc2026-track3-sys019-utt001.wav,4.982960049109562
sys012,utt010,wav/vmc2026-track3-sys012-utt010.wav,wav/vmc2026-track3-sys019-utt009.wav,4.020744306782024
sys010,utt120,wav/vmc2026-track3-sys010-utt120.wav,wav/vmc2026-track3-sys019-utt119.wav,3.980730111331054
sys013,utt278,wav/vmc2026-track3-sys013-utt278.wav,wav/vmc2026-track3-sys019-utt277.wav,4.007040369735082
sys022,utt194,wav/vmc2026-track3-sys022-utt194.wav,wav/vmc2026-track3-sys019-utt193.wav,3.7288279834201843
sys025,utt310,wav/vmc2026-track3-sys025-utt310.wav,wav/vmc2026-track3-sys019-utt309.wav,3.8055117723187584
sys014,utt104,wav/vmc2026-track3-sys014-utt104.wav,wav/vmc2026-track3-sys019-utt103.wav,4.334225643918833
sys007,utt028,wav/vmc2026-track3-sys007-utt028.wav,wav/vmc2026-track3-sys019-utt027.wav,3.5625912342684827
sys011,utt150,wav/vmc2026-track3-sys011-utt150.wav,wav/vmc2026-track3-sys019-utt149.wav,4.20260631105168
sys010,utt192,wav/vmc2026-track3-sys010-utt192.wav,wav/vmc2026-track3-sys019-utt191.wav,3.807913273252485
sys006,utt084,wav/vmc2026-track3-sys006-utt084.wav,wav/vmc2026-track3-sys019-utt083.wav,4.272019972609977
sys017,utt130,wav/vmc2026-track3-sys017-utt130.wav,wav/vmc2026-track3-sys019-utt129.wav,3.892443429962821
sys009,utt106,wav/vmc2026-track3-sys009-utt106.wav,wav/vmc2026-track3-sys019-utt105.wav,4.759512126582237
sys010,utt128,wav/vmc2026-track3-sys010-utt128.wav,wav/vmc2026-track3-sys019-utt127.wav,3.611922926304791
sys007,utt026,wav/vmc2026-track3-sys007-utt026.wav,wav/vmc2026-track3-sys019-utt025.wav,3.7787577707009015
sys005,utt046,wav/vmc2026-track3-sys005-utt046.wav,wav/vmc2026-track3-sys019-utt045.wav,3.6361861582921566
sys002,utt126,wav/vmc2026-track3-sys002-utt126.wav,wav/vmc2026-track3-sys019-utt125.wav,4.259111099748944
sys026,utt042,wav/vmc2026-track3-sys026-utt042.wav,wav/vmc2026-track3-sys019-utt041.wav,4.479719855378203
sys009,utt292,wav/vmc2026-track3-sys009-utt292.wav,wav/vmc2026-track3-sys019-utt291.wav,4.726971078445739
sys020,utt212,wav/vmc2026-track3-sys020-utt212.wav,wav/vmc2026-track3-sys019-utt211.wav,2.9959776493739465
sys009,utt034,wav/vmc2026-track3-sys009-utt034.wav,wav/vmc2026-track3-sys019-utt033.wav,4.238566571446868
sys008,utt068,wav/vmc2026-track3-sys008-utt068.wav,wav/vmc2026-track3-sys019-utt067.wav,4.449648138683976
sys008,utt112,wav/vmc2026-track3-sys008-utt112.wav,wav/vmc2026-track3-sys019-utt111.wav,4.4086025822711425
sys008,utt062,wav/vmc2026-track3-sys008-utt062.wav,wav/vmc2026-track3-sys019-utt061.wav,4.560215228745881
sys005,utt244,wav/vmc2026-track3-sys005-utt244.wav,wav/vmc2026-track3-sys019-utt243.wav,3.8907394837346114
sys013,utt044,wav/vmc2026-track3-sys013-utt044.wav,wav/vmc2026-track3-sys019-utt043.wav,3.91172018679139
sys007,utt286,wav/vmc2026-track3-sys007-utt286.wav,wav/vmc2026-track3-sys019-utt285.wav,3.947545439386937
sys005,utt276,wav/vmc2026-track3-sys005-utt276.wav,wav/vmc2026-track3-sys019-utt275.wav,4.0447534318943905
sys006,utt276,wav/vmc2026-track3-sys006-utt276.wav,wav/vmc2026-track3-sys019-utt275.wav,4.516843006130876
sys018,utt316,wav/vmc2026-track3-sys018-utt316.wav,wav/vmc2026-track3-sys019-utt315.wav,3.707092300397652
sys009,utt108,wav/vmc2026-track3-sys009-utt108.wav,wav/vmc2026-track3-sys019-utt107.wav,4.548538975000062
sys009,utt218,wav/vmc2026-track3-sys009-utt218.wav,wav/vmc2026-track3-sys019-utt217.wav,4.710173510944957
sys018,utt232,wav/vmc2026-track3-sys018-utt232.wav,wav/vmc2026-track3-sys019-utt231.wav,3.0705875617515113
sys018,utt282,wav/vmc2026-track3-sys018-utt282.wav,wav/vmc2026-track3-sys019-utt281.wav,3.4358684187577637
sys025,utt152,wav/vmc2026-track3-sys025-utt152.wav,wav/vmc2026-track3-sys019-utt151.wav,4.054917621953962
sys006,utt010,wav/vmc2026-track3-sys006-utt010.wav,wav/vmc2026-track3-sys019-utt009.wav,4.185279447689438
sys024,utt016,wav/vmc2026-track3-sys024-utt016.wav,wav/vmc2026-track3-sys019-utt015.wav,3.957181358488515
sys009,utt064,wav/vmc2026-track3-sys009-utt064.wav,wav/vmc2026-track3-sys019-utt063.wav,4.6161240520645554
sys020,utt020,wav/vmc2026-track3-sys020-utt020.wav,wav/vmc2026-track3-sys019-utt019.wav,3.3291162604867397
sys025,utt284,wav/vmc2026-track3-sys025-utt284.wav,wav/vmc2026-track3-sys019-utt283.wav,3.783471172520466
sys016,utt238,wav/vmc2026-track3-sys016-utt238.wav,wav/vmc2026-track3-sys019-utt237.wav,3.5548876273235823
sys023,utt200,wav/vmc2026-track3-sys023-utt200.wav,wav/vmc2026-track3-sys019-utt199.wav,4.651394474255928
sys024,utt116,wav/vmc2026-track3-sys024-utt116.wav,wav/vmc2026-track3-sys019-utt115.wav,3.6896313254924302
sys025,utt272,wav/vmc2026-track3-sys025-utt272.wav,wav/vmc2026-track3-sys019-utt271.wav,3.815453420497584
sys001,utt242,wav/vmc2026-track3-sys001-utt242.wav,wav/vmc2026-track3-sys019-utt241.wav,4.148169248831668
sys020,utt220,wav/vmc2026-track3-sys020-utt220.wav,wav/vmc2026-track3-sys019-utt219.wav,3.5408369680561567
sys011,utt138,wav/vmc2026-track3-sys011-utt138.wav,wav/vmc2026-track3-sys019-utt137.wav,4.462639181868048
sys018,utt276,wav/vmc2026-track3-sys018-utt276.wav,wav/vmc2026-track3-sys019-utt275.wav,3.8385099057143606
sys014,utt234,wav/vmc2026-track3-sys014-utt234.wav,wav/vmc2026-track3-sys019-utt233.wav,4.175031956538279
sys018,utt158,wav/vmc2026-track3-sys018-utt158.wav,wav/vmc2026-track3-sys019-utt157.wav,3.571383039224394
sys012,utt204,wav/vmc2026-track3-sys012-utt204.wav,wav/vmc2026-track3-sys019-utt203.wav,3.89390425140923
sys014,utt264,wav/vmc2026-track3-sys014-utt264.wav,wav/vmc2026-track3-sys019-utt263.wav,4.2206791567977575
sys007,utt124,wav/vmc2026-track3-sys007-utt124.wav,wav/vmc2026-track3-sys019-utt123.wav,3.8187043543712744
sys007,utt160,wav/vmc2026-track3-sys007-utt160.wav,wav/vmc2026-track3-sys019-utt159.wav,3.85789986916632
sys024,utt152,wav/vmc2026-track3-sys024-utt152.wav,wav/vmc2026-track3-sys019-utt151.wav,4.069839514846182
sys025,utt064,wav/vmc2026-track3-sys025-utt064.wav,wav/vmc2026-track3-sys019-utt063.wav,3.702541623080149
sys024,utt080,wav/vmc2026-track3-sys024-utt080.wav,wav/vmc2026-track3-sys019-utt079.wav,3.298682190518389
sys018,utt208,wav/vmc2026-track3-sys018-utt208.wav,wav/vmc2026-track3-sys019-utt207.wav,3.803009795346734
sys026,utt250,wav/vmc2026-track3-sys026-utt250.wav,wav/vmc2026-track3-sys019-utt249.wav,4.476804139990582
sys014,utt022,wav/vmc2026-track3-sys014-utt022.wav,wav/vmc2026-track3-sys019-utt021.wav,3.9494971492261177
sys001,utt122,wav/vmc2026-track3-sys001-utt122.wav,wav/vmc2026-track3-sys019-utt121.wav,3.9797373031470644
sys012,utt112,wav/vmc2026-track3-sys012-utt112.wav,wav/vmc2026-track3-sys019-utt111.wav,3.9484011330618918
sys013,utt246,wav/vmc2026-track3-sys013-utt246.wav,wav/vmc2026-track3-sys019-utt245.wav,4.455134046003156
sys016,utt198,wav/vmc2026-track3-sys016-utt198.wav,wav/vmc2026-track3-sys019-utt197.wav,3.6453686794958067
sys006,utt316,wav/vmc2026-track3-sys006-utt316.wav,wav/vmc2026-track3-sys019-utt315.wav,4.160322602719795
sys017,utt302,wav/vmc2026-track3-sys017-utt302.wav,wav/vmc2026-track3-sys019-utt301.wav,4.192501861133133
sys007,utt016,wav/vmc2026-track3-sys007-utt016.wav,wav/vmc2026-track3-sys019-utt015.wav,4.222513730693119
sys001,utt158,wav/vmc2026-track3-sys001-utt158.wav,wav/vmc2026-track3-sys019-utt157.wav,3.7326735211042625
sys024,utt070,wav/vmc2026-track3-sys024-utt070.wav,wav/vmc2026-track3-sys019-utt069.wav,4.2986681986032735
sys002,utt238,wav/vmc2026-track3-sys002-utt238.wav,wav/vmc2026-track3-sys019-utt237.wav,4.302365994538276
sys005,utt304,wav/vmc2026-track3-sys005-utt304.wav,wav/vmc2026-track3-sys019-utt303.wav,3.821754740286849
sys023,utt090,wav/vmc2026-track3-sys023-utt090.wav,wav/vmc2026-track3-sys019-utt089.wav,4.397808099556611
sys007,utt048,wav/vmc2026-track3-sys007-utt048.wav,wav/vmc2026-track3-sys019-utt047.wav,3.880899559323654
sys022,utt294,wav/vmc2026-track3-sys022-utt294.wav,wav/vmc2026-track3-sys019-utt293.wav,3.8054768007978295
sys026,utt230,wav/vmc2026-track3-sys026-utt230.wav,wav/vmc2026-track3-sys019-utt229.wav,4.2112493451792705
sys024,utt248,wav/vmc2026-track3-sys024-utt248.wav,wav/vmc2026-track3-sys019-utt247.wav,4.577738239589414
sys006,utt218,wav/vmc2026-track3-sys006-utt218.wav,wav/vmc2026-track3-sys019-utt217.wav,4.607908921340648
sys006,utt234,wav/vmc2026-track3-sys006-utt234.wav,wav/vmc2026-track3-sys019-utt233.wav,4.086679919990013
sys011,utt146,wav/vmc2026-track3-sys011-utt146.wav,wav/vmc2026-track3-sys019-utt145.wav,4.267807132911457
sys016,utt084,wav/vmc2026-track3-sys016-utt084.wav,wav/vmc2026-track3-sys019-utt083.wav,4.056976965929552
sys014,utt318,wav/vmc2026-track3-sys014-utt318.wav,wav/vmc2026-track3-sys019-utt317.wav,4.413599876240662
sys018,utt142,wav/vmc2026-track3-sys018-utt142.wav,wav/vmc2026-track3-sys019-utt141.wav,3.90986256314649
sys014,utt298,wav/vmc2026-track3-sys014-utt298.wav,wav/vmc2026-track3-sys019-utt297.wav,4.591671511828417
sys017,utt176,wav/vmc2026-track3-sys017-utt176.wav,wav/vmc2026-track3-sys019-utt175.wav,3.962308138318933
sys002,utt264,wav/vmc2026-track3-sys002-utt264.wav,wav/vmc2026-track3-sys019-utt263.wav,4.421056871472157
sys026,utt106,wav/vmc2026-track3-sys026-utt106.wav,wav/vmc2026-track3-sys019-utt105.wav,4.341837207587355
sys018,utt236,wav/vmc2026-track3-sys018-utt236.wav,wav/vmc2026-track3-sys019-utt235.wav,3.9214226685223137
sys013,utt204,wav/vmc2026-track3-sys013-utt204.wav,wav/vmc2026-track3-sys019-utt203.wav,4.0238511266834545
sys016,utt318,wav/vmc2026-track3-sys016-utt318.wav,wav/vmc2026-track3-sys019-utt317.wav,4.086125811497182
sys008,utt042,wav/vmc2026-track3-sys008-utt042.wav,wav/vmc2026-track3-sys019-utt041.wav,4.468897530824007
sys008,utt282,wav/vmc2026-track3-sys008-utt282.wav,wav/vmc2026-track3-sys019-utt281.wav,4.968665449207539
sys012,utt108,wav/vmc2026-track3-sys012-utt108.wav,wav/vmc2026-track3-sys019-utt107.wav,4.085851071437955
sys001,utt314,wav/vmc2026-track3-sys001-utt314.wav,wav/vmc2026-track3-sys019-utt313.wav,4.255000789251081
sys018,utt050,wav/vmc2026-track3-sys018-utt050.wav,wav/vmc2026-track3-sys019-utt049.wav,3.726465947569422
sys017,utt146,wav/vmc2026-track3-sys017-utt146.wav,wav/vmc2026-track3-sys019-utt145.wav,3.7248064980382547
sys012,utt120,wav/vmc2026-track3-sys012-utt120.wav,wav/vmc2026-track3-sys019-utt119.wav,3.8750268725795363
sys008,utt124,wav/vmc2026-track3-sys008-utt124.wav,wav/vmc2026-track3-sys019-utt123.wav,4.625593502366734
sys007,utt182,wav/vmc2026-track3-sys007-utt182.wav,wav/vmc2026-track3-sys019-utt181.wav,3.9621900181976035
sys008,utt046,wav/vmc2026-track3-sys008-utt046.wav,wav/vmc2026-track3-sys019-utt045.wav,4.587539193599042
sys001,utt142,wav/vmc2026-track3-sys001-utt142.wav,wav/vmc2026-track3-sys019-utt141.wav,3.821146958123073
sys026,utt016,wav/vmc2026-track3-sys026-utt016.wav,wav/vmc2026-track3-sys019-utt015.wav,4.247196371367268
sys014,utt270,wav/vmc2026-track3-sys014-utt270.wav,wav/vmc2026-track3-sys019-utt269.wav,4.494033820015996
sys016,utt200,wav/vmc2026-track3-sys016-utt200.wav,wav/vmc2026-track3-sys019-utt199.wav,4.029134296580373
sys012,utt300,wav/vmc2026-track3-sys012-utt300.wav,wav/vmc2026-track3-sys019-utt299.wav,4.196502930302576
sys022,utt040,wav/vmc2026-track3-sys022-utt040.wav,wav/vmc2026-track3-sys019-utt039.wav,3.7254990096998633
sys026,utt036,wav/vmc2026-track3-sys026-utt036.wav,wav/vmc2026-track3-sys019-utt035.wav,4.475140771456174
sys010,utt024,wav/vmc2026-track3-sys010-utt024.wav,wav/vmc2026-track3-sys019-utt023.wav,3.698668793565131
sys012,utt040,wav/vmc2026-track3-sys012-utt040.wav,wav/vmc2026-track3-sys019-utt039.wav,4.00565456661737
sys009,utt006,wav/vmc2026-track3-sys009-utt006.wav,wav/vmc2026-track3-sys019-utt005.wav,4.565870411260111
sys005,utt114,wav/vmc2026-track3-sys005-utt114.wav,wav/vmc2026-track3-sys019-utt113.wav,3.9904925303319465
sys020,utt142,wav/vmc2026-track3-sys020-utt142.wav,wav/vmc2026-track3-sys019-utt141.wav,3.386335001571846
sys025,utt120,wav/vmc2026-track3-sys025-utt120.wav,wav/vmc2026-track3-sys019-utt119.wav,3.241836617882579
sys016,utt110,wav/vmc2026-track3-sys016-utt110.wav,wav/vmc2026-track3-sys019-utt109.wav,3.1142691204041735
sys009,utt138,wav/vmc2026-track3-sys009-utt138.wav,wav/vmc2026-track3-sys019-utt137.wav,4.490724805532799
sys002,utt250,wav/vmc2026-track3-sys002-utt250.wav,wav/vmc2026-track3-sys019-utt249.wav,3.887040890676345
sys020,utt136,wav/vmc2026-track3-sys020-utt136.wav,wav/vmc2026-track3-sys019-utt135.wav,3.4348406571044103
sys002,utt202,wav/vmc2026-track3-sys002-utt202.wav,wav/vmc2026-track3-sys019-utt201.wav,4.535844863798439
sys008,utt120,wav/vmc2026-track3-sys008-utt120.wav,wav/vmc2026-track3-sys019-utt119.wav,4.468227301422462
sys024,utt174,wav/vmc2026-track3-sys024-utt174.wav,wav/vmc2026-track3-sys019-utt173.wav,4.110471045585602
sys002,utt006,wav/vmc2026-track3-sys002-utt006.wav,wav/vmc2026-track3-sys019-utt005.wav,4.180027050114452
sys002,utt008,wav/vmc2026-track3-sys002-utt008.wav,wav/vmc2026-track3-sys019-utt007.wav,4.469568462103333
sys012,utt294,wav/vmc2026-track3-sys012-utt294.wav,wav/vmc2026-track3-sys019-utt293.wav,3.9974454402574384
sys001,utt106,wav/vmc2026-track3-sys001-utt106.wav,wav/vmc2026-track3-sys019-utt105.wav,3.8064139347355814
sys020,utt010,wav/vmc2026-track3-sys020-utt010.wav,wav/vmc2026-track3-sys019-utt009.wav,3.583726905293197
sys018,utt284,wav/vmc2026-track3-sys018-utt284.wav,wav/vmc2026-track3-sys019-utt283.wav,3.149610299590565
sys018,utt196,wav/vmc2026-track3-sys018-utt196.wav,wav/vmc2026-track3-sys019-utt195.wav,3.8863628162688824
sys018,utt048,wav/vmc2026-track3-sys018-utt048.wav,wav/vmc2026-track3-sys019-utt047.wav,3.8876810352540154
sys024,utt140,wav/vmc2026-track3-sys024-utt140.wav,wav/vmc2026-track3-sys019-utt139.wav,3.852558413485242
sys001,utt250,wav/vmc2026-track3-sys001-utt250.wav,wav/vmc2026-track3-sys019-utt249.wav,4.17832122160484
sys013,utt084,wav/vmc2026-track3-sys013-utt084.wav,wav/vmc2026-track3-sys019-utt083.wav,4.041986103907097
sys020,utt118,wav/vmc2026-track3-sys020-utt118.wav,wav/vmc2026-track3-sys019-utt117.wav,3.536173991845023
sys005,utt050,wav/vmc2026-track3-sys005-utt050.wav,wav/vmc2026-track3-sys019-utt049.wav,3.6202565477182125
sys025,utt028,wav/vmc2026-track3-sys025-utt028.wav,wav/vmc2026-track3-sys019-utt027.wav,3.790787013092578
sys022,utt310,wav/vmc2026-track3-sys022-utt310.wav,wav/vmc2026-track3-sys019-utt309.wav,3.6400073418634733
sys025,utt090,wav/vmc2026-track3-sys025-utt090.wav,wav/vmc2026-track3-sys019-utt089.wav,3.49953018519708
sys023,utt024,wav/vmc2026-track3-sys023-utt024.wav,wav/vmc2026-track3-sys019-utt023.wav,4.178431450284757
sys009,utt272,wav/vmc2026-track3-sys009-utt272.wav,wav/vmc2026-track3-sys019-utt271.wav,4.608511346203109
sys005,utt024,wav/vmc2026-track3-sys005-utt024.wav,wav/vmc2026-track3-sys019-utt023.wav,3.441406156223574
sys023,utt146,wav/vmc2026-track3-sys023-utt146.wav,wav/vmc2026-track3-sys019-utt145.wav,3.8994086077752237
sys016,utt316,wav/vmc2026-track3-sys016-utt316.wav,wav/vmc2026-track3-sys019-utt315.wav,3.520693378157816
sys025,utt106,wav/vmc2026-track3-sys025-utt106.wav,wav/vmc2026-track3-sys019-utt105.wav,3.547935844245108
sys026,utt154,wav/vmc2026-track3-sys026-utt154.wav,wav/vmc2026-track3-sys019-utt153.wav,4.399499679759176
sys007,utt208,wav/vmc2026-track3-sys007-utt208.wav,wav/vmc2026-track3-sys019-utt207.wav,3.7525438395261324
sys022,utt280,wav/vmc2026-track3-sys022-utt280.wav,wav/vmc2026-track3-sys019-utt279.wav,4.052353831162635
sys020,utt200,wav/vmc2026-track3-sys020-utt200.wav,wav/vmc2026-track3-sys019-utt199.wav,3.1582670407918227
sys026,utt226,wav/vmc2026-track3-sys026-utt226.wav,wav/vmc2026-track3-sys019-utt225.wav,3.828790685027857
sys020,utt234,wav/vmc2026-track3-sys020-utt234.wav,wav/vmc2026-track3-sys019-utt233.wav,3.0225053761234824
sys022,utt126,wav/vmc2026-track3-sys022-utt126.wav,wav/vmc2026-track3-sys019-utt125.wav,4.082243427568041
sys009,utt112,wav/vmc2026-track3-sys009-utt112.wav,wav/vmc2026-track3-sys019-utt111.wav,4.496231759101116
sys006,utt126,wav/vmc2026-track3-sys006-utt126.wav,wav/vmc2026-track3-sys019-utt125.wav,4.631215599498319
sys012,utt156,wav/vmc2026-track3-sys012-utt156.wav,wav/vmc2026-track3-sys019-utt155.wav,4.175577459322529
sys018,utt174,wav/vmc2026-track3-sys018-utt174.wav,wav/vmc2026-track3-sys019-utt173.wav,2.9206793838999032
sys009,utt126,wav/vmc2026-track3-sys009-utt126.wav,wav/vmc2026-track3-sys019-utt125.wav,4.755325636174972
sys012,utt214,wav/vmc2026-track3-sys012-utt214.wav,wav/vmc2026-track3-sys019-utt213.wav,4.1390802027890325
sys018,utt068,wav/vmc2026-track3-sys018-utt068.wav,wav/vmc2026-track3-sys019-utt067.wav,3.8530860945018666
sys007,utt114,wav/vmc2026-track3-sys007-utt114.wav,wav/vmc2026-track3-sys019-utt113.wav,3.7683246764272034
sys011,utt194,wav/vmc2026-track3-sys011-utt194.wav,wav/vmc2026-track3-sys019-utt193.wav,4.6536795684429055
sys009,utt242,wav/vmc2026-track3-sys009-utt242.wav,wav/vmc2026-track3-sys019-utt241.wav,4.585354512944612
sys006,utt018,wav/vmc2026-track3-sys006-utt018.wav,wav/vmc2026-track3-sys019-utt017.wav,4.388793799369955
sys011,utt048,wav/vmc2026-track3-sys011-utt048.wav,wav/vmc2026-track3-sys019-utt047.wav,4.540489509447422
sys012,utt206,wav/vmc2026-track3-sys012-utt206.wav,wav/vmc2026-track3-sys019-utt205.wav,3.8080977328333567
sys016,utt156,wav/vmc2026-track3-sys016-utt156.wav,wav/vmc2026-track3-sys019-utt155.wav,3.892115480910671
sys018,utt228,wav/vmc2026-track3-sys018-utt228.wav,wav/vmc2026-track3-sys019-utt227.wav,3.558645395567309
sys002,utt292,wav/vmc2026-track3-sys002-utt292.wav,wav/vmc2026-track3-sys019-utt291.wav,4.629706999880702
sys024,utt084,wav/vmc2026-track3-sys024-utt084.wav,wav/vmc2026-track3-sys019-utt083.wav,3.894840170713326
sys002,utt272,wav/vmc2026-track3-sys002-utt272.wav,wav/vmc2026-track3-sys019-utt271.wav,4.905820557623481
sys001,utt112,wav/vmc2026-track3-sys001-utt112.wav,wav/vmc2026-track3-sys019-utt111.wav,3.7040856406792018
sys023,utt008,wav/vmc2026-track3-sys023-utt008.wav,wav/vmc2026-track3-sys019-utt007.wav,4.279367694120443
sys023,utt264,wav/vmc2026-track3-sys023-utt264.wav,wav/vmc2026-track3-sys019-utt263.wav,4.276347688598436
sys006,utt082,wav/vmc2026-track3-sys006-utt082.wav,wav/vmc2026-track3-sys019-utt081.wav,4.361774212138135
sys017,utt298,wav/vmc2026-track3-sys017-utt298.wav,wav/vmc2026-track3-sys019-utt297.wav,4.01520402234496
sys005,utt126,wav/vmc2026-track3-sys005-utt126.wav,wav/vmc2026-track3-sys019-utt125.wav,3.6661694550901007
sys016,utt012,wav/vmc2026-track3-sys016-utt012.wav,wav/vmc2026-track3-sys019-utt011.wav,4.075915356257203
sys024,utt044,wav/vmc2026-track3-sys024-utt044.wav,wav/vmc2026-track3-sys019-utt043.wav,4.06707892266882
sys014,utt038,wav/vmc2026-track3-sys014-utt038.wav,wav/vmc2026-track3-sys019-utt037.wav,4.389984517301768
sys010,utt102,wav/vmc2026-track3-sys010-utt102.wav,wav/vmc2026-track3-sys019-utt101.wav,3.888520493341503
sys010,utt048,wav/vmc2026-track3-sys010-utt048.wav,wav/vmc2026-track3-sys019-utt047.wav,3.936126077584025
sys012,utt074,wav/vmc2026-track3-sys012-utt074.wav,wav/vmc2026-track3-sys019-utt073.wav,3.887672340342599
sys011,utt086,wav/vmc2026-track3-sys011-utt086.wav,wav/vmc2026-track3-sys019-utt085.wav,4.294962332953498
sys024,utt288,wav/vmc2026-track3-sys024-utt288.wav,wav/vmc2026-track3-sys019-utt287.wav,3.7555553552073615
sys010,utt296,wav/vmc2026-track3-sys010-utt296.wav,wav/vmc2026-track3-sys019-utt295.wav,4.373646543992265
sys009,utt086,wav/vmc2026-track3-sys009-utt086.wav,wav/vmc2026-track3-sys019-utt085.wav,4.159045879954547
sys026,utt290,wav/vmc2026-track3-sys026-utt290.wav,wav/vmc2026-track3-sys019-utt289.wav,3.5594116995913536
sys011,utt286,wav/vmc2026-track3-sys011-utt286.wav,wav/vmc2026-track3-sys019-utt285.wav,4.417276480422722
sys013,utt102,wav/vmc2026-track3-sys013-utt102.wav,wav/vmc2026-track3-sys019-utt101.wav,4.101927465777205
sys017,utt304,wav/vmc2026-track3-sys017-utt304.wav,wav/vmc2026-track3-sys019-utt303.wav,3.989698784077174
sys001,utt224,wav/vmc2026-track3-sys001-utt224.wav,wav/vmc2026-track3-sys019-utt223.wav,4.102234019769589
sys006,utt268,wav/vmc2026-track3-sys006-utt268.wav,wav/vmc2026-track3-sys019-utt267.wav,4.038228163226952
sys026,utt068,wav/vmc2026-track3-sys026-utt068.wav,wav/vmc2026-track3-sys019-utt067.wav,3.811226482802806
sys008,utt010,wav/vmc2026-track3-sys008-utt010.wav,wav/vmc2026-track3-sys019-utt009.wav,4.451331362558382
sys024,utt158,wav/vmc2026-track3-sys024-utt158.wav,wav/vmc2026-track3-sys019-utt157.wav,3.928979854303872
sys012,utt196,wav/vmc2026-track3-sys012-utt196.wav,wav/vmc2026-track3-sys019-utt195.wav,3.9683548143052936
sys017,utt088,wav/vmc2026-track3-sys017-utt088.wav,wav/vmc2026-track3-sys019-utt087.wav,4.358688258981772
sys024,utt230,wav/vmc2026-track3-sys024-utt230.wav,wav/vmc2026-track3-sys019-utt229.wav,4.490331841798839
sys026,utt144,wav/vmc2026-track3-sys026-utt144.wav,wav/vmc2026-track3-sys019-utt143.wav,3.888663400302698
sys018,utt138,wav/vmc2026-track3-sys018-utt138.wav,wav/vmc2026-track3-sys019-utt137.wav,3.6674876947081634
sys024,utt300,wav/vmc2026-track3-sys024-utt300.wav,wav/vmc2026-track3-sys019-utt299.wav,4.258983718570176
sys007,utt234,wav/vmc2026-track3-sys007-utt234.wav,wav/vmc2026-track3-sys019-utt233.wav,3.514505716812364
sys024,utt038,wav/vmc2026-track3-sys024-utt038.wav,wav/vmc2026-track3-sys019-utt037.wav,4.101484094289655
sys011,utt186,wav/vmc2026-track3-sys011-utt186.wav,wav/vmc2026-track3-sys019-utt185.wav,4.440650830179952
sys008,utt074,wav/vmc2026-track3-sys008-utt074.wav,wav/vmc2026-track3-sys019-utt073.wav,4.719334013496413
sys012,utt152,wav/vmc2026-track3-sys012-utt152.wav,wav/vmc2026-track3-sys019-utt151.wav,3.6284166110008176
sys022,utt150,wav/vmc2026-track3-sys022-utt150.wav,wav/vmc2026-track3-sys019-utt149.wav,3.7276452851518314
sys006,utt110,wav/vmc2026-track3-sys006-utt110.wav,wav/vmc2026-track3-sys019-utt109.wav,4.4031312546477785
sys020,utt032,wav/vmc2026-track3-sys020-utt032.wav,wav/vmc2026-track3-sys019-utt031.wav,3.5694907625076557
sys024,utt172,wav/vmc2026-track3-sys024-utt172.wav,wav/vmc2026-track3-sys019-utt171.wav,4.041756076858866
sys023,utt194,wav/vmc2026-track3-sys023-utt194.wav,wav/vmc2026-track3-sys019-utt193.wav,4.521218063831413
sys022,utt120,wav/vmc2026-track3-sys022-utt120.wav,wav/vmc2026-track3-sys019-utt119.wav,3.284060978378132
sys011,utt196,wav/vmc2026-track3-sys011-utt196.wav,wav/vmc2026-track3-sys019-utt195.wav,4.212605691187179
sys011,utt288,wav/vmc2026-track3-sys011-utt288.wav,wav/vmc2026-track3-sys019-utt287.wav,4.6472402410335745
sys013,utt302,wav/vmc2026-track3-sys013-utt302.wav,wav/vmc2026-track3-sys019-utt301.wav,4.209767710677174
sys016,utt182,wav/vmc2026-track3-sys016-utt182.wav,wav/vmc2026-track3-sys019-utt181.wav,3.695515182452315
sys018,utt014,wav/vmc2026-track3-sys018-utt014.wav,wav/vmc2026-track3-sys019-utt013.wav,3.1791558514659104
sys016,utt020,wav/vmc2026-track3-sys016-utt020.wav,wav/vmc2026-track3-sys019-utt019.wav,3.5389579288398645
sys013,utt042,wav/vmc2026-track3-sys013-utt042.wav,wav/vmc2026-track3-sys019-utt041.wav,4.12468375890676
sys017,utt120,wav/vmc2026-track3-sys017-utt120.wav,wav/vmc2026-track3-sys019-utt119.wav,3.515082309421789
sys013,utt274,wav/vmc2026-track3-sys013-utt274.wav,wav/vmc2026-track3-sys019-utt273.wav,4.1825481237515065
sys007,utt090,wav/vmc2026-track3-sys007-utt090.wav,wav/vmc2026-track3-sys019-utt089.wav,3.841027807420473
sys023,utt192,wav/vmc2026-track3-sys023-utt192.wav,wav/vmc2026-track3-sys019-utt191.wav,4.633503325759313
sys012,utt064,wav/vmc2026-track3-sys012-utt064.wav,wav/vmc2026-track3-sys019-utt063.wav,4.300999428940002
sys007,utt070,wav/vmc2026-track3-sys007-utt070.wav,wav/vmc2026-track3-sys019-utt069.wav,3.2980711805691008
sys023,utt180,wav/vmc2026-track3-sys023-utt180.wav,wav/vmc2026-track3-sys019-utt179.wav,3.9865118272545956
sys013,utt104,wav/vmc2026-track3-sys013-utt104.wav,wav/vmc2026-track3-sys019-utt103.wav,4.097748888329332
sys002,utt284,wav/vmc2026-track3-sys002-utt284.wav,wav/vmc2026-track3-sys019-utt283.wav,4.576980697757588
sys006,utt130,wav/vmc2026-track3-sys006-utt130.wav,wav/vmc2026-track3-sys019-utt129.wav,4.515967426919721
sys001,utt144,wav/vmc2026-track3-sys001-utt144.wav,wav/vmc2026-track3-sys019-utt143.wav,4.043430432402017
sys007,utt304,wav/vmc2026-track3-sys007-utt304.wav,wav/vmc2026-track3-sys019-utt303.wav,3.587266034281465
sys013,utt186,wav/vmc2026-track3-sys013-utt186.wav,wav/vmc2026-track3-sys019-utt185.wav,3.8680304787569484
sys023,utt072,wav/vmc2026-track3-sys023-utt072.wav,wav/vmc2026-track3-sys019-utt071.wav,2.383101686941381
sys025,utt076,wav/vmc2026-track3-sys025-utt076.wav,wav/vmc2026-track3-sys019-utt075.wav,3.808946396321722
sys011,utt158,wav/vmc2026-track3-sys011-utt158.wav,wav/vmc2026-track3-sys019-utt157.wav,4.519305876356495
sys014,utt128,wav/vmc2026-track3-sys014-utt128.wav,wav/vmc2026-track3-sys019-utt127.wav,3.9901975200948216
sys005,utt028,wav/vmc2026-track3-sys005-utt028.wav,wav/vmc2026-track3-sys019-utt027.wav,3.569451270073087
sys017,utt078,wav/vmc2026-track3-sys017-utt078.wav,wav/vmc2026-track3-sys019-utt077.wav,4.182365955461443
sys010,utt208,wav/vmc2026-track3-sys010-utt208.wav,wav/vmc2026-track3-sys019-utt207.wav,3.7903839864961233
sys022,utt034,wav/vmc2026-track3-sys022-utt034.wav,wav/vmc2026-track3-sys019-utt033.wav,3.6009961037304805
sys011,utt210,wav/vmc2026-track3-sys011-utt210.wav,wav/vmc2026-track3-sys019-utt209.wav,4.3146135054123675
sys002,utt276,wav/vmc2026-track3-sys002-utt276.wav,wav/vmc2026-track3-sys019-utt275.wav,4.600872739359151
sys010,utt234,wav/vmc2026-track3-sys010-utt234.wav,wav/vmc2026-track3-sys019-utt233.wav,3.9396317035362696
sys026,utt044,wav/vmc2026-track3-sys026-utt044.wav,wav/vmc2026-track3-sys019-utt043.wav,4.137989197983004
sys006,utt294,wav/vmc2026-track3-sys006-utt294.wav,wav/vmc2026-track3-sys019-utt293.wav,4.275955784199059
sys022,utt246,wav/vmc2026-track3-sys022-utt246.wav,wav/vmc2026-track3-sys019-utt245.wav,3.894749492291103
sys017,utt024,wav/vmc2026-track3-sys017-utt024.wav,wav/vmc2026-track3-sys019-utt023.wav,3.903647251197114
sys025,utt144,wav/vmc2026-track3-sys025-utt144.wav,wav/vmc2026-track3-sys019-utt143.wav,3.7461203646926626
sys010,utt288,wav/vmc2026-track3-sys010-utt288.wav,wav/vmc2026-track3-sys019-utt287.wav,3.869990309120905
sys005,utt038,wav/vmc2026-track3-sys005-utt038.wav,wav/vmc2026-track3-sys019-utt037.wav,3.733651583380174
sys012,utt142,wav/vmc2026-track3-sys012-utt142.wav,wav/vmc2026-track3-sys019-utt141.wav,3.854796258965582
sys006,utt016,wav/vmc2026-track3-sys006-utt016.wav,wav/vmc2026-track3-sys019-utt015.wav,4.307227955641782
sys013,utt174,wav/vmc2026-track3-sys013-utt174.wav,wav/vmc2026-track3-sys019-utt173.wav,4.103710423944203
sys008,utt184,wav/vmc2026-track3-sys008-utt184.wav,wav/vmc2026-track3-sys019-utt183.wav,4.720084767201909
sys011,utt278,wav/vmc2026-track3-sys011-utt278.wav,wav/vmc2026-track3-sys019-utt277.wav,4.431021253218694
sys020,utt028,wav/vmc2026-track3-sys020-utt028.wav,wav/vmc2026-track3-sys019-utt027.wav,3.3111870574115425
sys018,utt106,wav/vmc2026-track3-sys018-utt106.wav,wav/vmc2026-track3-sys019-utt105.wav,3.8164864567500674
sys026,utt288,wav/vmc2026-track3-sys026-utt288.wav,wav/vmc2026-track3-sys019-utt287.wav,3.866043646320713
sys009,utt306,wav/vmc2026-track3-sys009-utt306.wav,wav/vmc2026-track3-sys019-utt305.wav,4.5039094974410725
sys014,utt112,wav/vmc2026-track3-sys014-utt112.wav,wav/vmc2026-track3-sys019-utt111.wav,4.243892130987068
sys014,utt036,wav/vmc2026-track3-sys014-utt036.wav,wav/vmc2026-track3-sys019-utt035.wav,4.687164895410083
sys017,utt228,wav/vmc2026-track3-sys017-utt228.wav,wav/vmc2026-track3-sys019-utt227.wav,4.193712112659691
sys017,utt180,wav/vmc2026-track3-sys017-utt180.wav,wav/vmc2026-track3-sys019-utt179.wav,3.9833560448943817
sys013,utt296,wav/vmc2026-track3-sys013-utt296.wav,wav/vmc2026-track3-sys019-utt295.wav,4.204836783655972
sys014,utt006,wav/vmc2026-track3-sys014-utt006.wav,wav/vmc2026-track3-sys019-utt005.wav,4.0875941639801265
sys010,utt112,wav/vmc2026-track3-sys010-utt112.wav,wav/vmc2026-track3-sys019-utt111.wav,3.9906205066639298
sys017,utt198,wav/vmc2026-track3-sys017-utt198.wav,wav/vmc2026-track3-sys019-utt197.wav,4.448716195930089
sys008,utt192,wav/vmc2026-track3-sys008-utt192.wav,wav/vmc2026-track3-sys019-utt191.wav,4.54326882056051
sys002,utt316,wav/vmc2026-track3-sys002-utt316.wav,wav/vmc2026-track3-sys019-utt315.wav,4.333684125403801
sys016,utt150,wav/vmc2026-track3-sys016-utt150.wav,wav/vmc2026-track3-sys019-utt149.wav,3.388961858545723
sys020,utt278,wav/vmc2026-track3-sys020-utt278.wav,wav/vmc2026-track3-sys019-utt277.wav,3.329056688786878
sys008,utt180,wav/vmc2026-track3-sys008-utt180.wav,wav/vmc2026-track3-sys019-utt179.wav,4.30771558506106
sys005,utt076,wav/vmc2026-track3-sys005-utt076.wav,wav/vmc2026-track3-sys019-utt075.wav,3.6729824225358447
sys001,utt008,wav/vmc2026-track3-sys001-utt008.wav,wav/vmc2026-track3-sys019-utt007.wav,4.351244317577781
sys002,utt262,wav/vmc2026-track3-sys002-utt262.wav,wav/vmc2026-track3-sys019-utt261.wav,4.336637962427017
sys009,utt286,wav/vmc2026-track3-sys009-utt286.wav,wav/vmc2026-track3-sys019-utt285.wav,4.642173329971814
sys008,utt248,wav/vmc2026-track3-sys008-utt248.wav,wav/vmc2026-track3-sys019-utt247.wav,5.0
sys026,utt086,wav/vmc2026-track3-sys026-utt086.wav,wav/vmc2026-track3-sys019-utt085.wav,3.874586898223706
sys006,utt004,wav/vmc2026-track3-sys006-utt004.wav,wav/vmc2026-track3-sys019-utt003.wav,4.0940428593680505
sys008,utt222,wav/vmc2026-track3-sys008-utt222.wav,wav/vmc2026-track3-sys019-utt221.wav,4.465447611319955
sys011,utt142,wav/vmc2026-track3-sys011-utt142.wav,wav/vmc2026-track3-sys019-utt141.wav,4.5979814433089565
sys010,utt044,wav/vmc2026-track3-sys010-utt044.wav,wav/vmc2026-track3-sys019-utt043.wav,4.100982650013543
sys023,utt108,wav/vmc2026-track3-sys023-utt108.wav,wav/vmc2026-track3-sys019-utt107.wav,4.148922028447407
sys013,utt008,wav/vmc2026-track3-sys013-utt008.wav,wav/vmc2026-track3-sys019-utt007.wav,4.189095520766829
sys001,utt204,wav/vmc2026-track3-sys001-utt204.wav,wav/vmc2026-track3-sys019-utt203.wav,3.662336996209268
sys026,utt112,wav/vmc2026-track3-sys026-utt112.wav,wav/vmc2026-track3-sys019-utt111.wav,3.8773537064262036
sys018,utt244,wav/vmc2026-track3-sys018-utt244.wav,wav/vmc2026-track3-sys019-utt243.wav,3.2021214924578008
sys026,utt138,wav/vmc2026-track3-sys026-utt138.wav,wav/vmc2026-track3-sys019-utt137.wav,3.7409169388829477
sys024,utt320,wav/vmc2026-track3-sys024-utt320.wav,wav/vmc2026-track3-sys019-utt319.wav,4.1017501625734445
sys013,utt220,wav/vmc2026-track3-sys013-utt220.wav,wav/vmc2026-track3-sys019-utt219.wav,4.066585717129444
sys006,utt204,wav/vmc2026-track3-sys006-utt204.wav,wav/vmc2026-track3-sys019-utt203.wav,4.035475218461561
sys013,utt200,wav/vmc2026-track3-sys013-utt200.wav,wav/vmc2026-track3-sys019-utt199.wav,4.031832746025401
sys016,utt160,wav/vmc2026-track3-sys016-utt160.wav,wav/vmc2026-track3-sys019-utt159.wav,3.9772732196011145
sys001,utt312,wav/vmc2026-track3-sys001-utt312.wav,wav/vmc2026-track3-sys019-utt311.wav,4.207749084302042
sys011,utt268,wav/vmc2026-track3-sys011-utt268.wav,wav/vmc2026-track3-sys019-utt267.wav,4.277907820545632
sys016,utt148,wav/vmc2026-track3-sys016-utt148.wav,wav/vmc2026-track3-sys019-utt147.wav,3.2958824526478345
sys008,utt294,wav/vmc2026-track3-sys008-utt294.wav,wav/vmc2026-track3-sys019-utt293.wav,4.720297416161582
sys025,utt006,wav/vmc2026-track3-sys025-utt006.wav,wav/vmc2026-track3-sys019-utt005.wav,3.432522105738844
sys012,utt110,wav/vmc2026-track3-sys012-utt110.wav,wav/vmc2026-track3-sys019-utt109.wav,3.8444334763932404
sys012,utt150,wav/vmc2026-track3-sys012-utt150.wav,wav/vmc2026-track3-sys019-utt149.wav,3.175785576249006
sys018,utt262,wav/vmc2026-track3-sys018-utt262.wav,wav/vmc2026-track3-sys019-utt261.wav,3.7703977868552427
sys020,utt114,wav/vmc2026-track3-sys020-utt114.wav,wav/vmc2026-track3-sys019-utt113.wav,3.403913239122956
sys014,utt266,wav/vmc2026-track3-sys014-utt266.wav,wav/vmc2026-track3-sys019-utt265.wav,4.245829025892527
sys016,utt218,wav/vmc2026-track3-sys016-utt218.wav,wav/vmc2026-track3-sys019-utt217.wav,4.050085144819127
sys016,utt268,wav/vmc2026-track3-sys016-utt268.wav,wav/vmc2026-track3-sys019-utt267.wav,3.792054705313663
sys014,utt016,wav/vmc2026-track3-sys014-utt016.wav,wav/vmc2026-track3-sys019-utt015.wav,4.4320301401638895
sys010,utt040,wav/vmc2026-track3-sys010-utt040.wav,wav/vmc2026-track3-sys019-utt039.wav,3.786605874775432
sys002,utt286,wav/vmc2026-track3-sys002-utt286.wav,wav/vmc2026-track3-sys019-utt285.wav,4.520478584337216
sys014,utt178,wav/vmc2026-track3-sys014-utt178.wav,wav/vmc2026-track3-sys019-utt177.wav,4.273134834308668
sys016,utt226,wav/vmc2026-track3-sys016-utt226.wav,wav/vmc2026-track3-sys019-utt225.wav,3.575360601842578
sys002,utt050,wav/vmc2026-track3-sys002-utt050.wav,wav/vmc2026-track3-sys019-utt049.wav,4.601591592809917
sys016,utt234,wav/vmc2026-track3-sys016-utt234.wav,wav/vmc2026-track3-sys019-utt233.wav,3.70568296315005
sys008,utt128,wav/vmc2026-track3-sys008-utt128.wav,wav/vmc2026-track3-sys019-utt127.wav,4.480177495228269
sys008,utt130,wav/vmc2026-track3-sys008-utt130.wav,wav/vmc2026-track3-sys019-utt129.wav,4.722123897299024
sys008,utt318,wav/vmc2026-track3-sys008-utt318.wav,wav/vmc2026-track3-sys019-utt317.wav,4.633528844241945
sys017,utt064,wav/vmc2026-track3-sys017-utt064.wav,wav/vmc2026-track3-sys019-utt063.wav,4.374300046849811
sys005,utt004,wav/vmc2026-track3-sys005-utt004.wav,wav/vmc2026-track3-sys019-utt003.wav,3.9208415438130144
sys002,utt206,wav/vmc2026-track3-sys002-utt206.wav,wav/vmc2026-track3-sys019-utt205.wav,4.257738212808577
sys023,utt230,wav/vmc2026-track3-sys023-utt230.wav,wav/vmc2026-track3-sys019-utt229.wav,4.447112731330431
sys017,utt126,wav/vmc2026-track3-sys017-utt126.wav,wav/vmc2026-track3-sys019-utt125.wav,4.101183046672581
sys001,utt030,wav/vmc2026-track3-sys001-utt030.wav,wav/vmc2026-track3-sys019-utt029.wav,3.89890449943086
sys009,utt316,wav/vmc2026-track3-sys009-utt316.wav,wav/vmc2026-track3-sys019-utt315.wav,4.325530003164785
sys008,utt126,wav/vmc2026-track3-sys008-utt126.wav,wav/vmc2026-track3-sys019-utt125.wav,4.736598454090652
sys005,utt268,wav/vmc2026-track3-sys005-utt268.wav,wav/vmc2026-track3-sys019-utt267.wav,3.690903474079974
sys025,utt270,wav/vmc2026-track3-sys025-utt270.wav,wav/vmc2026-track3-sys019-utt269.wav,4.105062680346071
sys024,utt032,wav/vmc2026-track3-sys024-utt032.wav,wav/vmc2026-track3-sys019-utt031.wav,4.0957890621807715
sys020,utt106,wav/vmc2026-track3-sys020-utt106.wav,wav/vmc2026-track3-sys019-utt105.wav,3.5064001132575395
sys001,utt280,wav/vmc2026-track3-sys001-utt280.wav,wav/vmc2026-track3-sys019-utt279.wav,4.370375004637287
sys016,utt296,wav/vmc2026-track3-sys016-utt296.wav,wav/vmc2026-track3-sys019-utt295.wav,4.028066209419072
sys007,utt278,wav/vmc2026-track3-sys007-utt278.wav,wav/vmc2026-track3-sys019-utt277.wav,3.096345188111137
sys017,utt104,wav/vmc2026-track3-sys017-utt104.wav,wav/vmc2026-track3-sys019-utt103.wav,3.9025921622065143
sys025,utt320,wav/vmc2026-track3-sys025-utt320.wav,wav/vmc2026-track3-sys019-utt319.wav,3.8829761518110697
sys002,utt282,wav/vmc2026-track3-sys002-utt282.wav,wav/vmc2026-track3-sys019-utt281.wav,4.901562575971919
sys009,utt014,wav/vmc2026-track3-sys009-utt014.wav,wav/vmc2026-track3-sys019-utt013.wav,4.826728597643244
sys006,utt116,wav/vmc2026-track3-sys006-utt116.wav,wav/vmc2026-track3-sys019-utt115.wav,4.29659755162327
sys025,utt224,wav/vmc2026-track3-sys025-utt224.wav,wav/vmc2026-track3-sys019-utt223.wav,3.616157780920457
sys006,utt114,wav/vmc2026-track3-sys006-utt114.wav,wav/vmc2026-track3-sys019-utt113.wav,4.265872935971635
sys010,utt116,wav/vmc2026-track3-sys010-utt116.wav,wav/vmc2026-track3-sys019-utt115.wav,3.8245949366819274
sys017,utt128,wav/vmc2026-track3-sys017-utt128.wav,wav/vmc2026-track3-sys019-utt127.wav,3.765521027969249
sys011,utt084,wav/vmc2026-track3-sys011-utt084.wav,wav/vmc2026-track3-sys019-utt083.wav,4.420821544917195
sys007,utt136,wav/vmc2026-track3-sys007-utt136.wav,wav/vmc2026-track3-sys019-utt135.wav,3.596186014557123
sys006,utt040,wav/vmc2026-track3-sys006-utt040.wav,wav/vmc2026-track3-sys019-utt039.wav,4.312006442527711
sys002,utt130,wav/vmc2026-track3-sys002-utt130.wav,wav/vmc2026-track3-sys019-utt129.wav,4.672217336242955
sys022,utt320,wav/vmc2026-track3-sys022-utt320.wav,wav/vmc2026-track3-sys019-utt319.wav,3.6730257625308904
sys014,utt200,wav/vmc2026-track3-sys014-utt200.wav,wav/vmc2026-track3-sys019-utt199.wav,4.670755953492033
sys011,utt006,wav/vmc2026-track3-sys011-utt006.wav,wav/vmc2026-track3-sys019-utt005.wav,4.34685176240523
sys008,utt288,wav/vmc2026-track3-sys008-utt288.wav,wav/vmc2026-track3-sys019-utt287.wav,4.776418002742758
sys025,utt216,wav/vmc2026-track3-sys025-utt216.wav,wav/vmc2026-track3-sys019-utt215.wav,4.315263847484814
sys009,utt296,wav/vmc2026-track3-sys009-utt296.wav,wav/vmc2026-track3-sys019-utt295.wav,4.886762591137577
sys016,utt196,wav/vmc2026-track3-sys016-utt196.wav,wav/vmc2026-track3-sys019-utt195.wav,3.4911548261181604
sys005,utt144,wav/vmc2026-track3-sys005-utt144.wav,wav/vmc2026-track3-sys019-utt143.wav,3.6385678642764785
sys022,utt002,wav/vmc2026-track3-sys022-utt002.wav,wav/vmc2026-track3-sys019-utt001.wav,3.7291828692892572
sys011,utt228,wav/vmc2026-track3-sys011-utt228.wav,wav/vmc2026-track3-sys019-utt227.wav,4.531963498949645
sys010,utt232,wav/vmc2026-track3-sys010-utt232.wav,wav/vmc2026-track3-sys019-utt231.wav,4.200962920706176
sys008,utt086,wav/vmc2026-track3-sys008-utt086.wav,wav/vmc2026-track3-sys019-utt085.wav,4.472363067409505
sys011,utt180,wav/vmc2026-track3-sys011-utt180.wav,wav/vmc2026-track3-sys019-utt179.wav,4.307176449602259
sys011,utt038,wav/vmc2026-track3-sys011-utt038.wav,wav/vmc2026-track3-sys019-utt037.wav,4.258898022064692
sys005,utt010,wav/vmc2026-track3-sys005-utt010.wav,wav/vmc2026-track3-sys019-utt009.wav,3.7095406475547192
sys017,utt084,wav/vmc2026-track3-sys017-utt084.wav,wav/vmc2026-track3-sys019-utt083.wav,4.256718857539467
sys014,utt290,wav/vmc2026-track3-sys014-utt290.wav,wav/vmc2026-track3-sys019-utt289.wav,4.056521218363506
sys023,utt026,wav/vmc2026-track3-sys023-utt026.wav,wav/vmc2026-track3-sys019-utt025.wav,4.264314230480326
sys005,utt148,wav/vmc2026-track3-sys005-utt148.wav,wav/vmc2026-track3-sys019-utt147.wav,3.797970808484777
sys013,utt116,wav/vmc2026-track3-sys013-utt116.wav,wav/vmc2026-track3-sys019-utt115.wav,4.056874296760441
sys024,utt120,wav/vmc2026-track3-sys024-utt120.wav,wav/vmc2026-track3-sys019-utt119.wav,3.735848749674145
sys014,utt154,wav/vmc2026-track3-sys014-utt154.wav,wav/vmc2026-track3-sys019-utt153.wav,4.622553798714167
sys008,utt088,wav/vmc2026-track3-sys008-utt088.wav,wav/vmc2026-track3-sys019-utt087.wav,4.6001350353430706
sys006,utt312,wav/vmc2026-track3-sys006-utt312.wav,wav/vmc2026-track3-sys019-utt311.wav,4.170657459276601
sys002,utt220,wav/vmc2026-track3-sys002-utt220.wav,wav/vmc2026-track3-sys019-utt219.wav,4.63497838094688
sys006,utt286,wav/vmc2026-track3-sys006-utt286.wav,wav/vmc2026-track3-sys019-utt285.wav,4.0472158766051
sys025,utt142,wav/vmc2026-track3-sys025-utt142.wav,wav/vmc2026-track3-sys019-utt141.wav,3.7000912453980312
sys025,utt278,wav/vmc2026-track3-sys025-utt278.wav,wav/vmc2026-track3-sys019-utt277.wav,3.4499750656543418
sys020,utt250,wav/vmc2026-track3-sys020-utt250.wav,wav/vmc2026-track3-sys019-utt249.wav,3.5135854851081887
sys002,utt128,wav/vmc2026-track3-sys002-utt128.wav,wav/vmc2026-track3-sys019-utt127.wav,4.564585050886107
sys005,utt012,wav/vmc2026-track3-sys005-utt012.wav,wav/vmc2026-track3-sys019-utt011.wav,3.5207155093601155
sys023,utt222,wav/vmc2026-track3-sys023-utt222.wav,wav/vmc2026-track3-sys019-utt221.wav,4.630845894280016
sys009,utt226,wav/vmc2026-track3-sys009-utt226.wav,wav/vmc2026-track3-sys019-utt225.wav,4.724274417132641
sys025,utt222,wav/vmc2026-track3-sys025-utt222.wav,wav/vmc2026-track3-sys019-utt221.wav,3.870310952074477
sys001,utt154,wav/vmc2026-track3-sys001-utt154.wav,wav/vmc2026-track3-sys019-utt153.wav,4.070668916943733
sys007,utt158,wav/vmc2026-track3-sys007-utt158.wav,wav/vmc2026-track3-sys019-utt157.wav,4.003802049607074
sys006,utt236,wav/vmc2026-track3-sys006-utt236.wav,wav/vmc2026-track3-sys019-utt235.wav,4.041749362539412
sys014,utt020,wav/vmc2026-track3-sys014-utt020.wav,wav/vmc2026-track3-sys019-utt019.wav,4.30653213655066
sys005,utt314,wav/vmc2026-track3-sys005-utt314.wav,wav/vmc2026-track3-sys019-utt313.wav,3.882609955320505
sys022,utt042,wav/vmc2026-track3-sys022-utt042.wav,wav/vmc2026-track3-sys019-utt041.wav,4.036097394211607
sys025,utt312,wav/vmc2026-track3-sys025-utt312.wav,wav/vmc2026-track3-sys019-utt311.wav,3.778687503461275
sys014,utt086,wav/vmc2026-track3-sys014-utt086.wav,wav/vmc2026-track3-sys019-utt085.wav,4.253487218426051
sys020,utt024,wav/vmc2026-track3-sys020-utt024.wav,wav/vmc2026-track3-sys019-utt023.wav,3.177204495124739
sys002,utt148,wav/vmc2026-track3-sys002-utt148.wav,wav/vmc2026-track3-sys019-utt147.wav,4.487637398615401
sys009,utt116,wav/vmc2026-track3-sys009-utt116.wav,wav/vmc2026-track3-sys019-utt115.wav,4.153746682493222
sys007,utt120,wav/vmc2026-track3-sys007-utt120.wav,wav/vmc2026-track3-sys019-utt119.wav,3.482912122640096
sys007,utt274,wav/vmc2026-track3-sys007-utt274.wav,wav/vmc2026-track3-sys019-utt273.wav,3.808999141174165
sys008,utt072,wav/vmc2026-track3-sys008-utt072.wav,wav/vmc2026-track3-sys019-utt071.wav,4.326571125684392
sys005,utt264,wav/vmc2026-track3-sys005-utt264.wav,wav/vmc2026-track3-sys019-utt263.wav,3.7131874906422944
sys011,utt118,wav/vmc2026-track3-sys011-utt118.wav,wav/vmc2026-track3-sys019-utt117.wav,4.2632210392763135
sys023,utt210,wav/vmc2026-track3-sys023-utt210.wav,wav/vmc2026-track3-sys019-utt209.wav,4.163249757711226
sys009,utt038,wav/vmc2026-track3-sys009-utt038.wav,wav/vmc2026-track3-sys019-utt037.wav,4.36070569456544
sys011,utt140,wav/vmc2026-track3-sys011-utt140.wav,wav/vmc2026-track3-sys019-utt139.wav,4.041584029499544
sys016,utt044,wav/vmc2026-track3-sys016-utt044.wav,wav/vmc2026-track3-sys019-utt043.wav,3.9417087073694765
sys008,utt102,wav/vmc2026-track3-sys008-utt102.wav,wav/vmc2026-track3-sys019-utt101.wav,4.603538370260138
sys009,utt050,wav/vmc2026-track3-sys009-utt050.wav,wav/vmc2026-track3-sys019-utt049.wav,4.648252407206683
sys025,utt046,wav/vmc2026-track3-sys025-utt046.wav,wav/vmc2026-track3-sys019-utt045.wav,3.9511586359341746
sys018,utt016,wav/vmc2026-track3-sys018-utt016.wav,wav/vmc2026-track3-sys019-utt015.wav,3.62809437840313
sys006,utt068,wav/vmc2026-track3-sys006-utt068.wav,wav/vmc2026-track3-sys019-utt067.wav,4.092855474289269
sys014,utt278,wav/vmc2026-track3-sys014-utt278.wav,wav/vmc2026-track3-sys019-utt277.wav,4.061525208273687
sys020,utt182,wav/vmc2026-track3-sys020-utt182.wav,wav/vmc2026-track3-sys019-utt181.wav,3.3891870848351906
sys017,utt136,wav/vmc2026-track3-sys017-utt136.wav,wav/vmc2026-track3-sys019-utt135.wav,3.9126445546914503
sys025,utt146,wav/vmc2026-track3-sys025-utt146.wav,wav/vmc2026-track3-sys019-utt145.wav,3.535781410047132
sys002,utt152,wav/vmc2026-track3-sys002-utt152.wav,wav/vmc2026-track3-sys019-utt151.wav,4.557022944199346
sys014,utt182,wav/vmc2026-track3-sys014-utt182.wav,wav/vmc2026-track3-sys019-utt181.wav,4.264705945608774
sys002,utt180,wav/vmc2026-track3-sys002-utt180.wav,wav/vmc2026-track3-sys019-utt179.wav,4.279047255175849
sys014,utt010,wav/vmc2026-track3-sys014-utt010.wav,wav/vmc2026-track3-sys019-utt009.wav,4.238903163605635
sys008,utt276,wav/vmc2026-track3-sys008-utt276.wav,wav/vmc2026-track3-sys019-utt275.wav,4.804609341029019
sys009,utt246,wav/vmc2026-track3-sys009-utt246.wav,wav/vmc2026-track3-sys019-utt245.wav,4.485576635046833
sys026,utt176,wav/vmc2026-track3-sys026-utt176.wav,wav/vmc2026-track3-sys019-utt175.wav,4.035773347240289
sys024,utt082,wav/vmc2026-track3-sys024-utt082.wav,wav/vmc2026-track3-sys019-utt081.wav,4.219920474103205
sys011,utt028,wav/vmc2026-track3-sys011-utt028.wav,wav/vmc2026-track3-sys019-utt027.wav,4.427474901878693
sys005,utt266,wav/vmc2026-track3-sys005-utt266.wav,wav/vmc2026-track3-sys019-utt265.wav,3.599914063994521
sys013,utt288,wav/vmc2026-track3-sys013-utt288.wav,wav/vmc2026-track3-sys019-utt287.wav,4.078754280674562
sys024,utt298,wav/vmc2026-track3-sys024-utt298.wav,wav/vmc2026-track3-sys019-utt297.wav,3.9592498238741807
sys007,utt266,wav/vmc2026-track3-sys007-utt266.wav,wav/vmc2026-track3-sys019-utt265.wav,3.6804500029526337
sys024,utt278,wav/vmc2026-track3-sys024-utt278.wav,wav/vmc2026-track3-sys019-utt277.wav,3.6742496948111576
sys014,utt238,wav/vmc2026-track3-sys014-utt238.wav,wav/vmc2026-track3-sys019-utt237.wav,4.309851894908642
sys008,utt232,wav/vmc2026-track3-sys008-utt232.wav,wav/vmc2026-track3-sys019-utt231.wav,4.7745657690247585
sys001,utt196,wav/vmc2026-track3-sys001-utt196.wav,wav/vmc2026-track3-sys019-utt195.wav,3.9716697124542923
sys020,utt268,wav/vmc2026-track3-sys020-utt268.wav,wav/vmc2026-track3-sys019-utt267.wav,3.8720837449407886
sys012,utt232,wav/vmc2026-track3-sys012-utt232.wav,wav/vmc2026-track3-sys019-utt231.wav,4.1129386590645245
sys017,utt280,wav/vmc2026-track3-sys017-utt280.wav,wav/vmc2026-track3-sys019-utt279.wav,3.911756613583391
sys011,utt012,wav/vmc2026-track3-sys011-utt012.wav,wav/vmc2026-track3-sys019-utt011.wav,4.765469644726584
sys010,utt298,wav/vmc2026-track3-sys010-utt298.wav,wav/vmc2026-track3-sys019-utt297.wav,3.975226523190343
sys001,utt150,wav/vmc2026-track3-sys001-utt150.wav,wav/vmc2026-track3-sys019-utt149.wav,3.965074083070861
sys014,utt040,wav/vmc2026-track3-sys014-utt040.wav,wav/vmc2026-track3-sys019-utt039.wav,4.495141301702677
sys013,utt010,wav/vmc2026-track3-sys013-utt010.wav,wav/vmc2026-track3-sys019-utt009.wav,4.0266284900443114
sys011,utt172,wav/vmc2026-track3-sys011-utt172.wav,wav/vmc2026-track3-sys019-utt171.wav,4.433300912996601
sys023,utt216,wav/vmc2026-track3-sys023-utt216.wav,wav/vmc2026-track3-sys019-utt215.wav,4.686014960429896
sys008,utt266,wav/vmc2026-track3-sys008-utt266.wav,wav/vmc2026-track3-sys019-utt265.wav,4.370575456235654
sys008,utt006,wav/vmc2026-track3-sys008-utt006.wav,wav/vmc2026-track3-sys019-utt005.wav,4.337936262922916
sys023,utt152,wav/vmc2026-track3-sys023-utt152.wav,wav/vmc2026-track3-sys019-utt151.wav,4.468497131082863
sys016,utt224,wav/vmc2026-track3-sys016-utt224.wav,wav/vmc2026-track3-sys019-utt223.wav,3.705360644430024
sys023,utt132,wav/vmc2026-track3-sys023-utt132.wav,wav/vmc2026-track3-sys019-utt131.wav,4.196402034312084
sys011,utt284,wav/vmc2026-track3-sys011-utt284.wav,wav/vmc2026-track3-sys019-utt283.wav,4.700616845815211
sys011,utt136,wav/vmc2026-track3-sys011-utt136.wav,wav/vmc2026-track3-sys019-utt135.wav,4.37106179502431
sys017,utt116,wav/vmc2026-track3-sys017-utt116.wav,wav/vmc2026-track3-sys019-utt115.wav,3.6833828286316797
sys007,utt080,wav/vmc2026-track3-sys007-utt080.wav,wav/vmc2026-track3-sys019-utt079.wav,3.9518785087958967
sys026,utt200,wav/vmc2026-track3-sys026-utt200.wav,wav/vmc2026-track3-sys019-utt199.wav,3.984477904028542
sys006,utt120,wav/vmc2026-track3-sys006-utt120.wav,wav/vmc2026-track3-sys019-utt119.wav,3.9943227093527547
sys014,utt242,wav/vmc2026-track3-sys014-utt242.wav,wav/vmc2026-track3-sys019-utt241.wav,4.541029420439571
sys023,utt220,wav/vmc2026-track3-sys023-utt220.wav,wav/vmc2026-track3-sys019-utt219.wav,4.340660939293029
sys013,utt272,wav/vmc2026-track3-sys013-utt272.wav,wav/vmc2026-track3-sys019-utt271.wav,4.061451456814091
sys023,utt214,wav/vmc2026-track3-sys023-utt214.wav,wav/vmc2026-track3-sys019-utt213.wav,4.389335949953886
sys006,utt192,wav/vmc2026-track3-sys006-utt192.wav,wav/vmc2026-track3-sys019-utt191.wav,4.0604465601657065
sys014,utt262,wav/vmc2026-track3-sys014-utt262.wav,wav/vmc2026-track3-sys019-utt261.wav,4.126998013752114
sys005,utt070,wav/vmc2026-track3-sys005-utt070.wav,wav/vmc2026-track3-sys019-utt069.wav,3.831454571879089
sys008,utt238,wav/vmc2026-track3-sys008-utt238.wav,wav/vmc2026-track3-sys019-utt237.wav,4.575164149171909
sys025,utt304,wav/vmc2026-track3-sys025-utt304.wav,wav/vmc2026-track3-sys019-utt303.wav,3.935904513876213
sys016,utt086,wav/vmc2026-track3-sys016-utt086.wav,wav/vmc2026-track3-sys019-utt085.wav,3.606605326118565
sys013,utt238,wav/vmc2026-track3-sys013-utt238.wav,wav/vmc2026-track3-sys019-utt237.wav,4.31008600833965
sys007,utt232,wav/vmc2026-track3-sys007-utt232.wav,wav/vmc2026-track3-sys019-utt231.wav,3.4926116410777723
sys010,utt174,wav/vmc2026-track3-sys010-utt174.wav,wav/vmc2026-track3-sys019-utt173.wav,4.107547302842613
sys007,utt310,wav/vmc2026-track3-sys007-utt310.wav,wav/vmc2026-track3-sys019-utt309.wav,3.9709401078764
sys022,utt114,wav/vmc2026-track3-sys022-utt114.wav,wav/vmc2026-track3-sys019-utt113.wav,3.820101314493691
sys025,utt176,wav/vmc2026-track3-sys025-utt176.wav,wav/vmc2026-track3-sys019-utt175.wav,3.4783594202257344
sys017,utt114,wav/vmc2026-track3-sys017-utt114.wav,wav/vmc2026-track3-sys019-utt113.wav,4.117280837300053
sys009,utt278,wav/vmc2026-track3-sys009-utt278.wav,wav/vmc2026-track3-sys019-utt277.wav,4.602756136400367
sys014,utt146,wav/vmc2026-track3-sys014-utt146.wav,wav/vmc2026-track3-sys019-utt145.wav,4.188980932481098
sys009,utt080,wav/vmc2026-track3-sys009-utt080.wav,wav/vmc2026-track3-sys019-utt079.wav,4.5244958441985474
sys006,utt224,wav/vmc2026-track3-sys006-utt224.wav,wav/vmc2026-track3-sys019-utt223.wav,4.355177457902304
sys009,utt148,wav/vmc2026-track3-sys009-utt148.wav,wav/vmc2026-track3-sys019-utt147.wav,4.342067880539986
sys010,utt220,wav/vmc2026-track3-sys010-utt220.wav,wav/vmc2026-track3-sys019-utt219.wav,3.806527671117815
sys006,utt074,wav/vmc2026-track3-sys006-utt074.wav,wav/vmc2026-track3-sys019-utt073.wav,4.173363690792884
sys025,utt084,wav/vmc2026-track3-sys025-utt084.wav,wav/vmc2026-track3-sys019-utt083.wav,3.734463166513436
sys013,utt304,wav/vmc2026-track3-sys013-utt304.wav,wav/vmc2026-track3-sys019-utt303.wav,4.147050346827878
sys022,utt214,wav/vmc2026-track3-sys022-utt214.wav,wav/vmc2026-track3-sys019-utt213.wav,4.269397103878287
sys012,utt134,wav/vmc2026-track3-sys012-utt134.wav,wav/vmc2026-track3-sys019-utt133.wav,2.8909107434381944
sys012,utt308,wav/vmc2026-track3-sys012-utt308.wav,wav/vmc2026-track3-sys019-utt307.wav,3.99047290732076
sys018,utt034,wav/vmc2026-track3-sys018-utt034.wav,wav/vmc2026-track3-sys019-utt033.wav,3.5631190574770604
sys007,utt186,wav/vmc2026-track3-sys007-utt186.wav,wav/vmc2026-track3-sys019-utt185.wav,3.6348763728162417
sys012,utt086,wav/vmc2026-track3-sys012-utt086.wav,wav/vmc2026-track3-sys019-utt085.wav,4.083427464240821
sys001,utt226,wav/vmc2026-track3-sys001-utt226.wav,wav/vmc2026-track3-sys019-utt225.wav,4.144559566248126
sys016,utt208,wav/vmc2026-track3-sys016-utt208.wav,wav/vmc2026-track3-sys019-utt207.wav,3.62292826588658
sys016,utt178,wav/vmc2026-track3-sys016-utt178.wav,wav/vmc2026-track3-sys019-utt177.wav,3.746003583661704
sys024,utt090,wav/vmc2026-track3-sys024-utt090.wav,wav/vmc2026-track3-sys019-utt089.wav,4.094855868219827
sys012,utt024,wav/vmc2026-track3-sys012-utt024.wav,wav/vmc2026-track3-sys019-utt023.wav,4.361526284595984
sys018,utt266,wav/vmc2026-track3-sys018-utt266.wav,wav/vmc2026-track3-sys019-utt265.wav,3.640312882067076
sys006,utt238,wav/vmc2026-track3-sys006-utt238.wav,wav/vmc2026-track3-sys019-utt237.wav,4.161406176390398
sys006,utt226,wav/vmc2026-track3-sys006-utt226.wav,wav/vmc2026-track3-sys019-utt225.wav,4.4940851454579835
sys016,utt250,wav/vmc2026-track3-sys016-utt250.wav,wav/vmc2026-track3-sys019-utt249.wav,3.737888454674915
sys023,utt110,wav/vmc2026-track3-sys023-utt110.wav,wav/vmc2026-track3-sys019-utt109.wav,4.440089800014621
sys006,utt062,wav/vmc2026-track3-sys006-utt062.wav,wav/vmc2026-track3-sys019-utt061.wav,4.1199526117472915
sys017,utt312,wav/vmc2026-track3-sys017-utt312.wav,wav/vmc2026-track3-sys019-utt311.wav,4.038469968853546
sys012,utt282,wav/vmc2026-track3-sys012-utt282.wav,wav/vmc2026-track3-sys019-utt281.wav,3.9035368441936793
sys001,utt138,wav/vmc2026-track3-sys001-utt138.wav,wav/vmc2026-track3-sys019-utt137.wav,3.8792922474759157
sys001,utt248,wav/vmc2026-track3-sys001-utt248.wav,wav/vmc2026-track3-sys019-utt247.wav,4.305812253726349
sys026,utt300,wav/vmc2026-track3-sys026-utt300.wav,wav/vmc2026-track3-sys019-utt299.wav,4.338896904356182
sys023,utt104,wav/vmc2026-track3-sys023-utt104.wav,wav/vmc2026-track3-sys019-utt103.wav,4.115147189252619
sys002,utt146,wav/vmc2026-track3-sys002-utt146.wav,wav/vmc2026-track3-sys019-utt145.wav,4.222882790628108
sys023,utt314,wav/vmc2026-track3-sys023-utt314.wav,wav/vmc2026-track3-sys019-utt313.wav,4.62739807954415
sys014,utt024,wav/vmc2026-track3-sys014-utt024.wav,wav/vmc2026-track3-sys019-utt023.wav,3.9853706842621572
sys005,utt040,wav/vmc2026-track3-sys005-utt040.wav,wav/vmc2026-track3-sys019-utt039.wav,3.559514018287396
sys009,utt120,wav/vmc2026-track3-sys009-utt120.wav,wav/vmc2026-track3-sys019-utt119.wav,4.269030886558687
sys011,utt264,wav/vmc2026-track3-sys011-utt264.wav,wav/vmc2026-track3-sys019-utt263.wav,4.403213712676143
sys025,utt126,wav/vmc2026-track3-sys025-utt126.wav,wav/vmc2026-track3-sys019-utt125.wav,3.5956969307187805
sys020,utt302,wav/vmc2026-track3-sys020-utt302.wav,wav/vmc2026-track3-sys019-utt301.wav,3.241544730905497
sys023,utt078,wav/vmc2026-track3-sys023-utt078.wav,wav/vmc2026-track3-sys019-utt077.wav,4.582641420390595
sys002,utt222,wav/vmc2026-track3-sys002-utt222.wav,wav/vmc2026-track3-sys019-utt221.wav,4.472981398801963
sys010,utt082,wav/vmc2026-track3-sys010-utt082.wav,wav/vmc2026-track3-sys019-utt081.wav,3.604154287565393
sys025,utt066,wav/vmc2026-track3-sys025-utt066.wav,wav/vmc2026-track3-sys019-utt065.wav,3.655713612270384
sys009,utt196,wav/vmc2026-track3-sys009-utt196.wav,wav/vmc2026-track3-sys019-utt195.wav,4.672579690061607
sys001,utt012,wav/vmc2026-track3-sys001-utt012.wav,wav/vmc2026-track3-sys019-utt011.wav,3.948388136370348
sys022,utt268,wav/vmc2026-track3-sys022-utt268.wav,wav/vmc2026-track3-sys019-utt267.wav,3.582634893496522
sys005,utt236,wav/vmc2026-track3-sys005-utt236.wav,wav/vmc2026-track3-sys019-utt235.wav,3.748331516032106
sys014,utt150,wav/vmc2026-track3-sys014-utt150.wav,wav/vmc2026-track3-sys019-utt149.wav,4.094136786274959
sys017,utt068,wav/vmc2026-track3-sys017-utt068.wav,wav/vmc2026-track3-sys019-utt067.wav,3.849136524796582
sys026,utt032,wav/vmc2026-track3-sys026-utt032.wav,wav/vmc2026-track3-sys019-utt031.wav,4.266122275020897
sys010,utt304,wav/vmc2026-track3-sys010-utt304.wav,wav/vmc2026-track3-sys019-utt303.wav,3.932661225020724
sys013,utt156,wav/vmc2026-track3-sys013-utt156.wav,wav/vmc2026-track3-sys019-utt155.wav,4.262091691010949
sys006,utt142,wav/vmc2026-track3-sys006-utt142.wav,wav/vmc2026-track3-sys019-utt141.wav,4.214143087383477
sys016,utt310,wav/vmc2026-track3-sys016-utt310.wav,wav/vmc2026-track3-sys019-utt309.wav,3.8582470660207218
sys020,utt012,wav/vmc2026-track3-sys020-utt012.wav,wav/vmc2026-track3-sys019-utt011.wav,3.320671456825325
sys011,utt208,wav/vmc2026-track3-sys011-utt208.wav,wav/vmc2026-track3-sys019-utt207.wav,4.317296471862074
sys024,utt204,wav/vmc2026-track3-sys024-utt204.wav,wav/vmc2026-track3-sys019-utt203.wav,3.837332203457276
sys010,utt008,wav/vmc2026-track3-sys010-utt008.wav,wav/vmc2026-track3-sys019-utt007.wav,4.211876568000465
sys011,utt074,wav/vmc2026-track3-sys011-utt074.wav,wav/vmc2026-track3-sys019-utt073.wav,4.644234744155322
sys018,utt320,wav/vmc2026-track3-sys018-utt320.wav,wav/vmc2026-track3-sys019-utt319.wav,3.562788024118073
sys023,utt208,wav/vmc2026-track3-sys023-utt208.wav,wav/vmc2026-track3-sys019-utt207.wav,4.2979972597883105
sys017,utt028,wav/vmc2026-track3-sys017-utt028.wav,wav/vmc2026-track3-sys019-utt027.wav,4.0174424051856175
sys001,utt220,wav/vmc2026-track3-sys001-utt220.wav,wav/vmc2026-track3-sys019-utt219.wav,4.606498282318898
sys026,utt224,wav/vmc2026-track3-sys026-utt224.wav,wav/vmc2026-track3-sys019-utt223.wav,4.111226894155241
sys007,utt184,wav/vmc2026-track3-sys007-utt184.wav,wav/vmc2026-track3-sys019-utt183.wav,3.851116635217541
sys010,utt016,wav/vmc2026-track3-sys010-utt016.wav,wav/vmc2026-track3-sys019-utt015.wav,4.225653901385134
sys005,utt146,wav/vmc2026-track3-sys005-utt146.wav,wav/vmc2026-track3-sys019-utt145.wav,3.822844673139463
sys008,utt210,wav/vmc2026-track3-sys008-utt210.wav,wav/vmc2026-track3-sys019-utt209.wav,4.537089908970258
sys020,utt042,wav/vmc2026-track3-sys020-utt042.wav,wav/vmc2026-track3-sys019-utt041.wav,3.6087219921988405
sys011,utt272,wav/vmc2026-track3-sys011-utt272.wav,wav/vmc2026-track3-sys019-utt271.wav,4.497878513355586
sys008,utt182,wav/vmc2026-track3-sys008-utt182.wav,wav/vmc2026-track3-sys019-utt181.wav,4.626672121604457
sys001,utt140,wav/vmc2026-track3-sys001-utt140.wav,wav/vmc2026-track3-sys019-utt139.wav,3.9655076245449132
sys005,utt042,wav/vmc2026-track3-sys005-utt042.wav,wav/vmc2026-track3-sys019-utt041.wav,3.853722707309776
sys023,utt218,wav/vmc2026-track3-sys023-utt218.wav,wav/vmc2026-track3-sys019-utt217.wav,4.529233452343989
sys012,utt304,wav/vmc2026-track3-sys012-utt304.wav,wav/vmc2026-track3-sys019-utt303.wav,3.855504479083413
sys020,utt034,wav/vmc2026-track3-sys020-utt034.wav,wav/vmc2026-track3-sys019-utt033.wav,3.6561099971414075
sys022,utt306,wav/vmc2026-track3-sys022-utt306.wav,wav/vmc2026-track3-sys019-utt305.wav,3.7410544817937312
sys009,utt274,wav/vmc2026-track3-sys009-utt274.wav,wav/vmc2026-track3-sys019-utt273.wav,4.691378924417794
sys006,utt314,wav/vmc2026-track3-sys006-utt314.wav,wav/vmc2026-track3-sys019-utt313.wav,4.316218991891823
sys012,utt228,wav/vmc2026-track3-sys012-utt228.wav,wav/vmc2026-track3-sys019-utt227.wav,3.394101448019824
sys018,utt304,wav/vmc2026-track3-sys018-utt304.wav,wav/vmc2026-track3-sys019-utt303.wav,3.275096938523806
sys025,utt236,wav/vmc2026-track3-sys025-utt236.wav,wav/vmc2026-track3-sys019-utt235.wav,3.501863213104452
sys001,utt288,wav/vmc2026-track3-sys001-utt288.wav,wav/vmc2026-track3-sys019-utt287.wav,3.864681001568798
sys014,utt208,wav/vmc2026-track3-sys014-utt208.wav,wav/vmc2026-track3-sys019-utt207.wav,4.154537361280702
sys007,utt042,wav/vmc2026-track3-sys007-utt042.wav,wav/vmc2026-track3-sys019-utt041.wav,3.8170653820331557
sys009,utt104,wav/vmc2026-track3-sys009-utt104.wav,wav/vmc2026-track3-sys019-utt103.wav,4.530824415360275
sys007,utt110,wav/vmc2026-track3-sys007-utt110.wav,wav/vmc2026-track3-sys019-utt109.wav,3.519405716449143
sys012,utt286,wav/vmc2026-track3-sys012-utt286.wav,wav/vmc2026-track3-sys019-utt285.wav,4.045941828375263
sys023,utt036,wav/vmc2026-track3-sys023-utt036.wav,wav/vmc2026-track3-sys019-utt035.wav,4.370430327862493
sys010,utt204,wav/vmc2026-track3-sys010-utt204.wav,wav/vmc2026-track3-sys019-utt203.wav,3.8771241049161893
sys008,utt268,wav/vmc2026-track3-sys008-utt268.wav,wav/vmc2026-track3-sys019-utt267.wav,4.30634428505454
sys022,utt238,wav/vmc2026-track3-sys022-utt238.wav,wav/vmc2026-track3-sys019-utt237.wav,3.65778749415011
sys020,utt192,wav/vmc2026-track3-sys020-utt192.wav,wav/vmc2026-track3-sys019-utt191.wav,3.0478814665142675
sys022,utt084,wav/vmc2026-track3-sys022-utt084.wav,wav/vmc2026-track3-sys019-utt083.wav,3.5873129622524424
sys006,utt156,wav/vmc2026-track3-sys006-utt156.wav,wav/vmc2026-track3-sys019-utt155.wav,4.467674531948793
sys022,utt046,wav/vmc2026-track3-sys022-utt046.wav,wav/vmc2026-track3-sys019-utt045.wav,4.057004472497278
sys001,utt134,wav/vmc2026-track3-sys001-utt134.wav,wav/vmc2026-track3-sys019-utt133.wav,4.0540568552889304
sys012,utt004,wav/vmc2026-track3-sys012-utt004.wav,wav/vmc2026-track3-sys019-utt003.wav,3.9130298586070995
sys016,utt246,wav/vmc2026-track3-sys016-utt246.wav,wav/vmc2026-track3-sys019-utt245.wav,3.9247996342505536
sys005,utt284,wav/vmc2026-track3-sys005-utt284.wav,wav/vmc2026-track3-sys019-utt283.wav,3.634107467271032
sys008,utt140,wav/vmc2026-track3-sys008-utt140.wav,wav/vmc2026-track3-sys019-utt139.wav,4.1528762675123305
sys010,utt134,wav/vmc2026-track3-sys010-utt134.wav,wav/vmc2026-track3-sys019-utt133.wav,3.607265331212503
sys018,utt224,wav/vmc2026-track3-sys018-utt224.wav,wav/vmc2026-track3-sys019-utt223.wav,3.7012765154124443
sys022,utt118,wav/vmc2026-track3-sys022-utt118.wav,wav/vmc2026-track3-sys019-utt117.wav,3.4743341287103484
sys023,utt202,wav/vmc2026-track3-sys023-utt202.wav,wav/vmc2026-track3-sys019-utt201.wav,4.1070866463818625
sys016,utt066,wav/vmc2026-track3-sys016-utt066.wav,wav/vmc2026-track3-sys019-utt065.wav,3.755039479402098
sys005,utt280,wav/vmc2026-track3-sys005-utt280.wav,wav/vmc2026-track3-sys019-utt279.wav,3.977402279534906
sys001,utt032,wav/vmc2026-track3-sys001-utt032.wav,wav/vmc2026-track3-sys019-utt031.wav,3.8785387967653837
sys013,utt082,wav/vmc2026-track3-sys013-utt082.wav,wav/vmc2026-track3-sys019-utt081.wav,4.05069007267098
sys014,utt300,wav/vmc2026-track3-sys014-utt300.wav,wav/vmc2026-track3-sys019-utt299.wav,4.592995586072754
sys012,utt280,wav/vmc2026-track3-sys012-utt280.wav,wav/vmc2026-track3-sys019-utt279.wav,3.9545316938118664
sys023,utt250,wav/vmc2026-track3-sys023-utt250.wav,wav/vmc2026-track3-sys019-utt249.wav,4.010823161672701
sys012,utt268,wav/vmc2026-track3-sys012-utt268.wav,wav/vmc2026-track3-sys019-utt267.wav,3.627592214514382
sys001,utt104,wav/vmc2026-track3-sys001-utt104.wav,wav/vmc2026-track3-sys019-utt103.wav,3.8227477370549616
sys002,utt176,wav/vmc2026-track3-sys002-utt176.wav,wav/vmc2026-track3-sys019-utt175.wav,4.347130901862283
sys001,utt108,wav/vmc2026-track3-sys001-utt108.wav,wav/vmc2026-track3-sys019-utt107.wav,3.8527595733749584
sys018,utt194,wav/vmc2026-track3-sys018-utt194.wav,wav/vmc2026-track3-sys019-utt193.wav,3.7539291116327504
sys012,utt122,wav/vmc2026-track3-sys012-utt122.wav,wav/vmc2026-track3-sys019-utt121.wav,4.0592341168036645
sys005,utt176,wav/vmc2026-track3-sys005-utt176.wav,wav/vmc2026-track3-sys019-utt175.wav,3.454391865830978
sys020,utt312,wav/vmc2026-track3-sys020-utt312.wav,wav/vmc2026-track3-sys019-utt311.wav,3.6276819257839485
sys020,utt124,wav/vmc2026-track3-sys020-utt124.wav,wav/vmc2026-track3-sys019-utt123.wav,3.200014138636962
sys026,utt308,wav/vmc2026-track3-sys026-utt308.wav,wav/vmc2026-track3-sys019-utt307.wav,4.112564026494625
sys005,utt102,wav/vmc2026-track3-sys005-utt102.wav,wav/vmc2026-track3-sys019-utt101.wav,3.7475797816701784
sys012,utt210,wav/vmc2026-track3-sys012-utt210.wav,wav/vmc2026-track3-sys019-utt209.wav,3.7414351295638255
sys012,utt274,wav/vmc2026-track3-sys012-utt274.wav,wav/vmc2026-track3-sys019-utt273.wav,4.242819474850955
sys023,utt086,wav/vmc2026-track3-sys023-utt086.wav,wav/vmc2026-track3-sys019-utt085.wav,4.352160041429156
sys008,utt132,wav/vmc2026-track3-sys008-utt132.wav,wav/vmc2026-track3-sys019-utt131.wav,4.516072587258353
sys005,utt026,wav/vmc2026-track3-sys005-utt026.wav,wav/vmc2026-track3-sys019-utt025.wav,3.5770225308014476
sys009,utt310,wav/vmc2026-track3-sys009-utt310.wav,wav/vmc2026-track3-sys019-utt309.wav,4.699561600276886
sys007,utt284,wav/vmc2026-track3-sys007-utt284.wav,wav/vmc2026-track3-sys019-utt283.wav,3.9134554358309837
sys009,utt134,wav/vmc2026-track3-sys009-utt134.wav,wav/vmc2026-track3-sys019-utt133.wav,4.327002568136998
sys025,utt014,wav/vmc2026-track3-sys025-utt014.wav,wav/vmc2026-track3-sys019-utt013.wav,3.790273629548018
sys014,utt066,wav/vmc2026-track3-sys014-utt066.wav,wav/vmc2026-track3-sys019-utt065.wav,4.338027624633991
sys025,utt238,wav/vmc2026-track3-sys025-utt238.wav,wav/vmc2026-track3-sys019-utt237.wav,3.828020961587063
sys006,utt212,wav/vmc2026-track3-sys006-utt212.wav,wav/vmc2026-track3-sys019-utt211.wav,4.421175983313987
sys010,utt114,wav/vmc2026-track3-sys010-utt114.wav,wav/vmc2026-track3-sys019-utt113.wav,3.7702726207226367
sys023,utt070,wav/vmc2026-track3-sys023-utt070.wav,wav/vmc2026-track3-sys019-utt069.wav,4.44015239708146
sys009,utt020,wav/vmc2026-track3-sys009-utt020.wav,wav/vmc2026-track3-sys019-utt019.wav,4.4480407072933215
sys026,utt062,wav/vmc2026-track3-sys026-utt062.wav,wav/vmc2026-track3-sys019-utt061.wav,3.873048964044443
sys011,utt310,wav/vmc2026-track3-sys011-utt310.wav,wav/vmc2026-track3-sys019-utt309.wav,4.559611804762338
sys007,utt022,wav/vmc2026-track3-sys007-utt022.wav,wav/vmc2026-track3-sys019-utt021.wav,3.8781331129098846
sys008,utt230,wav/vmc2026-track3-sys008-utt230.wav,wav/vmc2026-track3-sys019-utt229.wav,4.66080892245566
sys024,utt276,wav/vmc2026-track3-sys024-utt276.wav,wav/vmc2026-track3-sys019-utt275.wav,3.9974725614059423
sys006,utt008,wav/vmc2026-track3-sys006-utt008.wav,wav/vmc2026-track3-sys019-utt007.wav,4.505982474329795
sys002,utt234,wav/vmc2026-track3-sys002-utt234.wav,wav/vmc2026-track3-sys019-utt233.wav,4.540478167374419
sys014,utt008,wav/vmc2026-track3-sys014-utt008.wav,wav/vmc2026-track3-sys019-utt007.wav,4.632872285219985
sys006,utt288,wav/vmc2026-track3-sys006-utt288.wav,wav/vmc2026-track3-sys019-utt287.wav,4.077555005971466
sys010,utt320,wav/vmc2026-track3-sys010-utt320.wav,wav/vmc2026-track3-sys019-utt319.wav,3.706167302866789
sys008,utt108,wav/vmc2026-track3-sys008-utt108.wav,wav/vmc2026-track3-sys019-utt107.wav,4.6552312194270655
sys014,utt046,wav/vmc2026-track3-sys014-utt046.wav,wav/vmc2026-track3-sys019-utt045.wav,4.298884567904264
sys014,utt286,wav/vmc2026-track3-sys014-utt286.wav,wav/vmc2026-track3-sys019-utt285.wav,4.092777884751904
sys024,utt242,wav/vmc2026-track3-sys024-utt242.wav,wav/vmc2026-track3-sys019-utt241.wav,4.63749505149016
sys020,utt066,wav/vmc2026-track3-sys020-utt066.wav,wav/vmc2026-track3-sys019-utt065.wav,3.5447604201363965
sys020,utt294,wav/vmc2026-track3-sys020-utt294.wav,wav/vmc2026-track3-sys019-utt293.wav,3.4390095575831388
sys002,utt046,wav/vmc2026-track3-sys002-utt046.wav,wav/vmc2026-track3-sys019-utt045.wav,4.616135035695045
sys022,utt186,wav/vmc2026-track3-sys022-utt186.wav,wav/vmc2026-track3-sys019-utt185.wav,3.93131609902256
sys018,utt006,wav/vmc2026-track3-sys018-utt006.wav,wav/vmc2026-track3-sys019-utt005.wav,3.792159802959889
sys018,utt176,wav/vmc2026-track3-sys018-utt176.wav,wav/vmc2026-track3-sys019-utt175.wav,3.407259086889874
sys026,utt182,wav/vmc2026-track3-sys026-utt182.wav,wav/vmc2026-track3-sys019-utt181.wav,4.3421020927476155
sys024,utt148,wav/vmc2026-track3-sys024-utt148.wav,wav/vmc2026-track3-sys019-utt147.wav,4.035790505764172
sys016,utt142,wav/vmc2026-track3-sys016-utt142.wav,wav/vmc2026-track3-sys019-utt141.wav,4.090602320373407
sys023,utt284,wav/vmc2026-track3-sys023-utt284.wav,wav/vmc2026-track3-sys019-utt283.wav,4.635399034961748
sys022,utt234,wav/vmc2026-track3-sys022-utt234.wav,wav/vmc2026-track3-sys019-utt233.wav,3.580266468377323
sys001,utt088,wav/vmc2026-track3-sys001-utt088.wav,wav/vmc2026-track3-sys019-utt087.wav,3.9999007809422493
sys022,utt076,wav/vmc2026-track3-sys022-utt076.wav,wav/vmc2026-track3-sys019-utt075.wav,3.897828015610321
sys023,utt172,wav/vmc2026-track3-sys023-utt172.wav,wav/vmc2026-track3-sys019-utt171.wav,4.215749114167423
sys016,utt122,wav/vmc2026-track3-sys016-utt122.wav,wav/vmc2026-track3-sys019-utt121.wav,3.561181773105623
sys024,utt212,wav/vmc2026-track3-sys024-utt212.wav,wav/vmc2026-track3-sys019-utt211.wav,4.180567701944239
sys017,utt226,wav/vmc2026-track3-sys017-utt226.wav,wav/vmc2026-track3-sys019-utt225.wav,4.2151427450212875
sys008,utt142,wav/vmc2026-track3-sys008-utt142.wav,wav/vmc2026-track3-sys019-utt141.wav,4.363735523551322
sys009,utt062,wav/vmc2026-track3-sys009-utt062.wav,wav/vmc2026-track3-sys019-utt061.wav,4.4609910405173885
sys007,utt146,wav/vmc2026-track3-sys007-utt146.wav,wav/vmc2026-track3-sys019-utt145.wav,3.1865448677710364
sys018,utt214,wav/vmc2026-track3-sys018-utt214.wav,wav/vmc2026-track3-sys019-utt213.wav,3.1614574965034152
sys001,utt318,wav/vmc2026-track3-sys001-utt318.wav,wav/vmc2026-track3-sys019-utt317.wav,4.181320250528178
sys026,utt172,wav/vmc2026-track3-sys026-utt172.wav,wav/vmc2026-track3-sys019-utt171.wav,4.13393803667136
sys022,utt022,wav/vmc2026-track3-sys022-utt022.wav,wav/vmc2026-track3-sys019-utt021.wav,4.222998941889134
sys024,utt274,wav/vmc2026-track3-sys024-utt274.wav,wav/vmc2026-track3-sys019-utt273.wav,4.303934245682899
sys018,utt022,wav/vmc2026-track3-sys018-utt022.wav,wav/vmc2026-track3-sys019-utt021.wav,4.027582129998093
sys023,utt126,wav/vmc2026-track3-sys023-utt126.wav,wav/vmc2026-track3-sys019-utt125.wav,4.629346232970413
sys023,utt044,wav/vmc2026-track3-sys023-utt044.wav,wav/vmc2026-track3-sys019-utt043.wav,4.491821010562273
sys005,utt104,wav/vmc2026-track3-sys005-utt104.wav,wav/vmc2026-track3-sys019-utt103.wav,3.5932059603369346
sys020,utt286,wav/vmc2026-track3-sys020-utt286.wav,wav/vmc2026-track3-sys019-utt285.wav,3.379938093238217
sys001,utt208,wav/vmc2026-track3-sys001-utt208.wav,wav/vmc2026-track3-sys019-utt207.wav,3.832020192762881
sys008,utt270,wav/vmc2026-track3-sys008-utt270.wav,wav/vmc2026-track3-sys019-utt269.wav,4.620351953176663
sys005,utt072,wav/vmc2026-track3-sys005-utt072.wav,wav/vmc2026-track3-sys019-utt071.wav,3.7820054810913146
sys009,utt238,wav/vmc2026-track3-sys009-utt238.wav,wav/vmc2026-track3-sys019-utt237.wav,4.250068882629685
sys006,utt106,wav/vmc2026-track3-sys006-utt106.wav,wav/vmc2026-track3-sys019-utt105.wav,4.293910812500661
sys025,utt300,wav/vmc2026-track3-sys025-utt300.wav,wav/vmc2026-track3-sys019-utt299.wav,3.9374608572267884
sys008,utt136,wav/vmc2026-track3-sys008-utt136.wav,wav/vmc2026-track3-sys019-utt135.wav,4.572489976467873
sys010,utt088,wav/vmc2026-track3-sys010-utt088.wav,wav/vmc2026-track3-sys019-utt087.wav,4.189814570333572
sys018,utt108,wav/vmc2026-track3-sys018-utt108.wav,wav/vmc2026-track3-sys019-utt107.wav,3.419053104156378
sys025,utt244,wav/vmc2026-track3-sys025-utt244.wav,wav/vmc2026-track3-sys019-utt243.wav,4.092433361346999
sys006,utt034,wav/vmc2026-track3-sys006-utt034.wav,wav/vmc2026-track3-sys019-utt033.wav,4.23837344834381
sys018,utt274,wav/vmc2026-track3-sys018-utt274.wav,wav/vmc2026-track3-sys019-utt273.wav,3.0554210821842194
sys009,utt318,wav/vmc2026-track3-sys009-utt318.wav,wav/vmc2026-track3-sys019-utt317.wav,4.550657719013878
sys008,utt022,wav/vmc2026-track3-sys008-utt022.wav,wav/vmc2026-track3-sys019-utt021.wav,4.549854489003324
sys024,utt036,wav/vmc2026-track3-sys024-utt036.wav,wav/vmc2026-track3-sys019-utt035.wav,4.060071231577781
sys022,utt080,wav/vmc2026-track3-sys022-utt080.wav,wav/vmc2026-track3-sys019-utt079.wav,3.7391740706578562
sys010,utt130,wav/vmc2026-track3-sys010-utt130.wav,wav/vmc2026-track3-sys019-utt129.wav,3.9950316969829145
sys017,utt072,wav/vmc2026-track3-sys017-utt072.wav,wav/vmc2026-track3-sys019-utt071.wav,4.251161683308459
sys016,utt308,wav/vmc2026-track3-sys016-utt308.wav,wav/vmc2026-track3-sys019-utt307.wav,3.636032364692142
sys017,utt156,wav/vmc2026-track3-sys017-utt156.wav,wav/vmc2026-track3-sys019-utt155.wav,4.360239001678086
sys008,utt154,wav/vmc2026-track3-sys008-utt154.wav,wav/vmc2026-track3-sys019-utt153.wav,4.850242032470688
sys001,utt126,wav/vmc2026-track3-sys001-utt126.wav,wav/vmc2026-track3-sys019-utt125.wav,4.157947773739067
sys016,utt202,wav/vmc2026-track3-sys016-utt202.wav,wav/vmc2026-track3-sys019-utt201.wav,3.5961205530528035
sys014,utt206,wav/vmc2026-track3-sys014-utt206.wav,wav/vmc2026-track3-sys019-utt205.wav,4.299642759250086
sys001,utt302,wav/vmc2026-track3-sys001-utt302.wav,wav/vmc2026-track3-sys019-utt301.wav,4.18629340279917
sys020,utt110,wav/vmc2026-track3-sys020-utt110.wav,wav/vmc2026-track3-sys019-utt109.wav,3.345680274724699
sys025,utt024,wav/vmc2026-track3-sys025-utt024.wav,wav/vmc2026-track3-sys019-utt023.wav,3.7723849688851674
sys020,utt014,wav/vmc2026-track3-sys020-utt014.wav,wav/vmc2026-track3-sys019-utt013.wav,3.3302647345449077
sys009,utt160,wav/vmc2026-track3-sys009-utt160.wav,wav/vmc2026-track3-sys019-utt159.wav,4.634171758365886
sys010,utt302,wav/vmc2026-track3-sys010-utt302.wav,wav/vmc2026-track3-sys019-utt301.wav,4.29237328632377
sys020,utt006,wav/vmc2026-track3-sys020-utt006.wav,wav/vmc2026-track3-sys019-utt005.wav,3.3553894007791394
sys010,utt230,wav/vmc2026-track3-sys010-utt230.wav,wav/vmc2026-track3-sys019-utt229.wav,4.27627787079116
sys005,utt156,wav/vmc2026-track3-sys005-utt156.wav,wav/vmc2026-track3-sys019-utt155.wav,4.150290455930514
sys007,utt074,wav/vmc2026-track3-sys007-utt074.wav,wav/vmc2026-track3-sys019-utt073.wav,3.909919310740171
sys002,utt070,wav/vmc2026-track3-sys002-utt070.wav,wav/vmc2026-track3-sys019-utt069.wav,4.607989787531685
sys008,utt148,wav/vmc2026-track3-sys008-utt148.wav,wav/vmc2026-track3-sys019-utt147.wav,4.344831783144111
sys020,utt236,wav/vmc2026-track3-sys020-utt236.wav,wav/vmc2026-track3-sys019-utt235.wav,3.365074702492155
sys026,utt078,wav/vmc2026-track3-sys026-utt078.wav,wav/vmc2026-track3-sys019-utt077.wav,3.7579286380405614
sys017,utt110,wav/vmc2026-track3-sys017-utt110.wav,wav/vmc2026-track3-sys019-utt109.wav,3.851632620386698
sys026,utt262,wav/vmc2026-track3-sys026-utt262.wav,wav/vmc2026-track3-sys019-utt261.wav,3.937518418732707
sys008,utt030,wav/vmc2026-track3-sys008-utt030.wav,wav/vmc2026-track3-sys019-utt029.wav,4.358819127961946
sys026,utt148,wav/vmc2026-track3-sys026-utt148.wav,wav/vmc2026-track3-sys019-utt147.wav,3.856377410594625
sys007,utt204,wav/vmc2026-track3-sys007-utt204.wav,wav/vmc2026-track3-sys019-utt203.wav,3.92598377654957
sys026,utt028,wav/vmc2026-track3-sys026-utt028.wav,wav/vmc2026-track3-sys019-utt027.wav,4.34582114883139
sys012,utt140,wav/vmc2026-track3-sys012-utt140.wav,wav/vmc2026-track3-sys019-utt139.wav,2.5333233325240982
sys025,utt274,wav/vmc2026-track3-sys025-utt274.wav,wav/vmc2026-track3-sys019-utt273.wav,4.033072368486259
sys002,utt310,wav/vmc2026-track3-sys002-utt310.wav,wav/vmc2026-track3-sys019-utt309.wav,4.571465819226493
sys007,utt040,wav/vmc2026-track3-sys007-utt040.wav,wav/vmc2026-track3-sys019-utt039.wav,3.61469944107607
sys011,utt040,wav/vmc2026-track3-sys011-utt040.wav,wav/vmc2026-track3-sys019-utt039.wav,4.353890059746052
sys005,utt172,wav/vmc2026-track3-sys005-utt172.wav,wav/vmc2026-track3-sys019-utt171.wav,3.576872942539217
sys006,utt024,wav/vmc2026-track3-sys006-utt024.wav,wav/vmc2026-track3-sys019-utt023.wav,4.114578465677399
sys016,utt024,wav/vmc2026-track3-sys016-utt024.wav,wav/vmc2026-track3-sys019-utt023.wav,3.9313509527705874
sys008,utt134,wav/vmc2026-track3-sys008-utt134.wav,wav/vmc2026-track3-sys019-utt133.wav,4.431404949178947
sys005,utt002,wav/vmc2026-track3-sys005-utt002.wav,wav/vmc2026-track3-sys019-utt001.wav,3.844812605850023
sys025,utt128,wav/vmc2026-track3-sys025-utt128.wav,wav/vmc2026-track3-sys019-utt127.wav,3.5046686820787434
sys010,utt076,wav/vmc2026-track3-sys010-utt076.wav,wav/vmc2026-track3-sys019-utt075.wav,4.071494830775111
sys008,utt024,wav/vmc2026-track3-sys008-utt024.wav,wav/vmc2026-track3-sys019-utt023.wav,4.552753741612841
sys020,utt296,wav/vmc2026-track3-sys020-utt296.wav,wav/vmc2026-track3-sys019-utt295.wav,3.490376622645607
sys001,utt064,wav/vmc2026-track3-sys001-utt064.wav,wav/vmc2026-track3-sys019-utt063.wav,4.153917073396003
sys017,utt006,wav/vmc2026-track3-sys017-utt006.wav,wav/vmc2026-track3-sys019-utt005.wav,3.8667153064899598
sys012,utt080,wav/vmc2026-track3-sys012-utt080.wav,wav/vmc2026-track3-sys019-utt079.wav,3.847477638435241
sys011,utt282,wav/vmc2026-track3-sys011-utt282.wav,wav/vmc2026-track3-sys019-utt281.wav,4.626698590791955
sys017,utt038,wav/vmc2026-track3-sys017-utt038.wav,wav/vmc2026-track3-sys019-utt037.wav,4.032165754038701
sys026,utt084,wav/vmc2026-track3-sys026-utt084.wav,wav/vmc2026-track3-sys019-utt083.wav,4.278730748551938
sys010,utt032,wav/vmc2026-track3-sys010-utt032.wav,wav/vmc2026-track3-sys019-utt031.wav,3.9475049203327095
sys014,utt002,wav/vmc2026-track3-sys014-utt002.wav,wav/vmc2026-track3-sys019-utt001.wav,4.38718861768433
sys014,utt204,wav/vmc2026-track3-sys014-utt204.wav,wav/vmc2026-track3-sys019-utt203.wav,4.256749860186972
sys002,utt074,wav/vmc2026-track3-sys002-utt074.wav,wav/vmc2026-track3-sys019-utt073.wav,4.55978891155194
sys025,utt186,wav/vmc2026-track3-sys025-utt186.wav,wav/vmc2026-track3-sys019-utt185.wav,3.7814308655433697
sys022,utt016,wav/vmc2026-track3-sys022-utt016.wav,wav/vmc2026-track3-sys019-utt015.wav,3.8251515244138807
sys001,utt160,wav/vmc2026-track3-sys001-utt160.wav,wav/vmc2026-track3-sys019-utt159.wav,4.047775345771099
sys024,utt266,wav/vmc2026-track3-sys024-utt266.wav,wav/vmc2026-track3-sys019-utt265.wav,4.164859469222865
sys016,utt216,wav/vmc2026-track3-sys016-utt216.wav,wav/vmc2026-track3-sys019-utt215.wav,4.321125937966645
sys008,utt236,wav/vmc2026-track3-sys008-utt236.wav,wav/vmc2026-track3-sys019-utt235.wav,4.250949564004855
sys022,utt204,wav/vmc2026-track3-sys022-utt204.wav,wav/vmc2026-track3-sys019-utt203.wav,3.5277467016612296
sys007,utt064,wav/vmc2026-track3-sys007-utt064.wav,wav/vmc2026-track3-sys019-utt063.wav,3.6586633565511733
sys006,utt046,wav/vmc2026-track3-sys006-utt046.wav,wav/vmc2026-track3-sys019-utt045.wav,4.3373354638915895
sys017,utt014,wav/vmc2026-track3-sys017-utt014.wav,wav/vmc2026-track3-sys019-utt013.wav,4.416641291621572
sys014,utt064,wav/vmc2026-track3-sys014-utt064.wav,wav/vmc2026-track3-sys019-utt063.wav,4.477014892010752
sys012,utt114,wav/vmc2026-track3-sys012-utt114.wav,wav/vmc2026-track3-sys019-utt113.wav,4.000681242491731
sys011,utt244,wav/vmc2026-track3-sys011-utt244.wav,wav/vmc2026-track3-sys019-utt243.wav,4.779961379615144
sys016,utt018,wav/vmc2026-track3-sys016-utt018.wav,wav/vmc2026-track3-sys019-utt017.wav,3.67036685989234
sys005,utt274,wav/vmc2026-track3-sys005-utt274.wav,wav/vmc2026-track3-sys019-utt273.wav,4.064388874077662
sys001,utt014,wav/vmc2026-track3-sys001-utt014.wav,wav/vmc2026-track3-sys019-utt013.wav,3.8709426649436574
sys025,utt206,wav/vmc2026-track3-sys025-utt206.wav,wav/vmc2026-track3-sys019-utt205.wav,3.6012010191258663
sys006,utt128,wav/vmc2026-track3-sys006-utt128.wav,wav/vmc2026-track3-sys019-utt127.wav,4.0436977737343724
sys017,utt204,wav/vmc2026-track3-sys017-utt204.wav,wav/vmc2026-track3-sys019-utt203.wav,4.009935494845231
sys008,utt016,wav/vmc2026-track3-sys008-utt016.wav,wav/vmc2026-track3-sys019-utt015.wav,4.816371719017793
sys009,utt074,wav/vmc2026-track3-sys009-utt074.wav,wav/vmc2026-track3-sys019-utt073.wav,4.7368867451436
sys017,utt040,wav/vmc2026-track3-sys017-utt040.wav,wav/vmc2026-track3-sys019-utt039.wav,3.746175032206825
sys016,utt064,wav/vmc2026-track3-sys016-utt064.wav,wav/vmc2026-track3-sys019-utt063.wav,3.7367257429187717
sys016,utt172,wav/vmc2026-track3-sys016-utt172.wav,wav/vmc2026-track3-sys019-utt171.wav,3.7952621212998534
sys026,utt280,wav/vmc2026-track3-sys026-utt280.wav,wav/vmc2026-track3-sys019-utt279.wav,4.246606964749216
sys014,utt122,wav/vmc2026-track3-sys014-utt122.wav,wav/vmc2026-track3-sys019-utt121.wav,4.318311345039754
sys020,utt274,wav/vmc2026-track3-sys020-utt274.wav,wav/vmc2026-track3-sys019-utt273.wav,3.5753030418140055
sys022,utt014,wav/vmc2026-track3-sys022-utt014.wav,wav/vmc2026-track3-sys019-utt013.wav,4.028438585960307
sys002,utt294,wav/vmc2026-track3-sys002-utt294.wav,wav/vmc2026-track3-sys019-utt293.wav,4.331620688073398
sys026,utt216,wav/vmc2026-track3-sys026-utt216.wav,wav/vmc2026-track3-sys019-utt215.wav,4.227868027603545
sys001,utt082,wav/vmc2026-track3-sys001-utt082.wav,wav/vmc2026-track3-sys019-utt081.wav,4.125760745159023
sys009,utt022,wav/vmc2026-track3-sys009-utt022.wav,wav/vmc2026-track3-sys019-utt021.wav,4.620453395896598
sys002,utt114,wav/vmc2026-track3-sys002-utt114.wav,wav/vmc2026-track3-sys019-utt113.wav,4.150456388676894
sys026,utt048,wav/vmc2026-track3-sys026-utt048.wav,wav/vmc2026-track3-sys019-utt047.wav,4.054223064015796
sys006,utt070,wav/vmc2026-track3-sys006-utt070.wav,wav/vmc2026-track3-sys019-utt069.wav,4.462038207558065
sys025,utt158,wav/vmc2026-track3-sys025-utt158.wav,wav/vmc2026-track3-sys019-utt157.wav,4.3134866095116795
sys007,utt300,wav/vmc2026-track3-sys007-utt300.wav,wav/vmc2026-track3-sys019-utt299.wav,3.864502017720385
sys025,utt210,wav/vmc2026-track3-sys025-utt210.wav,wav/vmc2026-track3-sys019-utt209.wav,3.437549904846107
sys023,utt272,wav/vmc2026-track3-sys023-utt272.wav,wav/vmc2026-track3-sys019-utt271.wav,4.789843866416518
sys001,utt114,wav/vmc2026-track3-sys001-utt114.wav,wav/vmc2026-track3-sys019-utt113.wav,3.9046530429139774
sys010,utt046,wav/vmc2026-track3-sys010-utt046.wav,wav/vmc2026-track3-sys019-utt045.wav,4.109792265919846
sys023,utt066,wav/vmc2026-track3-sys023-utt066.wav,wav/vmc2026-track3-sys019-utt065.wav,4.4582119587973805
sys025,utt226,wav/vmc2026-track3-sys025-utt226.wav,wav/vmc2026-track3-sys019-utt225.wav,3.690766726817763
sys006,utt298,wav/vmc2026-track3-sys006-utt298.wav,wav/vmc2026-track3-sys019-utt297.wav,4.086183213084062
sys011,utt312,wav/vmc2026-track3-sys011-utt312.wav,wav/vmc2026-track3-sys019-utt311.wav,4.459642438964254
sys010,utt278,wav/vmc2026-track3-sys010-utt278.wav,wav/vmc2026-track3-sys019-utt277.wav,3.732515522817993
sys025,utt140,wav/vmc2026-track3-sys025-utt140.wav,wav/vmc2026-track3-sys019-utt139.wav,3.7075355398953156
sys006,utt284,wav/vmc2026-track3-sys006-utt284.wav,wav/vmc2026-track3-sys019-utt283.wav,4.121003734553908
sys011,utt070,wav/vmc2026-track3-sys011-utt070.wav,wav/vmc2026-track3-sys019-utt069.wav,4.694166442576145
sys025,utt202,wav/vmc2026-track3-sys025-utt202.wav,wav/vmc2026-track3-sys019-utt201.wav,3.496382036288954
sys011,utt250,wav/vmc2026-track3-sys011-utt250.wav,wav/vmc2026-track3-sys019-utt249.wav,4.551491446584807
sys014,utt014,wav/vmc2026-track3-sys014-utt014.wav,wav/vmc2026-track3-sys019-utt013.wav,4.1974837307169075
sys025,utt200,wav/vmc2026-track3-sys025-utt200.wav,wav/vmc2026-track3-sys019-utt199.wav,4.040422035494913
sys022,utt134,wav/vmc2026-track3-sys022-utt134.wav,wav/vmc2026-track3-sys019-utt133.wav,3.147001126302431
sys026,utt120,wav/vmc2026-track3-sys026-utt120.wav,wav/vmc2026-track3-sys019-utt119.wav,3.888992868594635
sys002,utt210,wav/vmc2026-track3-sys002-utt210.wav,wav/vmc2026-track3-sys019-utt209.wav,4.399892378215029
sys007,utt268,wav/vmc2026-track3-sys007-utt268.wav,wav/vmc2026-track3-sys019-utt267.wav,3.8873657136712727
sys024,utt106,wav/vmc2026-track3-sys024-utt106.wav,wav/vmc2026-track3-sys019-utt105.wav,4.041449540814592
sys005,utt218,wav/vmc2026-track3-sys005-utt218.wav,wav/vmc2026-track3-sys019-utt217.wav,4.006822776889575
sys002,utt132,wav/vmc2026-track3-sys002-utt132.wav,wav/vmc2026-track3-sys019-utt131.wav,4.520194643326054
sys012,utt076,wav/vmc2026-track3-sys012-utt076.wav,wav/vmc2026-track3-sys019-utt075.wav,3.6954812013747835
sys023,utt224,wav/vmc2026-track3-sys023-utt224.wav,wav/vmc2026-track3-sys019-utt223.wav,4.551341481552507
sys002,utt192,wav/vmc2026-track3-sys002-utt192.wav,wav/vmc2026-track3-sys019-utt191.wav,4.447762905301004
sys002,utt012,wav/vmc2026-track3-sys002-utt012.wav,wav/vmc2026-track3-sys019-utt011.wav,4.553155601838097
sys001,utt006,wav/vmc2026-track3-sys001-utt006.wav,wav/vmc2026-track3-sys019-utt005.wav,3.7720345492653298
sys009,utt090,wav/vmc2026-track3-sys009-utt090.wav,wav/vmc2026-track3-sys019-utt089.wav,4.389284467897901
sys016,utt264,wav/vmc2026-track3-sys016-utt264.wav,wav/vmc2026-track3-sys019-utt263.wav,3.748814261766107
sys010,utt146,wav/vmc2026-track3-sys010-utt146.wav,wav/vmc2026-track3-sys019-utt145.wav,3.5649161937356926
sys012,utt192,wav/vmc2026-track3-sys012-utt192.wav,wav/vmc2026-track3-sys019-utt191.wav,4.12045112650774
sys009,utt210,wav/vmc2026-track3-sys009-utt210.wav,wav/vmc2026-track3-sys019-utt209.wav,4.402909171346254
sys023,utt310,wav/vmc2026-track3-sys023-utt310.wav,wav/vmc2026-track3-sys019-utt309.wav,4.538395283216003
sys008,utt066,wav/vmc2026-track3-sys008-utt066.wav,wav/vmc2026-track3-sys019-utt065.wav,4.521341792001983
sys024,utt040,wav/vmc2026-track3-sys024-utt040.wav,wav/vmc2026-track3-sys019-utt039.wav,3.7834956963480266
sys014,utt210,wav/vmc2026-track3-sys014-utt210.wav,wav/vmc2026-track3-sys019-utt209.wav,4.165992946149799
sys024,utt228,wav/vmc2026-track3-sys024-utt228.wav,wav/vmc2026-track3-sys019-utt227.wav,3.9963415162852973
sys023,utt262,wav/vmc2026-track3-sys023-utt262.wav,wav/vmc2026-track3-sys019-utt261.wav,4.352086293454635
sys017,utt034,wav/vmc2026-track3-sys017-utt034.wav,wav/vmc2026-track3-sys019-utt033.wav,3.9299791724914686
sys026,utt026,wav/vmc2026-track3-sys026-utt026.wav,wav/vmc2026-track3-sys019-utt025.wav,4.375170755344617
sys002,utt288,wav/vmc2026-track3-sys002-utt288.wav,wav/vmc2026-track3-sys019-utt287.wav,4.587077193978716
sys012,utt022,wav/vmc2026-track3-sys012-utt022.wav,wav/vmc2026-track3-sys019-utt021.wav,4.134725542321076
sys013,utt022,wav/vmc2026-track3-sys013-utt022.wav,wav/vmc2026-track3-sys019-utt021.wav,3.974299944454212
sys005,utt138,wav/vmc2026-track3-sys005-utt138.wav,wav/vmc2026-track3-sys019-utt137.wav,3.7157251684788433
sys013,utt076,wav/vmc2026-track3-sys013-utt076.wav,wav/vmc2026-track3-sys019-utt075.wav,4.080709693345531
sys008,utt286,wav/vmc2026-track3-sys008-utt286.wav,wav/vmc2026-track3-sys019-utt285.wav,4.515469534161672
sys013,utt228,wav/vmc2026-track3-sys013-utt228.wav,wav/vmc2026-track3-sys019-utt227.wav,4.164223902454051
sys018,utt024,wav/vmc2026-track3-sys018-utt024.wav,wav/vmc2026-track3-sys019-utt023.wav,3.099918678932852
sys011,utt216,wav/vmc2026-track3-sys011-utt216.wav,wav/vmc2026-track3-sys019-utt215.wav,4.57418220566809
sys018,utt074,wav/vmc2026-track3-sys018-utt074.wav,wav/vmc2026-track3-sys019-utt073.wav,3.113778088580621
sys010,utt270,wav/vmc2026-track3-sys010-utt270.wav,wav/vmc2026-track3-sys019-utt269.wav,4.201472483039307
sys017,utt272,wav/vmc2026-track3-sys017-utt272.wav,wav/vmc2026-track3-sys019-utt271.wav,4.248278663780418
sys026,utt228,wav/vmc2026-track3-sys026-utt228.wav,wav/vmc2026-track3-sys019-utt227.wav,3.9391980343862345
sys011,utt112,wav/vmc2026-track3-sys011-utt112.wav,wav/vmc2026-track3-sys019-utt111.wav,4.377065788561726
sys017,utt154,wav/vmc2026-track3-sys017-utt154.wav,wav/vmc2026-track3-sys019-utt153.wav,4.139434324825339
sys022,utt004,wav/vmc2026-track3-sys022-utt004.wav,wav/vmc2026-track3-sys019-utt003.wav,3.773899725782141
sys017,utt296,wav/vmc2026-track3-sys017-utt296.wav,wav/vmc2026-track3-sys019-utt295.wav,4.528680277446919
sys024,utt086,wav/vmc2026-track3-sys024-utt086.wav,wav/vmc2026-track3-sys019-utt085.wav,3.7272034162955086
sys026,utt152,wav/vmc2026-track3-sys026-utt152.wav,wav/vmc2026-track3-sys019-utt151.wav,4.222421089449998
sys006,utt198,wav/vmc2026-track3-sys006-utt198.wav,wav/vmc2026-track3-sys019-utt197.wav,4.475959122657473
sys002,utt004,wav/vmc2026-track3-sys002-utt004.wav,wav/vmc2026-track3-sys019-utt003.wav,4.726324068010239
sys012,utt020,wav/vmc2026-track3-sys012-utt020.wav,wav/vmc2026-track3-sys019-utt019.wav,4.227819323945898
sys002,utt062,wav/vmc2026-track3-sys002-utt062.wav,wav/vmc2026-track3-sys019-utt061.wav,4.386977893194976
sys014,utt196,wav/vmc2026-track3-sys014-utt196.wav,wav/vmc2026-track3-sys019-utt195.wav,4.315217654025074
sys013,utt154,wav/vmc2026-track3-sys013-utt154.wav,wav/vmc2026-track3-sys019-utt153.wav,4.30952721724411
sys014,utt268,wav/vmc2026-track3-sys014-utt268.wav,wav/vmc2026-track3-sys019-utt267.wav,4.054466719055154
sys017,utt118,wav/vmc2026-track3-sys017-utt118.wav,wav/vmc2026-track3-sys019-utt117.wav,3.735487410844374
sys009,utt300,wav/vmc2026-track3-sys009-utt300.wav,wav/vmc2026-track3-sys019-utt299.wav,4.637846734391669
sys002,utt064,wav/vmc2026-track3-sys002-utt064.wav,wav/vmc2026-track3-sys019-utt063.wav,4.608798816628784
sys011,utt306,wav/vmc2026-track3-sys011-utt306.wav,wav/vmc2026-track3-sys019-utt305.wav,4.2974234629946775
sys010,utt150,wav/vmc2026-track3-sys010-utt150.wav,wav/vmc2026-track3-sys019-utt149.wav,3.7765022833953648
sys017,utt270,wav/vmc2026-track3-sys017-utt270.wav,wav/vmc2026-track3-sys019-utt269.wav,4.325628987011432
sys017,utt090,wav/vmc2026-track3-sys017-utt090.wav,wav/vmc2026-track3-sys019-utt089.wav,4.0704277318949496
sys014,utt184,wav/vmc2026-track3-sys014-utt184.wav,wav/vmc2026-track3-sys019-utt183.wav,4.532422062895758
sys005,utt120,wav/vmc2026-track3-sys005-utt120.wav,wav/vmc2026-track3-sys019-utt119.wav,3.4940805312782905
sys020,utt068,wav/vmc2026-track3-sys020-utt068.wav,wav/vmc2026-track3-sys019-utt067.wav,3.5347238948146495
sys001,utt040,wav/vmc2026-track3-sys001-utt040.wav,wav/vmc2026-track3-sys019-utt039.wav,3.6965921236753223
sys011,utt266,wav/vmc2026-track3-sys011-utt266.wav,wav/vmc2026-track3-sys019-utt265.wav,4.514177431227789
sys007,utt062,wav/vmc2026-track3-sys007-utt062.wav,wav/vmc2026-track3-sys019-utt061.wav,3.5154830927267837
sys006,utt250,wav/vmc2026-track3-sys006-utt250.wav,wav/vmc2026-track3-sys019-utt249.wav,4.268778146868009
sys024,utt250,wav/vmc2026-track3-sys024-utt250.wav,wav/vmc2026-track3-sys019-utt249.wav,4.091705197370685
sys020,utt120,wav/vmc2026-track3-sys020-utt120.wav,wav/vmc2026-track3-sys019-utt119.wav,3.5766646119474954
sys022,utt266,wav/vmc2026-track3-sys022-utt266.wav,wav/vmc2026-track3-sys019-utt265.wav,4.188816418962949
sys001,utt136,wav/vmc2026-track3-sys001-utt136.wav,wav/vmc2026-track3-sys019-utt135.wav,4.0937372780490024
sys017,utt294,wav/vmc2026-track3-sys017-utt294.wav,wav/vmc2026-track3-sys019-utt293.wav,4.319518129650595
sys025,utt068,wav/vmc2026-track3-sys025-utt068.wav,wav/vmc2026-track3-sys019-utt067.wav,3.5182571308207886
sys011,utt026,wav/vmc2026-track3-sys011-utt026.wav,wav/vmc2026-track3-sys019-utt025.wav,4.584853442558477
sys018,utt280,wav/vmc2026-track3-sys018-utt280.wav,wav/vmc2026-track3-sys019-utt279.wav,3.9272806492731047
sys009,utt200,wav/vmc2026-track3-sys009-utt200.wav,wav/vmc2026-track3-sys019-utt199.wav,4.739346477042359
sys005,utt202,wav/vmc2026-track3-sys005-utt202.wav,wav/vmc2026-track3-sys019-utt201.wav,3.948531718548627
sys024,utt222,wav/vmc2026-track3-sys024-utt222.wav,wav/vmc2026-track3-sys019-utt221.wav,4.259447581750823
sys020,utt282,wav/vmc2026-track3-sys020-utt282.wav,wav/vmc2026-track3-sys019-utt281.wav,3.4764989864047937
sys010,utt282,wav/vmc2026-track3-sys010-utt282.wav,wav/vmc2026-track3-sys019-utt281.wav,4.414883908020096
sys012,utt270,wav/vmc2026-track3-sys012-utt270.wav,wav/vmc2026-track3-sys019-utt269.wav,4.1326977154281925
sys008,utt202,wav/vmc2026-track3-sys008-utt202.wav,wav/vmc2026-track3-sys019-utt201.wav,4.481744152960365
sys008,utt150,wav/vmc2026-track3-sys008-utt150.wav,wav/vmc2026-track3-sys019-utt149.wav,4.378545325493557
sys010,utt138,wav/vmc2026-track3-sys010-utt138.wav,wav/vmc2026-track3-sys019-utt137.wav,4.065716998224554
sys002,utt116,wav/vmc2026-track3-sys002-utt116.wav,wav/vmc2026-track3-sys019-utt115.wav,4.2825387892038975
sys025,utt156,wav/vmc2026-track3-sys025-utt156.wav,wav/vmc2026-track3-sys019-utt155.wav,4.263631703942791
sys014,utt302,wav/vmc2026-track3-sys014-utt302.wav,wav/vmc2026-track3-sys019-utt301.wav,4.513365061050278
sys011,utt090,wav/vmc2026-track3-sys011-utt090.wav,wav/vmc2026-track3-sys019-utt089.wav,4.188623467105759
sys025,utt040,wav/vmc2026-track3-sys025-utt040.wav,wav/vmc2026-track3-sys019-utt039.wav,3.9076963077229774
sys023,utt204,wav/vmc2026-track3-sys023-utt204.wav,wav/vmc2026-track3-sys019-utt203.wav,4.140391699023855
sys009,utt244,wav/vmc2026-track3-sys009-utt244.wav,wav/vmc2026-track3-sys019-utt243.wav,4.614674467007479
sys005,utt220,wav/vmc2026-track3-sys005-utt220.wav,wav/vmc2026-track3-sys019-utt219.wav,4.075026082584042
sys026,utt238,wav/vmc2026-track3-sys026-utt238.wav,wav/vmc2026-track3-sys019-utt237.wav,3.9199240060530265
sys008,utt310,wav/vmc2026-track3-sys008-utt310.wav,wav/vmc2026-track3-sys019-utt309.wav,4.8390008034336445
sys013,utt004,wav/vmc2026-track3-sys013-utt004.wav,wav/vmc2026-track3-sys019-utt003.wav,4.159754799753012
sys001,utt036,wav/vmc2026-track3-sys001-utt036.wav,wav/vmc2026-track3-sys019-utt035.wav,4.0101033865812425
sys012,utt146,wav/vmc2026-track3-sys012-utt146.wav,wav/vmc2026-track3-sys019-utt145.wav,3.4759671852197185
sys012,utt038,wav/vmc2026-track3-sys012-utt038.wav,wav/vmc2026-track3-sys019-utt037.wav,4.1023565223862235
sys014,utt284,wav/vmc2026-track3-sys014-utt284.wav,wav/vmc2026-track3-sys019-utt283.wav,4.399191206887772
sys017,utt244,wav/vmc2026-track3-sys017-utt244.wav,wav/vmc2026-track3-sys019-utt243.wav,4.468606668525248
sys001,utt262,wav/vmc2026-track3-sys001-utt262.wav,wav/vmc2026-track3-sys019-utt261.wav,3.719762864765447
sys001,utt222,wav/vmc2026-track3-sys001-utt222.wav,wav/vmc2026-track3-sys019-utt221.wav,3.767306322457378
sys008,utt116,wav/vmc2026-track3-sys008-utt116.wav,wav/vmc2026-track3-sys019-utt115.wav,4.5342544092968335
sys001,utt272,wav/vmc2026-track3-sys001-utt272.wav,wav/vmc2026-track3-sys019-utt271.wav,4.224718907431726
sys008,utt216,wav/vmc2026-track3-sys008-utt216.wav,wav/vmc2026-track3-sys019-utt215.wav,4.638327551644213
sys022,utt218,wav/vmc2026-track3-sys022-utt218.wav,wav/vmc2026-track3-sys019-utt217.wav,4.415015684739096
sys026,utt268,wav/vmc2026-track3-sys026-utt268.wav,wav/vmc2026-track3-sys019-utt267.wav,3.9800560189307377
sys025,utt282,wav/vmc2026-track3-sys025-utt282.wav,wav/vmc2026-track3-sys019-utt281.wav,3.4738560715558684
sys011,utt320,wav/vmc2026-track3-sys011-utt320.wav,wav/vmc2026-track3-sys019-utt319.wav,4.06723425419898
sys009,utt202,wav/vmc2026-track3-sys009-utt202.wav,wav/vmc2026-track3-sys019-utt201.wav,4.5056688770170465
sys006,utt154,wav/vmc2026-track3-sys006-utt154.wav,wav/vmc2026-track3-sys019-utt153.wav,4.3232479943681295
sys006,utt304,wav/vmc2026-track3-sys006-utt304.wav,wav/vmc2026-track3-sys019-utt303.wav,4.3262632141883275
sys016,utt074,wav/vmc2026-track3-sys016-utt074.wav,wav/vmc2026-track3-sys019-utt073.wav,3.774987433163533
sys010,utt280,wav/vmc2026-track3-sys010-utt280.wav,wav/vmc2026-track3-sys019-utt279.wav,3.711907024119998
sys017,utt106,wav/vmc2026-track3-sys017-utt106.wav,wav/vmc2026-track3-sys019-utt105.wav,4.189689720230735
sys023,utt234,wav/vmc2026-track3-sys023-utt234.wav,wav/vmc2026-track3-sys019-utt233.wav,4.254104242907887
sys002,utt172,wav/vmc2026-track3-sys002-utt172.wav,wav/vmc2026-track3-sys019-utt171.wav,4.547381369121876
sys018,utt180,wav/vmc2026-track3-sys018-utt180.wav,wav/vmc2026-track3-sys019-utt179.wav,3.439980505443332
sys007,utt142,wav/vmc2026-track3-sys007-utt142.wav,wav/vmc2026-track3-sys019-utt141.wav,3.6653936124617554
sys023,utt032,wav/vmc2026-track3-sys023-utt032.wav,wav/vmc2026-track3-sys019-utt031.wav,4.378424430312627
sys025,utt198,wav/vmc2026-track3-sys025-utt198.wav,wav/vmc2026-track3-sys019-utt197.wav,4.0163209736079715
sys023,utt018,wav/vmc2026-track3-sys023-utt018.wav,wav/vmc2026-track3-sys019-utt017.wav,4.53111016374413
sys007,utt264,wav/vmc2026-track3-sys007-utt264.wav,wav/vmc2026-track3-sys019-utt263.wav,3.9265274080006676
sys016,utt144,wav/vmc2026-track3-sys016-utt144.wav,wav/vmc2026-track3-sys019-utt143.wav,3.765773824540796
sys025,utt288,wav/vmc2026-track3-sys025-utt288.wav,wav/vmc2026-track3-sys019-utt287.wav,3.533815943692966
sys024,utt146,wav/vmc2026-track3-sys024-utt146.wav,wav/vmc2026-track3-sys019-utt145.wav,3.7086164611992696
sys016,utt186,wav/vmc2026-track3-sys016-utt186.wav,wav/vmc2026-track3-sys019-utt185.wav,3.768288702593158
sys006,utt202,wav/vmc2026-track3-sys006-utt202.wav,wav/vmc2026-track3-sys019-utt201.wav,4.283517757866127
sys009,utt032,wav/vmc2026-track3-sys009-utt032.wav,wav/vmc2026-track3-sys019-utt031.wav,4.231676297060818
sys006,utt030,wav/vmc2026-track3-sys006-utt030.wav,wav/vmc2026-track3-sys019-utt029.wav,3.9608496422790083
sys001,utt296,wav/vmc2026-track3-sys001-utt296.wav,wav/vmc2026-track3-sys019-utt295.wav,4.241135423691834
sys012,utt028,wav/vmc2026-track3-sys012-utt028.wav,wav/vmc2026-track3-sys019-utt027.wav,3.9660002940844907
sys016,utt266,wav/vmc2026-track3-sys016-utt266.wav,wav/vmc2026-track3-sys019-utt265.wav,3.7576260586110135
sys023,utt266,wav/vmc2026-track3-sys023-utt266.wav,wav/vmc2026-track3-sys019-utt265.wav,4.019762019231315
sys025,utt316,wav/vmc2026-track3-sys025-utt316.wav,wav/vmc2026-track3-sys019-utt315.wav,3.753320428852952
sys020,utt238,wav/vmc2026-track3-sys020-utt238.wav,wav/vmc2026-track3-sys019-utt237.wav,3.4424625141956735
sys012,utt130,wav/vmc2026-track3-sys012-utt130.wav,wav/vmc2026-track3-sys019-utt129.wav,4.017519793664872
sys023,utt002,wav/vmc2026-track3-sys023-utt002.wav,wav/vmc2026-track3-sys019-utt001.wav,4.548671053096212
sys012,utt172,wav/vmc2026-track3-sys012-utt172.wav,wav/vmc2026-track3-sys019-utt171.wav,3.797304261940044
sys023,utt124,wav/vmc2026-track3-sys023-utt124.wav,wav/vmc2026-track3-sys019-utt123.wav,4.616924618469269
sys024,utt308,wav/vmc2026-track3-sys024-utt308.wav,wav/vmc2026-track3-sys019-utt307.wav,3.8162011843674772
sys022,utt278,wav/vmc2026-track3-sys022-utt278.wav,wav/vmc2026-track3-sys019-utt277.wav,3.93974826299425
sys016,utt002,wav/vmc2026-track3-sys016-utt002.wav,wav/vmc2026-track3-sys019-utt001.wav,4.097716301862455
sys023,utt160,wav/vmc2026-track3-sys023-utt160.wav,wav/vmc2026-track3-sys019-utt159.wav,4.542048152880749
sys006,utt118,wav/vmc2026-track3-sys006-utt118.wav,wav/vmc2026-track3-sys019-utt117.wav,4.137517406967852
sys022,utt302,wav/vmc2026-track3-sys022-utt302.wav,wav/vmc2026-track3-sys019-utt301.wav,3.9395401306609736
sys005,utt022,wav/vmc2026-track3-sys005-utt022.wav,wav/vmc2026-track3-sys019-utt021.wav,3.5016171098322655
sys011,utt236,wav/vmc2026-track3-sys011-utt236.wav,wav/vmc2026-track3-sys019-utt235.wav,4.587279876170222
sys005,utt286,wav/vmc2026-track3-sys005-utt286.wav,wav/vmc2026-track3-sys019-utt285.wav,3.755555803258575
sys013,utt048,wav/vmc2026-track3-sys013-utt048.wav,wav/vmc2026-track3-sys019-utt047.wav,4.1545530686510155
sys013,utt290,wav/vmc2026-track3-sys013-utt290.wav,wav/vmc2026-track3-sys019-utt289.wav,3.677875592458885
sys012,utt072,wav/vmc2026-track3-sys012-utt072.wav,wav/vmc2026-track3-sys019-utt071.wav,3.652199500611627
sys022,utt074,wav/vmc2026-track3-sys022-utt074.wav,wav/vmc2026-track3-sys019-utt073.wav,3.9152840525805774
sys017,utt320,wav/vmc2026-track3-sys017-utt320.wav,wav/vmc2026-track3-sys019-utt319.wav,3.7895352627241774
sys009,utt294,wav/vmc2026-track3-sys009-utt294.wav,wav/vmc2026-track3-sys019-utt293.wav,4.545389735625644
sys007,utt308,wav/vmc2026-track3-sys007-utt308.wav,wav/vmc2026-track3-sys019-utt307.wav,4.12891247849572
sys020,utt202,wav/vmc2026-track3-sys020-utt202.wav,wav/vmc2026-track3-sys019-utt201.wav,3.6417227018201572
sys016,utt282,wav/vmc2026-track3-sys016-utt282.wav,wav/vmc2026-track3-sys019-utt281.wav,4.205251255777999
sys018,utt226,wav/vmc2026-track3-sys018-utt226.wav,wav/vmc2026-track3-sys019-utt225.wav,3.668216357671491
sys024,utt142,wav/vmc2026-track3-sys024-utt142.wav,wav/vmc2026-track3-sys019-utt141.wav,4.0993754178852075
sys006,utt028,wav/vmc2026-track3-sys006-utt028.wav,wav/vmc2026-track3-sys019-utt027.wav,4.226744160062243
sys024,utt020,wav/vmc2026-track3-sys024-utt020.wav,wav/vmc2026-track3-sys019-utt019.wav,3.774452165220928
sys006,utt002,wav/vmc2026-track3-sys006-utt002.wav,wav/vmc2026-track3-sys019-utt001.wav,4.359101722665072
sys014,utt142,wav/vmc2026-track3-sys014-utt142.wav,wav/vmc2026-track3-sys019-utt141.wav,3.999078548754682
sys011,utt270,wav/vmc2026-track3-sys011-utt270.wav,wav/vmc2026-track3-sys019-utt269.wav,4.475414155918112
sys001,utt228,wav/vmc2026-track3-sys001-utt228.wav,wav/vmc2026-track3-sys019-utt227.wav,3.952475133899157
sys012,utt088,wav/vmc2026-track3-sys012-utt088.wav,wav/vmc2026-track3-sys019-utt087.wav,3.7421322539591735
sys010,utt108,wav/vmc2026-track3-sys010-utt108.wav,wav/vmc2026-track3-sys019-utt107.wav,3.5204198369001416
sys016,utt262,wav/vmc2026-track3-sys016-utt262.wav,wav/vmc2026-track3-sys019-utt261.wav,3.525470212321903
sys010,utt290,wav/vmc2026-track3-sys010-utt290.wav,wav/vmc2026-track3-sys019-utt289.wav,3.916058238418304
sys017,utt070,wav/vmc2026-track3-sys017-utt070.wav,wav/vmc2026-track3-sys019-utt069.wav,4.391642932888263
sys018,utt206,wav/vmc2026-track3-sys018-utt206.wav,wav/vmc2026-track3-sys019-utt205.wav,3.748369859467636
sys007,utt196,wav/vmc2026-track3-sys007-utt196.wav,wav/vmc2026-track3-sys019-utt195.wav,4.179463316985846
sys016,utt278,wav/vmc2026-track3-sys016-utt278.wav,wav/vmc2026-track3-sys019-utt277.wav,3.136699726777754
sys020,utt080,wav/vmc2026-track3-sys020-utt080.wav,wav/vmc2026-track3-sys019-utt079.wav,3.362581550658117
sys020,utt288,wav/vmc2026-track3-sys020-utt288.wav,wav/vmc2026-track3-sys019-utt287.wav,3.339760431061941
sys011,utt080,wav/vmc2026-track3-sys011-utt080.wav,wav/vmc2026-track3-sys019-utt079.wav,4.206509222781934
sys008,utt020,wav/vmc2026-track3-sys008-utt020.wav,wav/vmc2026-track3-sys019-utt019.wav,4.672526508715774
sys017,utt174,wav/vmc2026-track3-sys017-utt174.wav,wav/vmc2026-track3-sys019-utt173.wav,3.96092107816208
sys012,utt242,wav/vmc2026-track3-sys012-utt242.wav,wav/vmc2026-track3-sys019-utt241.wav,3.6595719840791503
sys018,utt012,wav/vmc2026-track3-sys018-utt012.wav,wav/vmc2026-track3-sys019-utt011.wav,3.620963979595928
sys010,utt086,wav/vmc2026-track3-sys010-utt086.wav,wav/vmc2026-track3-sys019-utt085.wav,3.6228560941112966
sys007,utt206,wav/vmc2026-track3-sys007-utt206.wav,wav/vmc2026-track3-sys019-utt205.wav,3.7637622876991834
sys007,utt246,wav/vmc2026-track3-sys007-utt246.wav,wav/vmc2026-track3-sys019-utt245.wav,3.5965263162608765
sys008,utt138,wav/vmc2026-track3-sys008-utt138.wav,wav/vmc2026-track3-sys019-utt137.wav,4.514969386935466
sys006,utt174,wav/vmc2026-track3-sys006-utt174.wav,wav/vmc2026-track3-sys019-utt173.wav,4.173354042930112
sys023,utt320,wav/vmc2026-track3-sys023-utt320.wav,wav/vmc2026-track3-sys019-utt319.wav,4.21385780966497
sys025,utt030,wav/vmc2026-track3-sys025-utt030.wav,wav/vmc2026-track3-sys019-utt029.wav,3.7820838522855538
sys005,utt142,wav/vmc2026-track3-sys005-utt142.wav,wav/vmc2026-track3-sys019-utt141.wav,3.801837345488411
sys014,utt140,wav/vmc2026-track3-sys014-utt140.wav,wav/vmc2026-track3-sys019-utt139.wav,4.085215097481891
sys007,utt082,wav/vmc2026-track3-sys007-utt082.wav,wav/vmc2026-track3-sys019-utt081.wav,3.499691922984117
sys002,utt108,wav/vmc2026-track3-sys002-utt108.wav,wav/vmc2026-track3-sys019-utt107.wav,4.1293698472337885
sys024,utt004,wav/vmc2026-track3-sys024-utt004.wav,wav/vmc2026-track3-sys019-utt003.wav,3.7989862663596026
sys005,utt250,wav/vmc2026-track3-sys005-utt250.wav,wav/vmc2026-track3-sys019-utt249.wav,3.882987760530121
sys013,utt114,wav/vmc2026-track3-sys013-utt114.wav,wav/vmc2026-track3-sys019-utt113.wav,4.055884852957612
sys007,utt154,wav/vmc2026-track3-sys007-utt154.wav,wav/vmc2026-track3-sys019-utt153.wav,3.836789653350911
sys014,utt306,wav/vmc2026-track3-sys014-utt306.wav,wav/vmc2026-track3-sys019-utt305.wav,4.270128815847801
sys023,utt084,wav/vmc2026-track3-sys023-utt084.wav,wav/vmc2026-track3-sys019-utt083.wav,4.401272986301716
sys005,utt308,wav/vmc2026-track3-sys005-utt308.wav,wav/vmc2026-track3-sys019-utt307.wav,3.7747204108498
sys024,utt210,wav/vmc2026-track3-sys024-utt210.wav,wav/vmc2026-track3-sys019-utt209.wav,3.80749591623449
sys005,utt082,wav/vmc2026-track3-sys005-utt082.wav,wav/vmc2026-track3-sys019-utt081.wav,3.9429174038020234
sys016,utt248,wav/vmc2026-track3-sys016-utt248.wav,wav/vmc2026-track3-sys019-utt247.wav,4.216249556231795
sys010,utt274,wav/vmc2026-track3-sys010-utt274.wav,wav/vmc2026-track3-sys019-utt273.wav,4.067290767332454
sys026,utt310,wav/vmc2026-track3-sys026-utt310.wav,wav/vmc2026-track3-sys019-utt309.wav,4.224424652385265
sys014,utt294,wav/vmc2026-track3-sys014-utt294.wav,wav/vmc2026-track3-sys019-utt293.wav,4.548833155957335
sys008,utt186,wav/vmc2026-track3-sys008-utt186.wav,wav/vmc2026-track3-sys019-utt185.wav,4.4349173189808395
sys023,utt064,wav/vmc2026-track3-sys023-utt064.wav,wav/vmc2026-track3-sys019-utt063.wav,4.424342951981958
sys008,utt316,wav/vmc2026-track3-sys008-utt316.wav,wav/vmc2026-track3-sys019-utt315.wav,4.531644789288282
sys011,utt116,wav/vmc2026-track3-sys011-utt116.wav,wav/vmc2026-track3-sys019-utt115.wav,4.276327123822553
sys014,utt230,wav/vmc2026-track3-sys014-utt230.wav,wav/vmc2026-track3-sys019-utt229.wav,4.53642208116528
sys014,utt126,wav/vmc2026-track3-sys014-utt126.wav,wav/vmc2026-track3-sys019-utt125.wav,4.379284376335285
sys012,utt290,wav/vmc2026-track3-sys012-utt290.wav,wav/vmc2026-track3-sys019-utt289.wav,4.073660313415838
sys002,utt196,wav/vmc2026-track3-sys002-utt196.wav,wav/vmc2026-track3-sys019-utt195.wav,4.321899429101071
sys005,utt088,wav/vmc2026-track3-sys005-utt088.wav,wav/vmc2026-track3-sys019-utt087.wav,3.6700997908481887
sys001,utt210,wav/vmc2026-track3-sys001-utt210.wav,wav/vmc2026-track3-sys019-utt209.wav,3.7895044450171773
sys023,utt134,wav/vmc2026-track3-sys023-utt134.wav,wav/vmc2026-track3-sys019-utt133.wav,4.289765614222542
sys026,utt114,wav/vmc2026-track3-sys026-utt114.wav,wav/vmc2026-track3-sys019-utt113.wav,3.8100462764068137
sys026,utt320,wav/vmc2026-track3-sys026-utt320.wav,wav/vmc2026-track3-sys019-utt319.wav,4.147686665110532
sys023,utt004,wav/vmc2026-track3-sys023-utt004.wav,wav/vmc2026-track3-sys019-utt003.wav,4.420637645179827
sys011,utt062,wav/vmc2026-track3-sys011-utt062.wav,wav/vmc2026-track3-sys019-utt061.wav,4.543594111935057
sys025,utt234,wav/vmc2026-track3-sys025-utt234.wav,wav/vmc2026-track3-sys019-utt233.wav,3.3580645759477687
sys006,utt272,wav/vmc2026-track3-sys006-utt272.wav,wav/vmc2026-track3-sys019-utt271.wav,4.52212537378928
sys023,utt154,wav/vmc2026-track3-sys023-utt154.wav,wav/vmc2026-track3-sys019-utt153.wav,4.28234699695018
sys011,utt044,wav/vmc2026-track3-sys011-utt044.wav,wav/vmc2026-track3-sys019-utt043.wav,4.723029226036773
sys011,utt104,wav/vmc2026-track3-sys011-utt104.wav,wav/vmc2026-track3-sys019-utt103.wav,4.68440747844508
sys024,utt122,wav/vmc2026-track3-sys024-utt122.wav,wav/vmc2026-track3-sys019-utt121.wav,4.1217765724563655
sys005,utt200,wav/vmc2026-track3-sys005-utt200.wav,wav/vmc2026-track3-sys019-utt199.wav,3.931791932873269
sys009,utt208,wav/vmc2026-track3-sys009-utt208.wav,wav/vmc2026-track3-sys019-utt207.wav,4.504528079007807
sys001,utt200,wav/vmc2026-track3-sys001-utt200.wav,wav/vmc2026-track3-sys019-utt199.wav,4.225060659376271
sys017,utt210,wav/vmc2026-track3-sys017-utt210.wav,wav/vmc2026-track3-sys019-utt209.wav,4.0051989428976515
sys022,utt228,wav/vmc2026-track3-sys022-utt228.wav,wav/vmc2026-track3-sys019-utt227.wav,3.5544762648348485
sys005,utt048,wav/vmc2026-track3-sys005-utt048.wav,wav/vmc2026-track3-sys019-utt047.wav,3.934292306143706
sys020,utt134,wav/vmc2026-track3-sys020-utt134.wav,wav/vmc2026-track3-sys019-utt133.wav,3.3437249309231483
sys005,utt150,wav/vmc2026-track3-sys005-utt150.wav,wav/vmc2026-track3-sys019-utt149.wav,3.799695139076829
sys026,utt142,wav/vmc2026-track3-sys026-utt142.wav,wav/vmc2026-track3-sys019-utt141.wav,3.746372599550474
sys011,utt302,wav/vmc2026-track3-sys011-utt302.wav,wav/vmc2026-track3-sys019-utt301.wav,4.595226200189659
sys013,utt120,wav/vmc2026-track3-sys013-utt120.wav,wav/vmc2026-track3-sys019-utt119.wav,4.010568503520428
sys006,utt012,wav/vmc2026-track3-sys006-utt012.wav,wav/vmc2026-track3-sys019-utt011.wav,4.2307981796915195
sys016,utt146,wav/vmc2026-track3-sys016-utt146.wav,wav/vmc2026-track3-sys019-utt145.wav,3.7648592322693624
sys020,utt108,wav/vmc2026-track3-sys020-utt108.wav,wav/vmc2026-track3-sys019-utt107.wav,3.3601213696084025
sys025,utt022,wav/vmc2026-track3-sys025-utt022.wav,wav/vmc2026-track3-sys019-utt021.wav,3.5556436202098856
sys020,utt210,wav/vmc2026-track3-sys020-utt210.wav,wav/vmc2026-track3-sys019-utt209.wav,3.395626993747918
sys017,utt016,wav/vmc2026-track3-sys017-utt016.wav,wav/vmc2026-track3-sys019-utt015.wav,4.237841796666402
sys001,utt042,wav/vmc2026-track3-sys001-utt042.wav,wav/vmc2026-track3-sys019-utt041.wav,3.9721166304981805
sys016,utt114,wav/vmc2026-track3-sys016-utt114.wav,wav/vmc2026-track3-sys019-utt113.wav,3.588782173913161
sys008,utt224,wav/vmc2026-track3-sys008-utt224.wav,wav/vmc2026-track3-sys019-utt223.wav,4.5172430051050405
sys022,utt018,wav/vmc2026-track3-sys022-utt018.wav,wav/vmc2026-track3-sys019-utt017.wav,3.9524595552304174
sys009,utt004,wav/vmc2026-track3-sys009-utt004.wav,wav/vmc2026-track3-sys019-utt003.wav,4.721150046378008
sys024,utt272,wav/vmc2026-track3-sys024-utt272.wav,wav/vmc2026-track3-sys019-utt271.wav,4.1447858322958115
sys022,utt110,wav/vmc2026-track3-sys022-utt110.wav,wav/vmc2026-track3-sys019-utt109.wav,3.5269895175893105
sys016,utt080,wav/vmc2026-track3-sys016-utt080.wav,wav/vmc2026-track3-sys019-utt079.wav,3.669489979903667
sys024,utt050,wav/vmc2026-track3-sys024-utt050.wav,wav/vmc2026-track3-sys019-utt049.wav,3.916642046233458
sys026,utt180,wav/vmc2026-track3-sys026-utt180.wav,wav/vmc2026-track3-sys019-utt179.wav,3.81554181107227
sys025,utt016,wav/vmc2026-track3-sys025-utt016.wav,wav/vmc2026-track3-sys019-utt015.wav,3.4916853960152996
sys006,utt196,wav/vmc2026-track3-sys006-utt196.wav,wav/vmc2026-track3-sys019-utt195.wav,4.393684710625204
sys022,utt160,wav/vmc2026-track3-sys022-utt160.wav,wav/vmc2026-track3-sys019-utt159.wav,4.289668133440043
sys011,utt106,wav/vmc2026-track3-sys011-utt106.wav,wav/vmc2026-track3-sys019-utt105.wav,4.719777547468437
sys001,utt120,wav/vmc2026-track3-sys001-utt120.wav,wav/vmc2026-track3-sys019-utt119.wav,3.628043921035435
sys009,utt206,wav/vmc2026-track3-sys009-utt206.wav,wav/vmc2026-track3-sys019-utt205.wav,4.440424066724654
sys002,utt280,wav/vmc2026-track3-sys002-utt280.wav,wav/vmc2026-track3-sys019-utt279.wav,4.670046431604251
sys016,utt210,wav/vmc2026-track3-sys016-utt210.wav,wav/vmc2026-track3-sys019-utt209.wav,3.6807634168080368
sys018,utt010,wav/vmc2026-track3-sys018-utt010.wav,wav/vmc2026-track3-sys019-utt009.wav,3.5156517460627383
sys009,utt174,wav/vmc2026-track3-sys009-utt174.wav,wav/vmc2026-track3-sys019-utt173.wav,4.475532368878317
sys026,utt306,wav/vmc2026-track3-sys026-utt306.wav,wav/vmc2026-track3-sys019-utt305.wav,4.136477496170796
sys016,utt272,wav/vmc2026-track3-sys016-utt272.wav,wav/vmc2026-track3-sys019-utt271.wav,3.659398033185177
sys007,utt128,wav/vmc2026-track3-sys007-utt128.wav,wav/vmc2026-track3-sys019-utt127.wav,3.6222410852399727
sys010,utt314,wav/vmc2026-track3-sys010-utt314.wav,wav/vmc2026-track3-sys019-utt313.wav,3.8291952277181953
sys001,utt046,wav/vmc2026-track3-sys001-utt046.wav,wav/vmc2026-track3-sys019-utt045.wav,3.7935106972820676
sys001,utt282,wav/vmc2026-track3-sys001-utt282.wav,wav/vmc2026-track3-sys019-utt281.wav,3.968510223914762
sys024,utt262,wav/vmc2026-track3-sys024-utt262.wav,wav/vmc2026-track3-sys019-utt261.wav,4.014092536233982
sys008,utt002,wav/vmc2026-track3-sys008-utt002.wav,wav/vmc2026-track3-sys019-utt001.wav,4.616793145760518
sys022,utt026,wav/vmc2026-track3-sys022-utt026.wav,wav/vmc2026-track3-sys019-utt025.wav,3.041653869021373
sys013,utt106,wav/vmc2026-track3-sys013-utt106.wav,wav/vmc2026-track3-sys019-utt105.wav,3.932752993691272
sys026,utt314,wav/vmc2026-track3-sys026-utt314.wav,wav/vmc2026-track3-sys019-utt313.wav,4.102565842113521
sys011,utt016,wav/vmc2026-track3-sys011-utt016.wav,wav/vmc2026-track3-sys019-utt015.wav,4.51461843280644
sys006,utt318,wav/vmc2026-track3-sys006-utt318.wav,wav/vmc2026-track3-sys019-utt317.wav,4.1550981390107635
sys014,utt274,wav/vmc2026-track3-sys014-utt274.wav,wav/vmc2026-track3-sys019-utt273.wav,4.5203258099021735
sys008,utt218,wav/vmc2026-track3-sys008-utt218.wav,wav/vmc2026-track3-sys019-utt217.wav,4.630618151185709
sys020,utt222,wav/vmc2026-track3-sys020-utt222.wav,wav/vmc2026-track3-sys019-utt221.wav,3.6448973578694708
sys020,utt180,wav/vmc2026-track3-sys020-utt180.wav,wav/vmc2026-track3-sys019-utt179.wav,3.2987066989423157
sys013,utt222,wav/vmc2026-track3-sys013-utt222.wav,wav/vmc2026-track3-sys019-utt221.wav,4.253902519664818
sys002,utt024,wav/vmc2026-track3-sys002-utt024.wav,wav/vmc2026-track3-sys019-utt023.wav,4.543101446351941
sys023,utt074,wav/vmc2026-track3-sys023-utt074.wav,wav/vmc2026-track3-sys019-utt073.wav,4.403422249327212
sys026,utt024,wav/vmc2026-track3-sys026-utt024.wav,wav/vmc2026-track3-sys019-utt023.wav,4.0903944105432775
sys002,utt184,wav/vmc2026-track3-sys002-utt184.wav,wav/vmc2026-track3-sys019-utt183.wav,4.457962527059981
sys017,utt230,wav/vmc2026-track3-sys017-utt230.wav,wav/vmc2026-track3-sys019-utt229.wav,4.420939015305763
sys006,utt088,wav/vmc2026-track3-sys006-utt088.wav,wav/vmc2026-track3-sys019-utt087.wav,4.200642050593304
sys010,utt200,wav/vmc2026-track3-sys010-utt200.wav,wav/vmc2026-track3-sys019-utt199.wav,4.080073045202229
sys017,utt042,wav/vmc2026-track3-sys017-utt042.wav,wav/vmc2026-track3-sys019-utt041.wav,4.101268135638383
sys025,utt248,wav/vmc2026-track3-sys025-utt248.wav,wav/vmc2026-track3-sys019-utt247.wav,3.522347167095207
sys010,utt034,wav/vmc2026-track3-sys010-utt034.wav,wav/vmc2026-track3-sys019-utt033.wav,4.151439816215593
sys012,utt202,wav/vmc2026-track3-sys012-utt202.wav,wav/vmc2026-track3-sys019-utt201.wav,3.627816552574669
sys014,utt018,wav/vmc2026-track3-sys014-utt018.wav,wav/vmc2026-track3-sys019-utt017.wav,4.472261444272668
sys026,utt010,wav/vmc2026-track3-sys026-utt010.wav,wav/vmc2026-track3-sys019-utt009.wav,3.9700907306262896
sys023,utt270,wav/vmc2026-track3-sys023-utt270.wav,wav/vmc2026-track3-sys019-utt269.wav,4.470124465201187
sys005,utt016,wav/vmc2026-track3-sys005-utt016.wav,wav/vmc2026-track3-sys019-utt015.wav,3.4483885544205073
sys018,utt114,wav/vmc2026-track3-sys018-utt114.wav,wav/vmc2026-track3-sys019-utt113.wav,2.793293474877874
sys016,utt214,wav/vmc2026-track3-sys016-utt214.wav,wav/vmc2026-track3-sys019-utt213.wav,4.000201160480303
sys002,utt026,wav/vmc2026-track3-sys002-utt026.wav,wav/vmc2026-track3-sys019-utt025.wav,4.46797177148402
sys011,utt068,wav/vmc2026-track3-sys011-utt068.wav,wav/vmc2026-track3-sys019-utt067.wav,4.37452146328492
sys016,utt154,wav/vmc2026-track3-sys016-utt154.wav,wav/vmc2026-track3-sys019-utt153.wav,3.9177173979593283
sys001,utt206,wav/vmc2026-track3-sys001-utt206.wav,wav/vmc2026-track3-sys019-utt205.wav,3.6400708135085837
sys014,utt214,wav/vmc2026-track3-sys014-utt214.wav,wav/vmc2026-track3-sys019-utt213.wav,4.487731363134841
sys001,utt076,wav/vmc2026-track3-sys001-utt076.wav,wav/vmc2026-track3-sys019-utt075.wav,4.0238701465375115
sys007,utt290,wav/vmc2026-track3-sys007-utt290.wav,wav/vmc2026-track3-sys019-utt289.wav,3.4354084652043655
sys014,utt314,wav/vmc2026-track3-sys014-utt314.wav,wav/vmc2026-track3-sys019-utt313.wav,4.386668492651056
sys013,utt266,wav/vmc2026-track3-sys013-utt266.wav,wav/vmc2026-track3-sys019-utt265.wav,3.910369300910895
sys023,utt206,wav/vmc2026-track3-sys023-utt206.wav,wav/vmc2026-track3-sys019-utt205.wav,4.472435884671669
sys006,utt078,wav/vmc2026-track3-sys006-utt078.wav,wav/vmc2026-track3-sys019-utt077.wav,4.23513040884626
sys005,utt272,wav/vmc2026-track3-sys005-utt272.wav,wav/vmc2026-track3-sys019-utt271.wav,3.8161778649480347
sys017,utt264,wav/vmc2026-track3-sys017-utt264.wav,wav/vmc2026-track3-sys019-utt263.wav,3.953710954348594
sys014,utt078,wav/vmc2026-track3-sys014-utt078.wav,wav/vmc2026-track3-sys019-utt077.wav,4.286497361249089
sys020,utt262,wav/vmc2026-track3-sys020-utt262.wav,wav/vmc2026-track3-sys019-utt261.wav,3.630674738067027
sys017,utt148,wav/vmc2026-track3-sys017-utt148.wav,wav/vmc2026-track3-sys019-utt147.wav,4.057266516078123
sys012,utt102,wav/vmc2026-track3-sys012-utt102.wav,wav/vmc2026-track3-sys019-utt101.wav,3.9749261210221656
sys011,utt304,wav/vmc2026-track3-sys011-utt304.wav,wav/vmc2026-track3-sys019-utt303.wav,4.49609236742349
sys009,utt070,wav/vmc2026-track3-sys009-utt070.wav,wav/vmc2026-track3-sys019-utt069.wav,4.627360488324592
sys018,utt156,wav/vmc2026-track3-sys018-utt156.wav,wav/vmc2026-track3-sys019-utt155.wav,3.8455256341232507
sys007,utt272,wav/vmc2026-track3-sys007-utt272.wav,wav/vmc2026-track3-sys019-utt271.wav,3.587072239311686
sys012,utt318,wav/vmc2026-track3-sys012-utt318.wav,wav/vmc2026-track3-sys019-utt317.wav,3.900977940653457
sys025,utt308,wav/vmc2026-track3-sys025-utt308.wav,wav/vmc2026-track3-sys019-utt307.wav,3.554037703816657
sys001,utt038,wav/vmc2026-track3-sys001-utt038.wav,wav/vmc2026-track3-sys019-utt037.wav,3.942801416575663
sys023,utt062,wav/vmc2026-track3-sys023-utt062.wav,wav/vmc2026-track3-sys019-utt061.wav,4.329580336855239
sys007,utt218,wav/vmc2026-track3-sys007-utt218.wav,wav/vmc2026-track3-sys019-utt217.wav,3.886181621895921
sys013,utt214,wav/vmc2026-track3-sys013-utt214.wav,wav/vmc2026-track3-sys019-utt213.wav,4.347924947734033
sys011,utt178,wav/vmc2026-track3-sys011-utt178.wav,wav/vmc2026-track3-sys019-utt177.wav,4.509439964462587
sys020,utt186,wav/vmc2026-track3-sys020-utt186.wav,wav/vmc2026-track3-sys019-utt185.wav,3.481356451797104
sys002,utt042,wav/vmc2026-track3-sys002-utt042.wav,wav/vmc2026-track3-sys019-utt041.wav,4.610036612228241
sys001,utt130,wav/vmc2026-track3-sys001-utt130.wav,wav/vmc2026-track3-sys019-utt129.wav,3.954966934193566
sys013,utt148,wav/vmc2026-track3-sys013-utt148.wav,wav/vmc2026-track3-sys019-utt147.wav,3.80538868805818
sys010,utt318,wav/vmc2026-track3-sys010-utt318.wav,wav/vmc2026-track3-sys019-utt317.wav,3.9928610378640514
sys016,utt302,wav/vmc2026-track3-sys016-utt302.wav,wav/vmc2026-track3-sys019-utt301.wav,3.7935090743049513
sys010,utt236,wav/vmc2026-track3-sys010-utt236.wav,wav/vmc2026-track3-sys019-utt235.wav,3.822252407462985
sys026,utt298,wav/vmc2026-track3-sys026-utt298.wav,wav/vmc2026-track3-sys019-utt297.wav,4.306932150768194
sys013,utt068,wav/vmc2026-track3-sys013-utt068.wav,wav/vmc2026-track3-sys019-utt067.wav,4.010304707703555
sys013,utt184,wav/vmc2026-track3-sys013-utt184.wav,wav/vmc2026-track3-sys019-utt183.wav,4.107996445131595
sys002,utt200,wav/vmc2026-track3-sys002-utt200.wav,wav/vmc2026-track3-sys019-utt199.wav,4.679798311261898
sys005,utt228,wav/vmc2026-track3-sys005-utt228.wav,wav/vmc2026-track3-sys019-utt227.wav,3.99206078223322
sys026,utt286,wav/vmc2026-track3-sys026-utt286.wav,wav/vmc2026-track3-sys019-utt285.wav,4.076811207289779
sys010,utt244,wav/vmc2026-track3-sys010-utt244.wav,wav/vmc2026-track3-sys019-utt243.wav,4.524191243130859
sys014,utt280,wav/vmc2026-track3-sys014-utt280.wav,wav/vmc2026-track3-sys019-utt279.wav,4.358468132152896
sys001,utt174,wav/vmc2026-track3-sys001-utt174.wav,wav/vmc2026-track3-sys019-utt173.wav,3.8519093055945817
sys012,utt248,wav/vmc2026-track3-sys012-utt248.wav,wav/vmc2026-track3-sys019-utt247.wav,3.825719365564367
sys025,utt184,wav/vmc2026-track3-sys025-utt184.wav,wav/vmc2026-track3-sys019-utt183.wav,3.390226646661791
sys024,utt270,wav/vmc2026-track3-sys024-utt270.wav,wav/vmc2026-track3-sys019-utt269.wav,4.1315811098738005
sys010,utt004,wav/vmc2026-track3-sys010-utt004.wav,wav/vmc2026-track3-sys019-utt003.wav,4.232260699900457
sys018,utt044,wav/vmc2026-track3-sys018-utt044.wav,wav/vmc2026-track3-sys019-utt043.wav,2.8158841100263503
sys012,utt106,wav/vmc2026-track3-sys012-utt106.wav,wav/vmc2026-track3-sys019-utt105.wav,3.9477604854586787
sys013,utt236,wav/vmc2026-track3-sys013-utt236.wav,wav/vmc2026-track3-sys019-utt235.wav,3.8040288275769525
sys007,utt102,wav/vmc2026-track3-sys007-utt102.wav,wav/vmc2026-track3-sys019-utt101.wav,3.8014461439797254
sys007,utt078,wav/vmc2026-track3-sys007-utt078.wav,wav/vmc2026-track3-sys019-utt077.wav,4.025509088085259
sys024,utt078,wav/vmc2026-track3-sys024-utt078.wav,wav/vmc2026-track3-sys019-utt077.wav,4.069707256001275
sys016,utt016,wav/vmc2026-track3-sys016-utt016.wav,wav/vmc2026-track3-sys019-utt015.wav,3.759831465214
sys011,utt082,wav/vmc2026-track3-sys011-utt082.wav,wav/vmc2026-track3-sys019-utt081.wav,4.516485215387545
sys014,utt116,wav/vmc2026-track3-sys014-utt116.wav,wav/vmc2026-track3-sys019-utt115.wav,4.310395808081463
sys026,utt076,wav/vmc2026-track3-sys026-utt076.wav,wav/vmc2026-track3-sys019-utt075.wav,4.0994328610093
sys005,utt108,wav/vmc2026-track3-sys005-utt108.wav,wav/vmc2026-track3-sys019-utt107.wav,3.600978683564071
sys008,utt174,wav/vmc2026-track3-sys008-utt174.wav,wav/vmc2026-track3-sys019-utt173.wav,4.552908111032148
sys001,utt152,wav/vmc2026-track3-sys001-utt152.wav,wav/vmc2026-track3-sys019-utt151.wav,3.836258208164307
sys002,utt028,wav/vmc2026-track3-sys002-utt028.wav,wav/vmc2026-track3-sys019-utt027.wav,4.512975846682409
sys024,utt302,wav/vmc2026-track3-sys024-utt302.wav,wav/vmc2026-track3-sys019-utt301.wav,4.11780121134148
sys023,utt274,wav/vmc2026-track3-sys023-utt274.wav,wav/vmc2026-track3-sys019-utt273.wav,3.2062682987827014
sys011,utt160,wav/vmc2026-track3-sys011-utt160.wav,wav/vmc2026-track3-sys019-utt159.wav,4.625666896373073
sys011,utt020,wav/vmc2026-track3-sys011-utt020.wav,wav/vmc2026-track3-sys019-utt019.wav,4.161966303715092
sys017,utt140,wav/vmc2026-track3-sys017-utt140.wav,wav/vmc2026-track3-sys019-utt139.wav,3.7413344480479362
sys007,utt104,wav/vmc2026-track3-sys007-utt104.wav,wav/vmc2026-track3-sys019-utt103.wav,3.7428531479617613
sys013,utt282,wav/vmc2026-track3-sys013-utt282.wav,wav/vmc2026-track3-sys019-utt281.wav,4.039484244024628
sys011,utt204,wav/vmc2026-track3-sys011-utt204.wav,wav/vmc2026-track3-sys019-utt203.wav,4.242288773373595
sys025,utt218,wav/vmc2026-track3-sys025-utt218.wav,wav/vmc2026-track3-sys019-utt217.wav,4.1421459821313915
sys008,utt290,wav/vmc2026-track3-sys008-utt290.wav,wav/vmc2026-track3-sys019-utt289.wav,4.382068392548927
sys018,utt130,wav/vmc2026-track3-sys018-utt130.wav,wav/vmc2026-track3-sys019-utt129.wav,3.7918956394110905
sys002,utt154,wav/vmc2026-track3-sys002-utt154.wav,wav/vmc2026-track3-sys019-utt153.wav,4.440623584990236
sys024,utt128,wav/vmc2026-track3-sys024-utt128.wav,wav/vmc2026-track3-sys019-utt127.wav,4.083592513424717
sys012,utt276,wav/vmc2026-track3-sys012-utt276.wav,wav/vmc2026-track3-sys019-utt275.wav,3.896842257313181
sys001,utt024,wav/vmc2026-track3-sys001-utt024.wav,wav/vmc2026-track3-sys019-utt023.wav,3.895590570946676
sys014,utt110,wav/vmc2026-track3-sys014-utt110.wav,wav/vmc2026-track3-sys019-utt109.wav,4.34227956681646
sys002,utt218,wav/vmc2026-track3-sys002-utt218.wav,wav/vmc2026-track3-sys019-utt217.wav,4.4658489866669155
sys022,utt222,wav/vmc2026-track3-sys022-utt222.wav,wav/vmc2026-track3-sys019-utt221.wav,4.133443677229011
sys023,utt150,wav/vmc2026-track3-sys023-utt150.wav,wav/vmc2026-track3-sys019-utt149.wav,3.730747999458077
sys007,utt024,wav/vmc2026-track3-sys007-utt024.wav,wav/vmc2026-track3-sys019-utt023.wav,3.7543329997416186
sys020,utt036,wav/vmc2026-track3-sys020-utt036.wav,wav/vmc2026-track3-sys019-utt035.wav,3.299354184110224
sys009,utt248,wav/vmc2026-track3-sys009-utt248.wav,wav/vmc2026-track3-sys019-utt247.wav,4.856093155487633
sys008,utt314,wav/vmc2026-track3-sys008-utt314.wav,wav/vmc2026-track3-sys019-utt313.wav,4.551633039393502
sys018,utt028,wav/vmc2026-track3-sys018-utt028.wav,wav/vmc2026-track3-sys019-utt027.wav,3.6657596624528512
sys025,utt314,wav/vmc2026-track3-sys025-utt314.wav,wav/vmc2026-track3-sys019-utt313.wav,3.8957727647180627
sys007,utt018,wav/vmc2026-track3-sys007-utt018.wav,wav/vmc2026-track3-sys019-utt017.wav,4.11839141018668
sys016,utt320,wav/vmc2026-track3-sys016-utt320.wav,wav/vmc2026-track3-sys019-utt319.wav,3.1786616590857792
sys022,utt082,wav/vmc2026-track3-sys022-utt082.wav,wav/vmc2026-track3-sys019-utt081.wav,4.000475299400446
sys009,utt036,wav/vmc2026-track3-sys009-utt036.wav,wav/vmc2026-track3-sys019-utt035.wav,4.510288840559578
sys022,utt210,wav/vmc2026-track3-sys022-utt210.wav,wav/vmc2026-track3-sys019-utt209.wav,3.893095436069357
sys022,utt130,wav/vmc2026-track3-sys022-utt130.wav,wav/vmc2026-track3-sys019-utt129.wav,3.722128314632499
sys018,utt134,wav/vmc2026-track3-sys018-utt134.wav,wav/vmc2026-track3-sys019-utt133.wav,2.720855435639062
sys024,utt314,wav/vmc2026-track3-sys024-utt314.wav,wav/vmc2026-track3-sys019-utt313.wav,4.058330512183932
sys007,utt202,wav/vmc2026-track3-sys007-utt202.wav,wav/vmc2026-track3-sys019-utt201.wav,3.7451533622272706
sys008,utt208,wav/vmc2026-track3-sys008-utt208.wav,wav/vmc2026-track3-sys019-utt207.wav,4.469877712484522
sys013,utt216,wav/vmc2026-track3-sys013-utt216.wav,wav/vmc2026-track3-sys019-utt215.wav,4.326558637337216
sys018,utt160,wav/vmc2026-track3-sys018-utt160.wav,wav/vmc2026-track3-sys019-utt159.wav,3.795321546641145
sys022,utt112,wav/vmc2026-track3-sys022-utt112.wav,wav/vmc2026-track3-sys019-utt111.wav,3.734042517553
sys011,utt036,wav/vmc2026-track3-sys011-utt036.wav,wav/vmc2026-track3-sys019-utt035.wav,4.6619990195783165
sys018,utt238,wav/vmc2026-track3-sys018-utt238.wav,wav/vmc2026-track3-sys019-utt237.wav,3.617898904014345
sys026,utt294,wav/vmc2026-track3-sys026-utt294.wav,wav/vmc2026-track3-sys019-utt293.wav,4.325061095433561
sys005,utt246,wav/vmc2026-track3-sys005-utt246.wav,wav/vmc2026-track3-sys019-utt245.wav,3.8141064582414153
sys018,utt172,wav/vmc2026-track3-sys018-utt172.wav,wav/vmc2026-track3-sys019-utt171.wav,3.5297034875101767
sys006,utt112,wav/vmc2026-track3-sys006-utt112.wav,wav/vmc2026-track3-sys019-utt111.wav,3.9990309044377415
sys008,utt272,wav/vmc2026-track3-sys008-utt272.wav,wav/vmc2026-track3-sys019-utt271.wav,4.711466752622204
sys023,utt316,wav/vmc2026-track3-sys023-utt316.wav,wav/vmc2026-track3-sys019-utt315.wav,4.116419772500971
sys002,utt036,wav/vmc2026-track3-sys002-utt036.wav,wav/vmc2026-track3-sys019-utt035.wav,4.224485493490639
sys006,utt274,wav/vmc2026-track3-sys006-utt274.wav,wav/vmc2026-track3-sys019-utt273.wav,4.266319376562197
sys022,utt172,wav/vmc2026-track3-sys022-utt172.wav,wav/vmc2026-track3-sys019-utt171.wav,3.777021654833204
sys001,utt128,wav/vmc2026-track3-sys001-utt128.wav,wav/vmc2026-track3-sys019-utt127.wav,3.7542343806882283
sys010,utt106,wav/vmc2026-track3-sys010-utt106.wav,wav/vmc2026-track3-sys019-utt105.wav,3.9789543108376604
sys023,utt080,wav/vmc2026-track3-sys023-utt080.wav,wav/vmc2026-track3-sys019-utt079.wav,4.05411144048615
sys009,utt146,wav/vmc2026-track3-sys009-utt146.wav,wav/vmc2026-track3-sys019-utt145.wav,4.1608579170621445
sys017,utt314,wav/vmc2026-track3-sys017-utt314.wav,wav/vmc2026-track3-sys019-utt313.wav,3.9621995674899098
sys010,utt248,wav/vmc2026-track3-sys010-utt248.wav,wav/vmc2026-track3-sys019-utt247.wav,4.359141289677829
sys008,utt212,wav/vmc2026-track3-sys008-utt212.wav,wav/vmc2026-track3-sys019-utt211.wav,4.695030534853336
sys022,utt108,wav/vmc2026-track3-sys022-utt108.wav,wav/vmc2026-track3-sys019-utt107.wav,3.3703498182784593
sys017,utt004,wav/vmc2026-track3-sys017-utt004.wav,wav/vmc2026-track3-sys019-utt003.wav,4.014915406079615
sys022,utt024,wav/vmc2026-track3-sys022-utt024.wav,wav/vmc2026-track3-sys019-utt023.wav,3.971145526940524
sys001,utt146,wav/vmc2026-track3-sys001-utt146.wav,wav/vmc2026-track3-sys019-utt145.wav,3.7655057596228696
sys026,utt070,wav/vmc2026-track3-sys026-utt070.wav,wav/vmc2026-track3-sys019-utt069.wav,4.128578664495599
sys024,utt068,wav/vmc2026-track3-sys024-utt068.wav,wav/vmc2026-track3-sys019-utt067.wav,4.161784886285492
sys009,utt230,wav/vmc2026-track3-sys009-utt230.wav,wav/vmc2026-track3-sys019-utt229.wav,4.61636797180844
sys010,utt050,wav/vmc2026-track3-sys010-utt050.wav,wav/vmc2026-track3-sys019-utt049.wav,3.714221835047189
sys018,utt030,wav/vmc2026-track3-sys018-utt030.wav,wav/vmc2026-track3-sys019-utt029.wav,3.8470043055968537
sys018,utt122,wav/vmc2026-track3-sys018-utt122.wav,wav/vmc2026-track3-sys019-utt121.wav,3.595522004751289
sys016,utt300,wav/vmc2026-track3-sys016-utt300.wav,wav/vmc2026-track3-sys019-utt299.wav,4.017443874951076
sys025,utt154,wav/vmc2026-track3-sys025-utt154.wav,wav/vmc2026-track3-sys019-utt153.wav,4.117422526331822
sys025,utt228,wav/vmc2026-track3-sys025-utt228.wav,wav/vmc2026-track3-sys019-utt227.wav,3.6205152062593546
sys024,utt244,wav/vmc2026-track3-sys024-utt244.wav,wav/vmc2026-track3-sys019-utt243.wav,4.297232681040491
sys013,utt158,wav/vmc2026-track3-sys013-utt158.wav,wav/vmc2026-track3-sys019-utt157.wav,4.141833871129066
sys008,utt200,wav/vmc2026-track3-sys008-utt200.wav,wav/vmc2026-track3-sys019-utt199.wav,4.853095395612299
sys022,utt176,wav/vmc2026-track3-sys022-utt176.wav,wav/vmc2026-track3-sys019-utt175.wav,3.441382986730966
sys013,utt268,wav/vmc2026-track3-sys013-utt268.wav,wav/vmc2026-track3-sys019-utt267.wav,3.812113736242882
sys013,utt180,wav/vmc2026-track3-sys013-utt180.wav,wav/vmc2026-track3-sys019-utt179.wav,4.081494216964502
sys005,utt302,wav/vmc2026-track3-sys005-utt302.wav,wav/vmc2026-track3-sys019-utt301.wav,3.694761530152956
sys025,utt208,wav/vmc2026-track3-sys025-utt208.wav,wav/vmc2026-track3-sys019-utt207.wav,3.4527682629114853
sys023,utt304,wav/vmc2026-track3-sys023-utt304.wav,wav/vmc2026-track3-sys019-utt303.wav,4.427532226223487
sys020,utt300,wav/vmc2026-track3-sys020-utt300.wav,wav/vmc2026-track3-sys019-utt299.wav,3.429083200506507
sys006,utt144,wav/vmc2026-track3-sys006-utt144.wav,wav/vmc2026-track3-sys019-utt143.wav,4.039061743538255
sys024,utt088,wav/vmc2026-track3-sys024-utt088.wav,wav/vmc2026-track3-sys019-utt087.wav,3.8734853168778782
sys010,utt012,wav/vmc2026-track3-sys010-utt012.wav,wav/vmc2026-track3-sys019-utt011.wav,4.1382564505365895
sys005,utt008,wav/vmc2026-track3-sys005-utt008.wav,wav/vmc2026-track3-sys019-utt007.wav,3.893894457431613
sys007,utt312,wav/vmc2026-track3-sys007-utt312.wav,wav/vmc2026-track3-sys019-utt311.wav,3.382695737000497
sys012,utt174,wav/vmc2026-track3-sys012-utt174.wav,wav/vmc2026-track3-sys019-utt173.wav,3.8542331144988964
sys011,utt224,wav/vmc2026-track3-sys011-utt224.wav,wav/vmc2026-track3-sys019-utt223.wav,4.545332642024022
sys009,utt178,wav/vmc2026-track3-sys009-utt178.wav,wav/vmc2026-track3-sys019-utt177.wav,4.348359534260129
sys005,utt068,wav/vmc2026-track3-sys005-utt068.wav,wav/vmc2026-track3-sys019-utt067.wav,3.620114054383815
sys007,utt306,wav/vmc2026-track3-sys007-utt306.wav,wav/vmc2026-track3-sys019-utt305.wav,4.018598860633237
sys013,utt202,wav/vmc2026-track3-sys013-utt202.wav,wav/vmc2026-track3-sys019-utt201.wav,4.1578599777997995
sys014,utt296,wav/vmc2026-track3-sys014-utt296.wav,wav/vmc2026-track3-sys019-utt295.wav,4.754318675230531
sys014,utt144,wav/vmc2026-track3-sys014-utt144.wav,wav/vmc2026-track3-sys019-utt143.wav,4.295534607053336
sys008,utt048,wav/vmc2026-track3-sys008-utt048.wav,wav/vmc2026-track3-sys019-utt047.wav,4.78394549420196
sys007,utt198,wav/vmc2026-track3-sys007-utt198.wav,wav/vmc2026-track3-sys019-utt197.wav,3.9896540483878393
sys018,utt116,wav/vmc2026-track3-sys018-utt116.wav,wav/vmc2026-track3-sys019-utt115.wav,3.393983260910332
sys016,utt014,wav/vmc2026-track3-sys016-utt014.wav,wav/vmc2026-track3-sys019-utt013.wav,4.382118218295636
sys010,utt178,wav/vmc2026-track3-sys010-utt178.wav,wav/vmc2026-track3-sys019-utt177.wav,3.9580336416794055
sys023,utt046,wav/vmc2026-track3-sys023-utt046.wav,wav/vmc2026-track3-sys019-utt045.wav,4.68376270413908
sys014,utt004,wav/vmc2026-track3-sys014-utt004.wav,wav/vmc2026-track3-sys019-utt003.wav,4.24402083398882
sys020,utt152,wav/vmc2026-track3-sys020-utt152.wav,wav/vmc2026-track3-sys019-utt151.wav,3.9295708201382427
sys025,utt004,wav/vmc2026-track3-sys025-utt004.wav,wav/vmc2026-track3-sys019-utt003.wav,3.6724562678136574
sys010,utt090,wav/vmc2026-track3-sys010-utt090.wav,wav/vmc2026-track3-sys019-utt089.wav,3.5399314393698433
sys013,utt294,wav/vmc2026-track3-sys013-utt294.wav,wav/vmc2026-track3-sys019-utt293.wav,4.197010056675434
sys016,utt010,wav/vmc2026-track3-sys016-utt010.wav,wav/vmc2026-track3-sys019-utt009.wav,3.981308533144217
sys007,utt076,wav/vmc2026-track3-sys007-utt076.wav,wav/vmc2026-track3-sys019-utt075.wav,3.866097230136451
sys020,utt318,wav/vmc2026-track3-sys020-utt318.wav,wav/vmc2026-track3-sys019-utt317.wav,3.4865743258536597
sys006,utt244,wav/vmc2026-track3-sys006-utt244.wav,wav/vmc2026-track3-sys019-utt243.wav,4.697208796398058
sys009,utt072,wav/vmc2026-track3-sys009-utt072.wav,wav/vmc2026-track3-sys019-utt071.wav,4.378844885602922
sys024,utt048,wav/vmc2026-track3-sys024-utt048.wav,wav/vmc2026-track3-sys019-utt047.wav,3.918405156623325
sys005,utt316,wav/vmc2026-track3-sys005-utt316.wav,wav/vmc2026-track3-sys019-utt315.wav,3.856067965530297
sys022,utt122,wav/vmc2026-track3-sys022-utt122.wav,wav/vmc2026-track3-sys019-utt121.wav,3.788186191096609
sys014,utt106,wav/vmc2026-track3-sys014-utt106.wav,wav/vmc2026-track3-sys019-utt105.wav,4.476372151403304
sys011,utt132,wav/vmc2026-track3-sys011-utt132.wav,wav/vmc2026-track3-sys019-utt131.wav,4.660349631571624
sys006,utt194,wav/vmc2026-track3-sys006-utt194.wav,wav/vmc2026-track3-sys019-utt193.wav,4.3716722142501805
sys011,utt276,wav/vmc2026-track3-sys011-utt276.wav,wav/vmc2026-track3-sys019-utt275.wav,4.431975413230354
sys006,utt208,wav/vmc2026-track3-sys006-utt208.wav,wav/vmc2026-track3-sys019-utt207.wav,3.9649758245039854
sys022,utt068,wav/vmc2026-track3-sys022-utt068.wav,wav/vmc2026-track3-sys019-utt067.wav,3.980230116096666
sys014,utt202,wav/vmc2026-track3-sys014-utt202.wav,wav/vmc2026-track3-sys019-utt201.wav,4.296073220787382
sys017,utt132,wav/vmc2026-track3-sys017-utt132.wav,wav/vmc2026-track3-sys019-utt131.wav,3.8473797737315665
sys023,utt034,wav/vmc2026-track3-sys023-utt034.wav,wav/vmc2026-track3-sys019-utt033.wav,4.297191095472615
sys002,utt312,wav/vmc2026-track3-sys002-utt312.wav,wav/vmc2026-track3-sys019-utt311.wav,4.630128520040689
sys010,utt156,wav/vmc2026-track3-sys010-utt156.wav,wav/vmc2026-track3-sys019-utt155.wav,4.320481663316866
sys026,utt046,wav/vmc2026-track3-sys026-utt046.wav,wav/vmc2026-track3-sys019-utt045.wav,4.245775469247395
sys010,utt182,wav/vmc2026-track3-sys010-utt182.wav,wav/vmc2026-track3-sys019-utt181.wav,3.994759502588631
sys007,utt068,wav/vmc2026-track3-sys007-utt068.wav,wav/vmc2026-track3-sys019-utt067.wav,3.367249811528609
sys008,utt300,wav/vmc2026-track3-sys008-utt300.wav,wav/vmc2026-track3-sys019-utt299.wav,4.797321361657163
sys018,utt204,wav/vmc2026-track3-sys018-utt204.wav,wav/vmc2026-track3-sys019-utt203.wav,3.558764424672126
sys017,utt216,wav/vmc2026-track3-sys017-utt216.wav,wav/vmc2026-track3-sys019-utt215.wav,4.235468750066518
sys025,utt212,wav/vmc2026-track3-sys025-utt212.wav,wav/vmc2026-track3-sys019-utt211.wav,4.025810554530435
sys016,utt174,wav/vmc2026-track3-sys016-utt174.wav,wav/vmc2026-track3-sys019-utt173.wav,3.8032137451511385
sys016,utt042,wav/vmc2026-track3-sys016-utt042.wav,wav/vmc2026-track3-sys019-utt041.wav,3.9777367453323262
sys013,utt112,wav/vmc2026-track3-sys013-utt112.wav,wav/vmc2026-track3-sys019-utt111.wav,3.6577359186750553
sys005,utt090,wav/vmc2026-track3-sys005-utt090.wav,wav/vmc2026-track3-sys019-utt089.wav,3.593954276237534
sys024,utt064,wav/vmc2026-track3-sys024-utt064.wav,wav/vmc2026-track3-sys019-utt063.wav,4.253070092789629
sys025,utt008,wav/vmc2026-track3-sys025-utt008.wav,wav/vmc2026-track3-sys019-utt007.wav,3.6865302125599153
sys026,utt264,wav/vmc2026-track3-sys026-utt264.wav,wav/vmc2026-track3-sys019-utt263.wav,4.2095029237695485
sys022,utt116,wav/vmc2026-track3-sys022-utt116.wav,wav/vmc2026-track3-sys019-utt115.wav,3.548015003135458
sys016,utt030,wav/vmc2026-track3-sys016-utt030.wav,wav/vmc2026-track3-sys019-utt029.wav,3.904019283351539
sys006,utt132,wav/vmc2026-track3-sys006-utt132.wav,wav/vmc2026-track3-sys019-utt131.wav,4.178659894413547
sys020,utt150,wav/vmc2026-track3-sys020-utt150.wav,wav/vmc2026-track3-sys019-utt149.wav,3.589574156991976
sys020,utt290,wav/vmc2026-track3-sys020-utt290.wav,wav/vmc2026-track3-sys019-utt289.wav,3.3582198765781657
sys005,utt216,wav/vmc2026-track3-sys005-utt216.wav,wav/vmc2026-track3-sys019-utt215.wav,4.150656034649344
sys017,utt022,wav/vmc2026-track3-sys017-utt022.wav,wav/vmc2026-track3-sys019-utt021.wav,4.358811528382938
sys020,utt088,wav/vmc2026-track3-sys020-utt088.wav,wav/vmc2026-track3-sys019-utt087.wav,3.231056014831805
sys016,utt088,wav/vmc2026-track3-sys016-utt088.wav,wav/vmc2026-track3-sys019-utt087.wav,3.442473678866291
sys017,utt220,wav/vmc2026-track3-sys017-utt220.wav,wav/vmc2026-track3-sys019-utt219.wav,4.124283378402147
sys011,utt308,wav/vmc2026-track3-sys011-utt308.wav,wav/vmc2026-track3-sys019-utt307.wav,4.315153167609989
sys025,utt072,wav/vmc2026-track3-sys025-utt072.wav,wav/vmc2026-track3-sys019-utt071.wav,3.4484897990176955
sys002,utt084,wav/vmc2026-track3-sys002-utt084.wav,wav/vmc2026-track3-sys019-utt083.wav,4.415443528500206
sys018,utt272,wav/vmc2026-track3-sys018-utt272.wav,wav/vmc2026-track3-sys019-utt271.wav,3.802970429361214
sys006,utt158,wav/vmc2026-track3-sys006-utt158.wav,wav/vmc2026-track3-sys019-utt157.wav,4.244899020939037
sys006,utt248,wav/vmc2026-track3-sys006-utt248.wav,wav/vmc2026-track3-sys019-utt247.wav,4.33653222085931
sys007,utt226,wav/vmc2026-track3-sys007-utt226.wav,wav/vmc2026-track3-sys019-utt225.wav,3.522366713447613
sys009,utt276,wav/vmc2026-track3-sys009-utt276.wav,wav/vmc2026-track3-sys019-utt275.wav,4.616709851146008
sys006,utt178,wav/vmc2026-track3-sys006-utt178.wav,wav/vmc2026-track3-sys019-utt177.wav,4.144400557653219
sys001,utt268,wav/vmc2026-track3-sys001-utt268.wav,wav/vmc2026-track3-sys019-utt267.wav,3.8238156704676096
sys017,utt036,wav/vmc2026-track3-sys017-utt036.wav,wav/vmc2026-track3-sys019-utt035.wav,4.130620205583418
sys009,utt114,wav/vmc2026-track3-sys009-utt114.wav,wav/vmc2026-track3-sys019-utt113.wav,4.624949612795339
sys024,utt138,wav/vmc2026-track3-sys024-utt138.wav,wav/vmc2026-track3-sys019-utt137.wav,3.975125031205607
sys017,utt020,wav/vmc2026-track3-sys017-utt020.wav,wav/vmc2026-track3-sys019-utt019.wav,3.86590765783817
sys001,utt072,wav/vmc2026-track3-sys001-utt072.wav,wav/vmc2026-track3-sys019-utt071.wav,3.532612306963208
sys025,utt294,wav/vmc2026-track3-sys025-utt294.wav,wav/vmc2026-track3-sys019-utt293.wav,3.8606510642518197
sys016,utt152,wav/vmc2026-track3-sys016-utt152.wav,wav/vmc2026-track3-sys019-utt151.wav,3.8770803666449423
sys020,utt172,wav/vmc2026-track3-sys020-utt172.wav,wav/vmc2026-track3-sys019-utt171.wav,3.386641004958951
sys011,utt046,wav/vmc2026-track3-sys011-utt046.wav,wav/vmc2026-track3-sys019-utt045.wav,4.573259257577018
sys023,utt174,wav/vmc2026-track3-sys023-utt174.wav,wav/vmc2026-track3-sys019-utt173.wav,4.415190230860073
sys009,utt128,wav/vmc2026-track3-sys009-utt128.wav,wav/vmc2026-track3-sys019-utt127.wav,4.336949693407755
sys024,utt144,wav/vmc2026-track3-sys024-utt144.wav,wav/vmc2026-track3-sys019-utt143.wav,3.907955788992863
sys009,utt320,wav/vmc2026-track3-sys009-utt320.wav,wav/vmc2026-track3-sys019-utt319.wav,4.116241707278479
sys005,utt066,wav/vmc2026-track3-sys005-utt066.wav,wav/vmc2026-track3-sys019-utt065.wav,3.7661533064452946
sys020,utt026,wav/vmc2026-track3-sys020-utt026.wav,wav/vmc2026-track3-sys019-utt025.wav,3.330535882008826
sys022,utt090,wav/vmc2026-track3-sys022-utt090.wav,wav/vmc2026-track3-sys019-utt089.wav,3.6880177899250364
sys012,utt246,wav/vmc2026-track3-sys012-utt246.wav,wav/vmc2026-track3-sys019-utt245.wav,3.8209484975166523
sys007,utt156,wav/vmc2026-track3-sys007-utt156.wav,wav/vmc2026-track3-sys019-utt155.wav,3.9150977609912223
sys026,utt196,wav/vmc2026-track3-sys026-utt196.wav,wav/vmc2026-track3-sys019-utt195.wav,3.7624238236806833
sys002,utt144,wav/vmc2026-track3-sys002-utt144.wav,wav/vmc2026-track3-sys019-utt143.wav,4.015588369537149
sys008,utt114,wav/vmc2026-track3-sys008-utt114.wav,wav/vmc2026-track3-sys019-utt113.wav,4.453272106123967
sys010,utt140,wav/vmc2026-track3-sys010-utt140.wav,wav/vmc2026-track3-sys019-utt139.wav,3.5649352785051107
sys012,utt176,wav/vmc2026-track3-sys012-utt176.wav,wav/vmc2026-track3-sys019-utt175.wav,3.6262295024254962
sys016,utt028,wav/vmc2026-track3-sys016-utt028.wav,wav/vmc2026-track3-sys019-utt027.wav,3.416702089258073
sys025,utt276,wav/vmc2026-track3-sys025-utt276.wav,wav/vmc2026-track3-sys019-utt275.wav,3.853966464290525
sys012,utt208,wav/vmc2026-track3-sys012-utt208.wav,wav/vmc2026-track3-sys019-utt207.wav,3.7641925004235315
sys008,utt196,wav/vmc2026-track3-sys008-utt196.wav,wav/vmc2026-track3-sys019-utt195.wav,4.423228568179256
sys008,utt204,wav/vmc2026-track3-sys008-utt204.wav,wav/vmc2026-track3-sys019-utt203.wav,4.4055074093384246
sys005,utt290,wav/vmc2026-track3-sys005-utt290.wav,wav/vmc2026-track3-sys019-utt289.wav,3.556118825458734
sys017,utt158,wav/vmc2026-track3-sys017-utt158.wav,wav/vmc2026-track3-sys019-utt157.wav,4.114381978948401
sys002,utt068,wav/vmc2026-track3-sys002-utt068.wav,wav/vmc2026-track3-sys019-utt067.wav,4.242202894622166
sys009,utt198,wav/vmc2026-track3-sys009-utt198.wav,wav/vmc2026-track3-sys019-utt197.wav,4.901831068546594
sys025,utt246,wav/vmc2026-track3-sys025-utt246.wav,wav/vmc2026-track3-sys019-utt245.wav,3.886881447675978
sys001,utt186,wav/vmc2026-track3-sys001-utt186.wav,wav/vmc2026-track3-sys019-utt185.wav,4.0897953890187715
sys014,utt082,wav/vmc2026-track3-sys014-utt082.wav,wav/vmc2026-track3-sys019-utt081.wav,4.211868994325429
sys025,utt138,wav/vmc2026-track3-sys025-utt138.wav,wav/vmc2026-track3-sys019-utt137.wav,3.725572290598428
sys005,utt226,wav/vmc2026-track3-sys005-utt226.wav,wav/vmc2026-track3-sys019-utt225.wav,3.7404445732829643
sys016,utt072,wav/vmc2026-track3-sys016-utt072.wav,wav/vmc2026-track3-sys019-utt071.wav,3.8663705293537647
sys025,utt266,wav/vmc2026-track3-sys025-utt266.wav,wav/vmc2026-track3-sys019-utt265.wav,3.7941092418179276
sys005,utt140,wav/vmc2026-track3-sys005-utt140.wav,wav/vmc2026-track3-sys019-utt139.wav,3.8272303673976578
sys012,utt298,wav/vmc2026-track3-sys012-utt298.wav,wav/vmc2026-track3-sys019-utt297.wav,3.6863390196415393
sys020,utt230,wav/vmc2026-track3-sys020-utt230.wav,wav/vmc2026-track3-sys019-utt229.wav,3.6728232002507526
sys011,utt280,wav/vmc2026-track3-sys011-utt280.wav,wav/vmc2026-track3-sys019-utt279.wav,4.6355203033702725
sys025,utt232,wav/vmc2026-track3-sys025-utt232.wav,wav/vmc2026-track3-sys019-utt231.wav,3.909595294582051
sys009,utt026,wav/vmc2026-track3-sys009-utt026.wav,wav/vmc2026-track3-sys019-utt025.wav,4.431955038600188
sys008,utt008,wav/vmc2026-track3-sys008-utt008.wav,wav/vmc2026-track3-sys019-utt007.wav,4.833485753782782
sys017,utt012,wav/vmc2026-track3-sys017-utt012.wav,wav/vmc2026-track3-sys019-utt011.wav,3.945629405593648
sys001,utt068,wav/vmc2026-track3-sys001-utt068.wav,wav/vmc2026-track3-sys019-utt067.wav,3.9802737708367144
sys018,utt152,wav/vmc2026-track3-sys018-utt152.wav,wav/vmc2026-track3-sys019-utt151.wav,3.2096428936410315
sys014,utt134,wav/vmc2026-track3-sys014-utt134.wav,wav/vmc2026-track3-sys019-utt133.wav,4.2750283113450696
sys026,utt064,wav/vmc2026-track3-sys026-utt064.wav,wav/vmc2026-track3-sys019-utt063.wav,4.027973235490149
sys016,utt204,wav/vmc2026-track3-sys016-utt204.wav,wav/vmc2026-track3-sys019-utt203.wav,3.738976176775816
sys012,utt306,wav/vmc2026-track3-sys012-utt306.wav,wav/vmc2026-track3-sys019-utt305.wav,3.831554310951087
sys005,utt282,wav/vmc2026-track3-sys005-utt282.wav,wav/vmc2026-track3-sys019-utt281.wav,3.6878408097362407
sys011,utt014,wav/vmc2026-track3-sys011-utt014.wav,wav/vmc2026-track3-sys019-utt013.wav,4.60141325218224
sys025,utt306,wav/vmc2026-track3-sys025-utt306.wav,wav/vmc2026-track3-sys019-utt305.wav,3.6888634459634595
sys001,utt182,wav/vmc2026-track3-sys001-utt182.wav,wav/vmc2026-track3-sys019-utt181.wav,3.9074754395672247
sys007,utt116,wav/vmc2026-track3-sys007-utt116.wav,wav/vmc2026-track3-sys019-utt115.wav,3.850551440003023
sys025,utt074,wav/vmc2026-track3-sys025-utt074.wav,wav/vmc2026-track3-sys019-utt073.wav,3.945515159997756
sys016,utt314,wav/vmc2026-track3-sys016-utt314.wav,wav/vmc2026-track3-sys019-utt313.wav,3.4874185231998682
sys006,utt148,wav/vmc2026-track3-sys006-utt148.wav,wav/vmc2026-track3-sys019-utt147.wav,4.132070247210247
sys020,utt158,wav/vmc2026-track3-sys020-utt158.wav,wav/vmc2026-track3-sys019-utt157.wav,3.749789200098473
sys013,utt310,wav/vmc2026-track3-sys013-utt310.wav,wav/vmc2026-track3-sys019-utt309.wav,4.262987505635016
sys005,utt020,wav/vmc2026-track3-sys005-utt020.wav,wav/vmc2026-track3-sys019-utt019.wav,3.6033088139736154
sys005,utt230,wav/vmc2026-track3-sys005-utt230.wav,wav/vmc2026-track3-sys019-utt229.wav,3.9301928633127265
sys017,utt250,wav/vmc2026-track3-sys017-utt250.wav,wav/vmc2026-track3-sys019-utt249.wav,4.077074435597592
sys020,utt176,wav/vmc2026-track3-sys020-utt176.wav,wav/vmc2026-track3-sys019-utt175.wav,2.9873210272710446
sys006,utt140,wav/vmc2026-track3-sys006-utt140.wav,wav/vmc2026-track3-sys019-utt139.wav,4.174431092813536
sys011,utt214,wav/vmc2026-track3-sys011-utt214.wav,wav/vmc2026-track3-sys019-utt213.wav,4.528582802936304
sys020,utt082,wav/vmc2026-track3-sys020-utt082.wav,wav/vmc2026-track3-sys019-utt081.wav,3.425346111196818
sys026,utt124,wav/vmc2026-track3-sys026-utt124.wav,wav/vmc2026-track3-sys019-utt123.wav,4.276359186396625
sys013,utt292,wav/vmc2026-track3-sys013-utt292.wav,wav/vmc2026-track3-sys019-utt291.wav,4.2981379529180685
sys025,utt114,wav/vmc2026-track3-sys025-utt114.wav,wav/vmc2026-track3-sys019-utt113.wav,3.8628922629750417
sys016,utt034,wav/vmc2026-track3-sys016-utt034.wav,wav/vmc2026-track3-sys019-utt033.wav,3.7039846688593925
sys002,utt174,wav/vmc2026-track3-sys002-utt174.wav,wav/vmc2026-track3-sys019-utt173.wav,4.100434417806546
sys013,utt080,wav/vmc2026-track3-sys013-utt080.wav,wav/vmc2026-track3-sys019-utt079.wav,3.9030072743559145
sys013,utt018,wav/vmc2026-track3-sys013-utt018.wav,wav/vmc2026-track3-sys019-utt017.wav,4.011850594697026
sys018,utt310,wav/vmc2026-track3-sys018-utt310.wav,wav/vmc2026-track3-sys019-utt309.wav,3.5919018641323106
sys018,utt148,wav/vmc2026-track3-sys018-utt148.wav,wav/vmc2026-track3-sys019-utt147.wav,3.5331435339825528
sys026,utt234,wav/vmc2026-track3-sys026-utt234.wav,wav/vmc2026-track3-sys019-utt233.wav,3.8123738598197687
sys012,utt244,wav/vmc2026-track3-sys012-utt244.wav,wav/vmc2026-track3-sys019-utt243.wav,3.9955475288071716
sys002,utt090,wav/vmc2026-track3-sys002-utt090.wav,wav/vmc2026-track3-sys019-utt089.wav,4.462141592494812
sys022,utt062,wav/vmc2026-track3-sys022-utt062.wav,wav/vmc2026-track3-sys019-utt061.wav,3.9835566857912275
sys012,utt312,wav/vmc2026-track3-sys012-utt312.wav,wav/vmc2026-track3-sys019-utt311.wav,3.952500915510723
sys010,utt214,wav/vmc2026-track3-sys010-utt214.wav,wav/vmc2026-track3-sys019-utt213.wav,4.172108615003084
sys018,utt078,wav/vmc2026-track3-sys018-utt078.wav,wav/vmc2026-track3-sys019-utt077.wav,3.856439280022597
sys014,utt176,wav/vmc2026-track3-sys014-utt176.wav,wav/vmc2026-track3-sys019-utt175.wav,3.9912789528500343
sys014,utt088,wav/vmc2026-track3-sys014-utt088.wav,wav/vmc2026-track3-sys019-utt087.wav,4.24694190585954
sys010,utt072,wav/vmc2026-track3-sys010-utt072.wav,wav/vmc2026-track3-sys019-utt071.wav,3.897315636969411
sys018,utt018,wav/vmc2026-track3-sys018-utt018.wav,wav/vmc2026-track3-sys019-utt017.wav,3.8199922344723136
sys022,utt304,wav/vmc2026-track3-sys022-utt304.wav,wav/vmc2026-track3-sys019-utt303.wav,4.084641009479122
sys016,utt192,wav/vmc2026-track3-sys016-utt192.wav,wav/vmc2026-track3-sys019-utt191.wav,3.9233562881162105
sys009,utt154,wav/vmc2026-track3-sys009-utt154.wav,wav/vmc2026-track3-sys019-utt153.wav,4.741285266233724
sys014,utt220,wav/vmc2026-track3-sys014-utt220.wav,wav/vmc2026-track3-sys019-utt219.wav,4.460182601981672
sys014,utt048,wav/vmc2026-track3-sys014-utt048.wav,wav/vmc2026-track3-sys019-utt047.wav,4.523812202837209
sys022,utt142,wav/vmc2026-track3-sys022-utt142.wav,wav/vmc2026-track3-sys019-utt141.wav,3.9300501878580523
sys008,utt090,wav/vmc2026-track3-sys008-utt090.wav,wav/vmc2026-track3-sys019-utt089.wav,4.404415411016734
sys026,utt038,wav/vmc2026-track3-sys026-utt038.wav,wav/vmc2026-track3-sys019-utt037.wav,4.200625706878372
sys018,utt222,wav/vmc2026-track3-sys018-utt222.wav,wav/vmc2026-track3-sys019-utt221.wav,2.882476097869162
sys018,utt198,wav/vmc2026-track3-sys018-utt198.wav,wav/vmc2026-track3-sys019-utt197.wav,3.6795861117686046
sys008,utt018,wav/vmc2026-track3-sys008-utt018.wav,wav/vmc2026-track3-sys019-utt017.wav,4.770265235046778
sys024,utt136,wav/vmc2026-track3-sys024-utt136.wav,wav/vmc2026-track3-sys019-utt135.wav,3.6995907346595867
sys013,utt152,wav/vmc2026-track3-sys013-utt152.wav,wav/vmc2026-track3-sys019-utt151.wav,4.215798656425893
sys014,utt044,wav/vmc2026-track3-sys014-utt044.wav,wav/vmc2026-track3-sys019-utt043.wav,4.443153616814797
sys017,utt062,wav/vmc2026-track3-sys017-utt062.wav,wav/vmc2026-track3-sys019-utt061.wav,4.272645968489103
sys014,utt224,wav/vmc2026-track3-sys014-utt224.wav,wav/vmc2026-track3-sys019-utt223.wav,4.286313743314392
sys022,utt308,wav/vmc2026-track3-sys022-utt308.wav,wav/vmc2026-track3-sys019-utt307.wav,3.4583538707792987
sys018,utt070,wav/vmc2026-track3-sys018-utt070.wav,wav/vmc2026-track3-sys019-utt069.wav,3.906495778955511
sys009,utt068,wav/vmc2026-track3-sys009-utt068.wav,wav/vmc2026-track3-sys019-utt067.wav,4.375362738106795
sys007,utt230,wav/vmc2026-track3-sys007-utt230.wav,wav/vmc2026-track3-sys019-utt229.wav,3.9860617816919794
sys024,utt198,wav/vmc2026-track3-sys024-utt198.wav,wav/vmc2026-track3-sys019-utt197.wav,4.228985371393177
sys007,utt010,wav/vmc2026-track3-sys007-utt010.wav,wav/vmc2026-track3-sys019-utt009.wav,3.989861313176354
sys016,utt290,wav/vmc2026-track3-sys016-utt290.wav,wav/vmc2026-track3-sys019-utt289.wav,3.5286222553444206
sys005,utt034,wav/vmc2026-track3-sys005-utt034.wav,wav/vmc2026-track3-sys019-utt033.wav,3.7021537177604467
sys001,utt234,wav/vmc2026-track3-sys001-utt234.wav,wav/vmc2026-track3-sys019-utt233.wav,3.570235721029015
sys006,utt152,wav/vmc2026-track3-sys006-utt152.wav,wav/vmc2026-track3-sys019-utt151.wav,4.146629548027528
sys022,utt276,wav/vmc2026-track3-sys022-utt276.wav,wav/vmc2026-track3-sys019-utt275.wav,3.7133910630345217
sys026,utt178,wav/vmc2026-track3-sys026-utt178.wav,wav/vmc2026-track3-sys019-utt177.wav,3.9311956752630817
sys024,utt182,wav/vmc2026-track3-sys024-utt182.wav,wav/vmc2026-track3-sys019-utt181.wav,3.998198414069461
sys012,utt066,wav/vmc2026-track3-sys012-utt066.wav,wav/vmc2026-track3-sys019-utt065.wav,4.075338385396304
sys017,utt278,wav/vmc2026-track3-sys017-utt278.wav,wav/vmc2026-track3-sys019-utt277.wav,4.047301291790313
sys010,utt078,wav/vmc2026-track3-sys010-utt078.wav,wav/vmc2026-track3-sys019-utt077.wav,4.300033067122117
sys007,utt150,wav/vmc2026-track3-sys007-utt150.wav,wav/vmc2026-track3-sys019-utt149.wav,3.562131580139709
sys002,utt066,wav/vmc2026-track3-sys002-utt066.wav,wav/vmc2026-track3-sys019-utt065.wav,4.516370418709237
sys013,utt132,wav/vmc2026-track3-sys013-utt132.wav,wav/vmc2026-track3-sys019-utt131.wav,3.984687175144636
sys023,utt198,wav/vmc2026-track3-sys023-utt198.wav,wav/vmc2026-track3-sys019-utt197.wav,4.641499962787646
sys013,utt208,wav/vmc2026-track3-sys013-utt208.wav,wav/vmc2026-track3-sys019-utt207.wav,3.805151214382289
sys011,utt232,wav/vmc2026-track3-sys011-utt232.wav,wav/vmc2026-track3-sys019-utt231.wav,4.217831960778761
sys010,utt184,wav/vmc2026-track3-sys010-utt184.wav,wav/vmc2026-track3-sys019-utt183.wav,4.149146583866574
sys022,utt232,wav/vmc2026-track3-sys022-utt232.wav,wav/vmc2026-track3-sys019-utt231.wav,3.7669315953447104
sys009,utt012,wav/vmc2026-track3-sys009-utt012.wav,wav/vmc2026-track3-sys019-utt011.wav,4.722277472186697
sys012,utt264,wav/vmc2026-track3-sys012-utt264.wav,wav/vmc2026-track3-sys019-utt263.wav,3.972200973970332
sys020,utt084,wav/vmc2026-track3-sys020-utt084.wav,wav/vmc2026-track3-sys019-utt083.wav,3.2618377929064266
sys024,utt306,wav/vmc2026-track3-sys024-utt306.wav,wav/vmc2026-track3-sys019-utt305.wav,3.99095575154146
sys006,utt020,wav/vmc2026-track3-sys006-utt020.wav,wav/vmc2026-track3-sys019-utt019.wav,4.396519695552992
sys011,utt274,wav/vmc2026-track3-sys011-utt274.wav,wav/vmc2026-track3-sys019-utt273.wav,4.57119471101446
sys010,utt196,wav/vmc2026-track3-sys010-utt196.wav,wav/vmc2026-track3-sys019-utt195.wav,3.9673337618779323
sys011,utt130,wav/vmc2026-track3-sys011-utt130.wav,wav/vmc2026-track3-sys019-utt129.wav,4.4767254980197
sys013,utt284,wav/vmc2026-track3-sys013-utt284.wav,wav/vmc2026-track3-sys019-utt283.wav,4.072497795348754
sys002,utt270,wav/vmc2026-track3-sys002-utt270.wav,wav/vmc2026-track3-sys019-utt269.wav,4.481564504701974
sys002,utt034,wav/vmc2026-track3-sys002-utt034.wav,wav/vmc2026-track3-sys019-utt033.wav,4.262966910717041
sys023,utt030,wav/vmc2026-track3-sys023-utt030.wav,wav/vmc2026-track3-sys019-utt029.wav,4.3541783637893605
sys026,utt102,wav/vmc2026-track3-sys026-utt102.wav,wav/vmc2026-track3-sys019-utt101.wav,4.349881219195758
sys020,utt004,wav/vmc2026-track3-sys020-utt004.wav,wav/vmc2026-track3-sys019-utt003.wav,3.628144734030179
sys010,utt308,wav/vmc2026-track3-sys010-utt308.wav,wav/vmc2026-track3-sys019-utt307.wav,4.01885249804144
sys012,utt320,wav/vmc2026-track3-sys012-utt320.wav,wav/vmc2026-track3-sys019-utt319.wav,4.072607976998502
sys025,utt268,wav/vmc2026-track3-sys025-utt268.wav,wav/vmc2026-track3-sys019-utt267.wav,4.136618452546565
sys008,utt284,wav/vmc2026-track3-sys008-utt284.wav,wav/vmc2026-track3-sys019-utt283.wav,4.654368545385425
sys002,utt290,wav/vmc2026-track3-sys002-utt290.wav,wav/vmc2026-track3-sys019-utt289.wav,4.36715146075893
sys016,utt176,wav/vmc2026-track3-sys016-utt176.wav,wav/vmc2026-track3-sys019-utt175.wav,3.6595421602210383
sys013,utt196,wav/vmc2026-track3-sys013-utt196.wav,wav/vmc2026-track3-sys019-utt195.wav,4.299263701188324
sys010,utt222,wav/vmc2026-track3-sys010-utt222.wav,wav/vmc2026-track3-sys019-utt221.wav,4.395837948310733
sys020,utt246,wav/vmc2026-track3-sys020-utt246.wav,wav/vmc2026-track3-sys019-utt245.wav,3.440819408686641
sys009,utt262,wav/vmc2026-track3-sys009-utt262.wav,wav/vmc2026-track3-sys019-utt261.wav,4.393783468271494
sys024,utt224,wav/vmc2026-track3-sys024-utt224.wav,wav/vmc2026-track3-sys019-utt223.wav,4.196961998449944
sys026,utt110,wav/vmc2026-track3-sys026-utt110.wav,wav/vmc2026-track3-sys019-utt109.wav,4.145980605421954
sys011,utt206,wav/vmc2026-track3-sys011-utt206.wav,wav/vmc2026-track3-sys019-utt205.wav,4.7456380190316745
sys016,utt242,wav/vmc2026-track3-sys016-utt242.wav,wav/vmc2026-track3-sys019-utt241.wav,4.451591073969334
sys007,utt002,wav/vmc2026-track3-sys007-utt002.wav,wav/vmc2026-track3-sys019-utt001.wav,3.9707331117841727
sys014,utt026,wav/vmc2026-track3-sys014-utt026.wav,wav/vmc2026-track3-sys019-utt025.wav,4.301062938848066
sys024,utt026,wav/vmc2026-track3-sys024-utt026.wav,wav/vmc2026-track3-sys019-utt025.wav,3.321751727490357
sys009,utt220,wav/vmc2026-track3-sys009-utt220.wav,wav/vmc2026-track3-sys019-utt219.wav,4.439476015711308
sys001,utt212,wav/vmc2026-track3-sys001-utt212.wav,wav/vmc2026-track3-sys019-utt211.wav,4.039705945130385
sys014,utt070,wav/vmc2026-track3-sys014-utt070.wav,wav/vmc2026-track3-sys019-utt069.wav,4.5954853334293295
sys010,utt068,wav/vmc2026-track3-sys010-utt068.wav,wav/vmc2026-track3-sys019-utt067.wav,4.001033991978434
sys002,utt228,wav/vmc2026-track3-sys002-utt228.wav,wav/vmc2026-track3-sys019-utt227.wav,4.520354997031827
sys001,utt276,wav/vmc2026-track3-sys001-utt276.wav,wav/vmc2026-track3-sys019-utt275.wav,4.388697907582911
sys002,utt318,wav/vmc2026-track3-sys002-utt318.wav,wav/vmc2026-track3-sys019-utt317.wav,4.592155808644328
sys007,utt318,wav/vmc2026-track3-sys007-utt318.wav,wav/vmc2026-track3-sys019-utt317.wav,3.580101400935436
sys024,utt008,wav/vmc2026-track3-sys024-utt008.wav,wav/vmc2026-track3-sys019-utt007.wav,4.061073388172564
sys009,utt152,wav/vmc2026-track3-sys009-utt152.wav,wav/vmc2026-track3-sys019-utt151.wav,4.705547909829284
sys011,utt226,wav/vmc2026-track3-sys011-utt226.wav,wav/vmc2026-track3-sys019-utt225.wav,4.295043333948122
sys026,utt210,wav/vmc2026-track3-sys026-utt210.wav,wav/vmc2026-track3-sys019-utt209.wav,3.9474042823679443
sys023,utt176,wav/vmc2026-track3-sys023-utt176.wav,wav/vmc2026-track3-sys019-utt175.wav,4.475936040695171
sys026,utt284,wav/vmc2026-track3-sys026-utt284.wav,wav/vmc2026-track3-sys019-utt283.wav,4.104968528934491
sys011,utt248,wav/vmc2026-track3-sys011-utt248.wav,wav/vmc2026-track3-sys019-utt247.wav,4.73740161798438
sys008,utt220,wav/vmc2026-track3-sys008-utt220.wav,wav/vmc2026-track3-sys019-utt219.wav,4.6420038742316985
sys024,utt062,wav/vmc2026-track3-sys024-utt062.wav,wav/vmc2026-track3-sys019-utt061.wav,4.387773539779139
sys018,utt230,wav/vmc2026-track3-sys018-utt230.wav,wav/vmc2026-track3-sys019-utt229.wav,3.7540332091975817
sys008,utt034,wav/vmc2026-track3-sys008-utt034.wav,wav/vmc2026-track3-sys019-utt033.wav,4.569570155534801
sys005,utt320,wav/vmc2026-track3-sys005-utt320.wav,wav/vmc2026-track3-sys019-utt319.wav,3.9238401922340835
sys008,utt032,wav/vmc2026-track3-sys008-utt032.wav,wav/vmc2026-track3-sys019-utt031.wav,4.226800917970997
sys005,utt006,wav/vmc2026-track3-sys005-utt006.wav,wav/vmc2026-track3-sys019-utt005.wav,3.7839113285308663
sys001,utt148,wav/vmc2026-track3-sys001-utt148.wav,wav/vmc2026-track3-sys019-utt147.wav,3.7086398917901002
sys014,utt034,wav/vmc2026-track3-sys014-utt034.wav,wav/vmc2026-track3-sys019-utt033.wav,4.3953077883496405
sys022,utt020,wav/vmc2026-track3-sys022-utt020.wav,wav/vmc2026-track3-sys019-utt019.wav,3.7652383976823756
sys026,utt128,wav/vmc2026-track3-sys026-utt128.wav,wav/vmc2026-track3-sys019-utt127.wav,3.9211379548588976
sys010,utt272,wav/vmc2026-track3-sys010-utt272.wav,wav/vmc2026-track3-sys019-utt271.wav,3.826956031208002
sys016,utt280,wav/vmc2026-track3-sys016-utt280.wav,wav/vmc2026-track3-sys019-utt279.wav,3.294225787189186
sys024,utt214,wav/vmc2026-track3-sys024-utt214.wav,wav/vmc2026-track3-sys019-utt213.wav,3.989899837375159
sys007,utt148,wav/vmc2026-track3-sys007-utt148.wav,wav/vmc2026-track3-sys019-utt147.wav,3.3542363979422807
sys014,utt032,wav/vmc2026-track3-sys014-utt032.wav,wav/vmc2026-track3-sys019-utt031.wav,4.238228070705733
sys026,utt218,wav/vmc2026-track3-sys026-utt218.wav,wav/vmc2026-track3-sys019-utt217.wav,3.863865929937805
sys022,utt144,wav/vmc2026-track3-sys022-utt144.wav,wav/vmc2026-track3-sys019-utt143.wav,3.7456175195833232
sys016,utt130,wav/vmc2026-track3-sys016-utt130.wav,wav/vmc2026-track3-sys019-utt129.wav,3.947418564282418
sys026,utt184,wav/vmc2026-track3-sys026-utt184.wav,wav/vmc2026-track3-sys019-utt183.wav,3.977618478847616
sys014,utt198,wav/vmc2026-track3-sys014-utt198.wav,wav/vmc2026-track3-sys019-utt197.wav,4.576725314970255
sys014,utt108,wav/vmc2026-track3-sys014-utt108.wav,wav/vmc2026-track3-sys019-utt107.wav,4.185329460201285
sys017,utt212,wav/vmc2026-track3-sys017-utt212.wav,wav/vmc2026-track3-sys019-utt211.wav,4.496257522880106
sys017,utt292,wav/vmc2026-track3-sys017-utt292.wav,wav/vmc2026-track3-sys019-utt291.wav,4.2932989822915495
sys020,utt074,wav/vmc2026-track3-sys020-utt074.wav,wav/vmc2026-track3-sys019-utt073.wav,3.4763235895779507
sys011,utt296,wav/vmc2026-track3-sys011-utt296.wav,wav/vmc2026-track3-sys019-utt295.wav,4.755467981852081
sys024,utt294,wav/vmc2026-track3-sys024-utt294.wav,wav/vmc2026-track3-sys019-utt293.wav,4.192595047029179
sys009,utt222,wav/vmc2026-track3-sys009-utt222.wav,wav/vmc2026-track3-sys019-utt221.wav,4.702349166846746
sys025,utt174,wav/vmc2026-track3-sys025-utt174.wav,wav/vmc2026-track3-sys019-utt173.wav,3.5970603889470296
sys026,utt212,wav/vmc2026-track3-sys026-utt212.wav,wav/vmc2026-track3-sys019-utt211.wav,3.930775455969497
sys001,utt050,wav/vmc2026-track3-sys001-utt050.wav,wav/vmc2026-track3-sys019-utt049.wav,3.7615950939766085
sys010,utt018,wav/vmc2026-track3-sys010-utt018.wav,wav/vmc2026-track3-sys019-utt017.wav,4.409832894507232
sys016,utt138,wav/vmc2026-track3-sys016-utt138.wav,wav/vmc2026-track3-sys019-utt137.wav,3.5088470033321024
sys020,utt050,wav/vmc2026-track3-sys020-utt050.wav,wav/vmc2026-track3-sys019-utt049.wav,3.275858067417496
sys007,utt236,wav/vmc2026-track3-sys007-utt236.wav,wav/vmc2026-track3-sys019-utt235.wav,3.5823900392965085
sys011,utt064,wav/vmc2026-track3-sys011-utt064.wav,wav/vmc2026-track3-sys019-utt063.wav,4.719389445526839
sys025,utt134,wav/vmc2026-track3-sys025-utt134.wav,wav/vmc2026-track3-sys019-utt133.wav,3.797757274070574
sys014,utt124,wav/vmc2026-track3-sys014-utt124.wav,wav/vmc2026-track3-sys019-utt123.wav,4.318095244864304
sys012,utt220,wav/vmc2026-track3-sys012-utt220.wav,wav/vmc2026-track3-sys019-utt219.wav,4.09817784904623
sys020,utt116,wav/vmc2026-track3-sys020-utt116.wav,wav/vmc2026-track3-sys019-utt115.wav,3.4132488271398453
sys018,utt066,wav/vmc2026-track3-sys018-utt066.wav,wav/vmc2026-track3-sys019-utt065.wav,3.7459380103510362
sys013,utt276,wav/vmc2026-track3-sys013-utt276.wav,wav/vmc2026-track3-sys019-utt275.wav,4.313667364123282
sys020,utt064,wav/vmc2026-track3-sys020-utt064.wav,wav/vmc2026-track3-sys019-utt063.wav,3.6085664206689763
sys018,utt004,wav/vmc2026-track3-sys018-utt004.wav,wav/vmc2026-track3-sys019-utt003.wav,4.1028759030112605
sys023,utt236,wav/vmc2026-track3-sys023-utt236.wav,wav/vmc2026-track3-sys019-utt235.wav,4.525662436925636
sys018,utt120,wav/vmc2026-track3-sys018-utt120.wav,wav/vmc2026-track3-sys019-utt119.wav,3.1535057999146083
sys008,utt250,wav/vmc2026-track3-sys008-utt250.wav,wav/vmc2026-track3-sys019-utt249.wav,4.687536323781755
sys018,utt202,wav/vmc2026-track3-sys018-utt202.wav,wav/vmc2026-track3-sys019-utt201.wav,3.82573878826624
sys001,utt026,wav/vmc2026-track3-sys001-utt026.wav,wav/vmc2026-track3-sys019-utt025.wav,4.020137965583204
sys013,utt150,wav/vmc2026-track3-sys013-utt150.wav,wav/vmc2026-track3-sys019-utt149.wav,3.9568436685262767
sys002,utt136,wav/vmc2026-track3-sys002-utt136.wav,wav/vmc2026-track3-sys019-utt135.wav,4.162027775578673
sys012,utt070,wav/vmc2026-track3-sys012-utt070.wav,wav/vmc2026-track3-sys019-utt069.wav,4.324238442599588
sys023,utt302,wav/vmc2026-track3-sys023-utt302.wav,wav/vmc2026-track3-sys019-utt301.wav,4.65052928394181
sys011,utt174,wav/vmc2026-track3-sys011-utt174.wav,wav/vmc2026-track3-sys019-utt173.wav,4.267509500610895
sys006,utt184,wav/vmc2026-track3-sys006-utt184.wav,wav/vmc2026-track3-sys019-utt183.wav,4.305649714405111
sys024,utt118,wav/vmc2026-track3-sys024-utt118.wav,wav/vmc2026-track3-sys019-utt117.wav,3.8430038433951483
sys022,utt242,wav/vmc2026-track3-sys022-utt242.wav,wav/vmc2026-track3-sys019-utt241.wav,3.860441485863183
sys011,utt200,wav/vmc2026-track3-sys011-utt200.wav,wav/vmc2026-track3-sys019-utt199.wav,4.629591512947713
sys023,utt122,wav/vmc2026-track3-sys023-utt122.wav,wav/vmc2026-track3-sys019-utt121.wav,4.455178699886867
sys013,utt218,wav/vmc2026-track3-sys013-utt218.wav,wav/vmc2026-track3-sys019-utt217.wav,4.06040199455349
sys002,utt278,wav/vmc2026-track3-sys002-utt278.wav,wav/vmc2026-track3-sys019-utt277.wav,4.391976890577861
sys025,utt048,wav/vmc2026-track3-sys025-utt048.wav,wav/vmc2026-track3-sys019-utt047.wav,3.9894956728074766
sys018,utt132,wav/vmc2026-track3-sys018-utt132.wav,wav/vmc2026-track3-sys019-utt131.wav,3.7526569605351288
sys024,utt022,wav/vmc2026-track3-sys024-utt022.wav,wav/vmc2026-track3-sys019-utt021.wav,3.965187965799882
sys009,utt156,wav/vmc2026-track3-sys009-utt156.wav,wav/vmc2026-track3-sys019-utt155.wav,4.674578345751212
sys011,utt032,wav/vmc2026-track3-sys011-utt032.wav,wav/vmc2026-track3-sys019-utt031.wav,4.415456467050865
sys012,utt008,wav/vmc2026-track3-sys012-utt008.wav,wav/vmc2026-track3-sys019-utt007.wav,3.9711194704266153
sys013,utt198,wav/vmc2026-track3-sys013-utt198.wav,wav/vmc2026-track3-sys019-utt197.wav,4.053791246911395
sys011,utt102,wav/vmc2026-track3-sys011-utt102.wav,wav/vmc2026-track3-sys019-utt101.wav,4.287958013878312
sys022,utt286,wav/vmc2026-track3-sys022-utt286.wav,wav/vmc2026-track3-sys019-utt285.wav,4.147043017118757
sys024,utt112,wav/vmc2026-track3-sys024-utt112.wav,wav/vmc2026-track3-sys019-utt111.wav,3.824500419908883
sys022,utt078,wav/vmc2026-track3-sys022-utt078.wav,wav/vmc2026-track3-sys019-utt077.wav,3.950054731057763
sys001,utt244,wav/vmc2026-track3-sys001-utt244.wav,wav/vmc2026-track3-sys019-utt243.wav,4.273704305990073
sys025,utt104,wav/vmc2026-track3-sys025-utt104.wav,wav/vmc2026-track3-sys019-utt103.wav,3.3359824838094703
sys022,utt284,wav/vmc2026-track3-sys022-utt284.wav,wav/vmc2026-track3-sys019-utt283.wav,4.066921955406028
sys001,utt176,wav/vmc2026-track3-sys001-utt176.wav,wav/vmc2026-track3-sys019-utt175.wav,3.4686774183969464
sys023,utt020,wav/vmc2026-track3-sys023-utt020.wav,wav/vmc2026-track3-sys019-utt019.wav,4.371225598289941
sys018,utt026,wav/vmc2026-track3-sys018-utt026.wav,wav/vmc2026-track3-sys019-utt025.wav,3.7441994728935635
sys022,utt230,wav/vmc2026-track3-sys022-utt230.wav,wav/vmc2026-track3-sys019-utt229.wav,4.026345812561079
sys005,utt288,wav/vmc2026-track3-sys005-utt288.wav,wav/vmc2026-track3-sys019-utt287.wav,3.627986071502666
sys010,utt194,wav/vmc2026-track3-sys010-utt194.wav,wav/vmc2026-track3-sys019-utt193.wav,3.92132908032709
sys025,utt204,wav/vmc2026-track3-sys025-utt204.wav,wav/vmc2026-track3-sys019-utt203.wav,3.7370429373342295
sys009,utt102,wav/vmc2026-track3-sys009-utt102.wav,wav/vmc2026-track3-sys019-utt101.wav,4.424683512337467
sys013,utt128,wav/vmc2026-track3-sys013-utt128.wav,wav/vmc2026-track3-sys019-utt127.wav,3.6817932955632124
sys014,utt316,wav/vmc2026-track3-sys014-utt316.wav,wav/vmc2026-track3-sys019-utt315.wav,4.190993876546391
sys001,utt074,wav/vmc2026-track3-sys001-utt074.wav,wav/vmc2026-track3-sys019-utt073.wav,3.9128530320466037
sys001,utt022,wav/vmc2026-track3-sys001-utt022.wav,wav/vmc2026-track3-sys019-utt021.wav,3.894624962883233
sys022,utt030,wav/vmc2026-track3-sys022-utt030.wav,wav/vmc2026-track3-sys019-utt029.wav,4.02580333433875
sys009,utt314,wav/vmc2026-track3-sys009-utt314.wav,wav/vmc2026-track3-sys019-utt313.wav,4.363766216847614
sys020,utt206,wav/vmc2026-track3-sys020-utt206.wav,wav/vmc2026-track3-sys019-utt205.wav,3.4477607485083634
sys007,utt216,wav/vmc2026-track3-sys007-utt216.wav,wav/vmc2026-track3-sys019-utt215.wav,3.991083981474151
sys026,utt014,wav/vmc2026-track3-sys026-utt014.wav,wav/vmc2026-track3-sys019-utt013.wav,4.316504581453265
sys011,utt230,wav/vmc2026-track3-sys011-utt230.wav,wav/vmc2026-track3-sys019-utt229.wav,4.670366742784688
sys006,utt280,wav/vmc2026-track3-sys006-utt280.wav,wav/vmc2026-track3-sys019-utt279.wav,4.303991814890765
sys005,utt212,wav/vmc2026-track3-sys005-utt212.wav,wav/vmc2026-track3-sys019-utt211.wav,3.7672120246014456
sys011,utt010,wav/vmc2026-track3-sys011-utt010.wav,wav/vmc2026-track3-sys019-utt009.wav,4.271793082557299
sys022,utt012,wav/vmc2026-track3-sys022-utt012.wav,wav/vmc2026-track3-sys019-utt011.wav,3.845504832137508
sys014,utt304,wav/vmc2026-track3-sys014-utt304.wav,wav/vmc2026-track3-sys019-utt303.wav,4.530200880632184
sys023,utt040,wav/vmc2026-track3-sys023-utt040.wav,wav/vmc2026-track3-sys019-utt039.wav,3.9927217387304608
sys011,utt234,wav/vmc2026-track3-sys011-utt234.wav,wav/vmc2026-track3-sys019-utt233.wav,4.528247126862355
