system_id,utterance_id,wav_a_path,wav_b_path,pred_acc_sim
sys017,utt026,wav/vmc2026-track3-sys017-utt026.wav,wav/vmc2026-track3-sys019-utt025.wav,4.0000167640438296
sys002,utt246,wav/vmc2026-track3-sys002-utt246.wav,wav/vmc2026-track3-sys019-utt245.wav,4.396357253949141
sys017,utt142,wav/vmc2026-track3-sys017-utt142.wav,wav/vmc2026-track3-sys019-utt141.wav,3.4485581055541075
sys007,utt134,wav/vmc2026-track3-sys007-utt134.wav,wav/vmc2026-track3-sys019-utt133.wav,2.870918638657633
sys012,utt182,wav/vmc2026-track3-sys012-utt182.wav,wav/vmc2026-track3-sys019-utt181.wav,3.994246134404072
sys006,utt108,wav/vmc2026-track3-sys006-utt108.wav,wav/vmc2026-track3-sys019-utt107.wav,4.455712419630191
sys002,utt110,wav/vmc2026-track3-sys002-utt110.wav,wav/vmc2026-track3-sys019-utt109.wav,4.791010599942921
sys009,utt216,wav/vmc2026-track3-sys009-utt216.wav,wav/vmc2026-track3-sys019-utt215.wav,4.732013305799444
sys017,utt032,wav/vmc2026-track3-sys017-utt032.wav,wav/vmc2026-track3-sys019-utt031.wav,3.1503415433531035
sys020,utt298,wav/vmc2026-track3-sys020-utt298.wav,wav/vmc2026-track3-sys019-utt297.wav,3.490376477938206
sys005,utt118,wav/vmc2026-track3-sys005-utt118.wav,wav/vmc2026-track3-sys019-utt117.wav,3.2892413354483607
sys023,utt286,wav/vmc2026-track3-sys023-utt286.wav,wav/vmc2026-track3-sys019-utt285.wav,4.068439587063355
sys026,utt292,wav/vmc2026-track3-sys026-utt292.wav,wav/vmc2026-track3-sys019-utt291.wav,4.362991253095529
sys018,utt036,wav/vmc2026-track3-sys018-utt036.wav,wav/vmc2026-track3-sys019-utt035.wav,3.5231706452786726
sys007,utt244,wav/vmc2026-track3-sys007-utt244.wav,wav/vmc2026-track3-sys019-utt243.wav,4.57683472412597
sys012,utt310,wav/vmc2026-track3-sys012-utt310.wav,wav/vmc2026-track3-sys019-utt309.wav,3.8935042902273245
sys025,utt230,wav/vmc2026-track3-sys025-utt230.wav,wav/vmc2026-track3-sys019-utt229.wav,4.035967356280728
sys017,utt066,wav/vmc2026-track3-sys017-utt066.wav,wav/vmc2026-track3-sys019-utt065.wav,4.03017095511393
sys009,utt066,wav/vmc2026-track3-sys009-utt066.wav,wav/vmc2026-track3-sys019-utt065.wav,4.813404870212292
sys020,utt198,wav/vmc2026-track3-sys020-utt198.wav,wav/vmc2026-track3-sys019-utt197.wav,3.726405483164895
sys002,utt102,wav/vmc2026-track3-sys002-utt102.wav,wav/vmc2026-track3-sys019-utt101.wav,4.428935586530384
sys024,utt176,wav/vmc2026-track3-sys024-utt176.wav,wav/vmc2026-track3-sys019-utt175.wav,3.697791287746061
sys025,utt112,wav/vmc2026-track3-sys025-utt112.wav,wav/vmc2026-track3-sys019-utt111.wav,3.4892417912167413
sys017,utt238,wav/vmc2026-track3-sys017-utt238.wav,wav/vmc2026-track3-sys019-utt237.wav,3.6545485601147516
sys012,utt048,wav/vmc2026-track3-sys012-utt048.wav,wav/vmc2026-track3-sys019-utt047.wav,3.9665501705427197
sys002,utt048,wav/vmc2026-track3-sys002-utt048.wav,wav/vmc2026-track3-sys019-utt047.wav,4.614300715129491
sys026,utt004,wav/vmc2026-track3-sys026-utt004.wav,wav/vmc2026-track3-sys019-utt003.wav,4.226486794126291
sys020,utt070,wav/vmc2026-track3-sys020-utt070.wav,wav/vmc2026-track3-sys019-utt069.wav,3.5190468453068267
sys011,utt004,wav/vmc2026-track3-sys011-utt004.wav,wav/vmc2026-track3-sys019-utt003.wav,4.301951976246544
sys001,utt214,wav/vmc2026-track3-sys001-utt214.wav,wav/vmc2026-track3-sys019-utt213.wav,4.263413650581511
sys002,utt300,wav/vmc2026-track3-sys002-utt300.wav,wav/vmc2026-track3-sys019-utt299.wav,4.242616901550312
sys009,utt142,wav/vmc2026-track3-sys009-utt142.wav,wav/vmc2026-track3-sys019-utt141.wav,4.325126800566868
sys009,utt270,wav/vmc2026-track3-sys009-utt270.wav,wav/vmc2026-track3-sys019-utt269.wav,4.574191747739863
sys007,utt194,wav/vmc2026-track3-sys007-utt194.wav,wav/vmc2026-track3-sys019-utt193.wav,4.60414049033757
sys014,utt050,wav/vmc2026-track3-sys014-utt050.wav,wav/vmc2026-track3-sys019-utt049.wav,4.617730838526754
sys014,utt080,wav/vmc2026-track3-sys014-utt080.wav,wav/vmc2026-track3-sys019-utt079.wav,4.0862272466834595
sys010,utt144,wav/vmc2026-track3-sys010-utt144.wav,wav/vmc2026-track3-sys019-utt143.wav,3.561612326015434
sys010,utt154,wav/vmc2026-track3-sys010-utt154.wav,wav/vmc2026-track3-sys019-utt153.wav,4.508861355664988
sys005,utt210,wav/vmc2026-track3-sys005-utt210.wav,wav/vmc2026-track3-sys019-utt209.wav,4.263682950015528
sys009,utt048,wav/vmc2026-track3-sys009-utt048.wav,wav/vmc2026-track3-sys019-utt047.wav,4.663119306856249
sys026,utt220,wav/vmc2026-track3-sys026-utt220.wav,wav/vmc2026-track3-sys019-utt219.wav,4.324202726253743
sys007,utt030,wav/vmc2026-track3-sys007-utt030.wav,wav/vmc2026-track3-sys019-utt029.wav,3.8494692310371748
sys013,utt016,wav/vmc2026-track3-sys013-utt016.wav,wav/vmc2026-track3-sys019-utt015.wav,4.188562320378451
sys024,utt194,wav/vmc2026-track3-sys024-utt194.wav,wav/vmc2026-track3-sys019-utt193.wav,4.582280993641309
sys006,utt310,wav/vmc2026-track3-sys006-utt310.wav,wav/vmc2026-track3-sys019-utt309.wav,4.760370987758782
sys012,utt118,wav/vmc2026-track3-sys012-utt118.wav,wav/vmc2026-track3-sys019-utt117.wav,3.725760764337593
sys013,utt160,wav/vmc2026-track3-sys013-utt160.wav,wav/vmc2026-track3-sys019-utt159.wav,4.498557707870088
sys011,utt122,wav/vmc2026-track3-sys011-utt122.wav,wav/vmc2026-track3-sys019-utt121.wav,4.018197107689189
sys023,utt102,wav/vmc2026-track3-sys023-utt102.wav,wav/vmc2026-track3-sys019-utt101.wav,4.624808774810129
sys016,utt004,wav/vmc2026-track3-sys016-utt004.wav,wav/vmc2026-track3-sys019-utt003.wav,3.892105873667397
sys005,utt018,wav/vmc2026-track3-sys005-utt018.wav,wav/vmc2026-track3-sys019-utt017.wav,4.062022880656898
sys024,utt304,wav/vmc2026-track3-sys024-utt304.wav,wav/vmc2026-track3-sys019-utt303.wav,4.222181262823337
sys014,utt310,wav/vmc2026-track3-sys014-utt310.wav,wav/vmc2026-track3-sys019-utt309.wav,4.735156359208112
sys016,utt132,wav/vmc2026-track3-sys016-utt132.wav,wav/vmc2026-track3-sys019-utt131.wav,3.0352408354292684
sys005,utt270,wav/vmc2026-track3-sys005-utt270.wav,wav/vmc2026-track3-sys019-utt269.wav,3.992888567426522
sys006,utt214,wav/vmc2026-track3-sys006-utt214.wav,wav/vmc2026-track3-sys019-utt213.wav,4.715790919087657
sys007,utt228,wav/vmc2026-track3-sys007-utt228.wav,wav/vmc2026-track3-sys019-utt227.wav,4.605475475591957
sys002,utt274,wav/vmc2026-track3-sys002-utt274.wav,wav/vmc2026-track3-sys019-utt273.wav,4.590911340359264
sys016,utt038,wav/vmc2026-track3-sys016-utt038.wav,wav/vmc2026-track3-sys019-utt037.wav,3.2276706433761984
sys009,utt172,wav/vmc2026-track3-sys009-utt172.wav,wav/vmc2026-track3-sys019-utt171.wav,4.169772517131963
sys007,utt144,wav/vmc2026-track3-sys007-utt144.wav,wav/vmc2026-track3-sys019-utt143.wav,3.584730719345928
sys025,utt150,wav/vmc2026-track3-sys025-utt150.wav,wav/vmc2026-track3-sys019-utt149.wav,3.2728495719870914
sys005,utt278,wav/vmc2026-track3-sys005-utt278.wav,wav/vmc2026-track3-sys019-utt277.wav,3.8451451592593626
sys012,utt314,wav/vmc2026-track3-sys012-utt314.wav,wav/vmc2026-track3-sys019-utt313.wav,4.076035286730278
sys005,utt186,wav/vmc2026-track3-sys005-utt186.wav,wav/vmc2026-track3-sys019-utt185.wav,3.9368802959386056
sys017,utt232,wav/vmc2026-track3-sys017-utt232.wav,wav/vmc2026-track3-sys019-utt231.wav,4.044141941905527
sys006,utt264,wav/vmc2026-track3-sys006-utt264.wav,wav/vmc2026-track3-sys019-utt263.wav,4.199266421696921
sys012,utt262,wav/vmc2026-track3-sys012-utt262.wav,wav/vmc2026-track3-sys019-utt261.wav,4.216623634950987
sys024,utt126,wav/vmc2026-track3-sys024-utt126.wav,wav/vmc2026-track3-sys019-utt125.wav,4.2368484204689
sys013,utt140,wav/vmc2026-track3-sys013-utt140.wav,wav/vmc2026-track3-sys019-utt139.wav,3.536695406123469
sys001,utt310,wav/vmc2026-track3-sys001-utt310.wav,wav/vmc2026-track3-sys019-utt309.wav,4.499132062957849
sys022,utt174,wav/vmc2026-track3-sys022-utt174.wav,wav/vmc2026-track3-sys019-utt173.wav,3.630007965462091
sys026,utt050,wav/vmc2026-track3-sys026-utt050.wav,wav/vmc2026-track3-sys019-utt049.wav,4.263118899415717
sys007,utt122,wav/vmc2026-track3-sys007-utt122.wav,wav/vmc2026-track3-sys019-utt121.wav,4.1282798999995745
sys005,utt158,wav/vmc2026-track3-sys005-utt158.wav,wav/vmc2026-track3-sys019-utt157.wav,4.14659647852523
sys010,utt002,wav/vmc2026-track3-sys010-utt002.wav,wav/vmc2026-track3-sys019-utt001.wav,4.146786520856745
sys012,utt224,wav/vmc2026-track3-sys012-utt224.wav,wav/vmc2026-track3-sys019-utt223.wav,4.018240224838788
sys013,utt122,wav/vmc2026-track3-sys013-utt122.wav,wav/vmc2026-track3-sys019-utt121.wav,4.327631817152299
sys025,utt018,wav/vmc2026-track3-sys025-utt018.wav,wav/vmc2026-track3-sys019-utt017.wav,4.105044732610319
sys002,utt032,wav/vmc2026-track3-sys002-utt032.wav,wav/vmc2026-track3-sys019-utt031.wav,3.6340083713747515
sys014,utt114,wav/vmc2026-track3-sys014-utt114.wav,wav/vmc2026-track3-sys019-utt113.wav,3.505200191287821
sys020,utt132,wav/vmc2026-track3-sys020-utt132.wav,wav/vmc2026-track3-sys019-utt131.wav,3.3867561530899577
sys025,utt124,wav/vmc2026-track3-sys025-utt124.wav,wav/vmc2026-track3-sys019-utt123.wav,3.79734624690546
sys001,utt320,wav/vmc2026-track3-sys001-utt320.wav,wav/vmc2026-track3-sys019-utt319.wav,4.307104237709719
sys023,utt130,wav/vmc2026-track3-sys023-utt130.wav,wav/vmc2026-track3-sys019-utt129.wav,4.242376892348019
sys017,utt138,wav/vmc2026-track3-sys017-utt138.wav,wav/vmc2026-track3-sys019-utt137.wav,3.5983973731197776
sys007,utt084,wav/vmc2026-track3-sys007-utt084.wav,wav/vmc2026-track3-sys019-utt083.wav,3.8131569648018893
sys011,utt144,wav/vmc2026-track3-sys011-utt144.wav,wav/vmc2026-track3-sys019-utt143.wav,3.690853355873825
sys020,utt184,wav/vmc2026-track3-sys020-utt184.wav,wav/vmc2026-track3-sys019-utt183.wav,3.3538937760019834
sys023,utt050,wav/vmc2026-track3-sys023-utt050.wav,wav/vmc2026-track3-sys019-utt049.wav,4.289928942889551
sys002,utt118,wav/vmc2026-track3-sys002-utt118.wav,wav/vmc2026-track3-sys019-utt117.wav,3.8862605287277576
sys017,utt152,wav/vmc2026-track3-sys017-utt152.wav,wav/vmc2026-track3-sys019-utt151.wav,4.169457904758225
sys002,utt080,wav/vmc2026-track3-sys002-utt080.wav,wav/vmc2026-track3-sys019-utt079.wav,4.121967388192057
sys020,utt214,wav/vmc2026-track3-sys020-utt214.wav,wav/vmc2026-track3-sys019-utt213.wav,3.4199565079782324
sys013,utt020,wav/vmc2026-track3-sys013-utt020.wav,wav/vmc2026-track3-sys019-utt019.wav,4.232717443575064
sys016,utt076,wav/vmc2026-track3-sys016-utt076.wav,wav/vmc2026-track3-sys019-utt075.wav,3.7174074475454906
sys020,utt146,wav/vmc2026-track3-sys020-utt146.wav,wav/vmc2026-track3-sys019-utt145.wav,3.5811974025147735
sys005,utt078,wav/vmc2026-track3-sys005-utt078.wav,wav/vmc2026-track3-sys019-utt077.wav,3.475965980108525
sys020,utt178,wav/vmc2026-track3-sys020-utt178.wav,wav/vmc2026-track3-sys019-utt177.wav,3.0024420451358838
sys024,utt104,wav/vmc2026-track3-sys024-utt104.wav,wav/vmc2026-track3-sys019-utt103.wav,4.682628447047693
sys022,utt140,wav/vmc2026-track3-sys022-utt140.wav,wav/vmc2026-track3-sys019-utt139.wav,3.5385564568635837
sys025,utt196,wav/vmc2026-track3-sys025-utt196.wav,wav/vmc2026-track3-sys019-utt195.wav,4.024947653969261
sys006,utt228,wav/vmc2026-track3-sys006-utt228.wav,wav/vmc2026-track3-sys019-utt227.wav,4.591845381552417
sys017,utt290,wav/vmc2026-track3-sys017-utt290.wav,wav/vmc2026-track3-sys019-utt289.wav,3.608135501651423
sys018,utt002,wav/vmc2026-track3-sys018-utt002.wav,wav/vmc2026-track3-sys019-utt001.wav,4.302942489115284
sys017,utt010,wav/vmc2026-track3-sys017-utt010.wav,wav/vmc2026-track3-sys019-utt009.wav,3.863919726846651
sys017,utt196,wav/vmc2026-track3-sys017-utt196.wav,wav/vmc2026-track3-sys019-utt195.wav,4.335173487560859
sys023,utt228,wav/vmc2026-track3-sys023-utt228.wav,wav/vmc2026-track3-sys019-utt227.wav,4.708920222404953
sys001,utt292,wav/vmc2026-track3-sys001-utt292.wav,wav/vmc2026-track3-sys019-utt291.wav,4.358613752759332
sys022,utt300,wav/vmc2026-track3-sys022-utt300.wav,wav/vmc2026-track3-sys019-utt299.wav,4.046824944219594
sys022,utt206,wav/vmc2026-track3-sys022-utt206.wav,wav/vmc2026-track3-sys019-utt205.wav,4.0584253541303115
sys011,utt262,wav/vmc2026-track3-sys011-utt262.wav,wav/vmc2026-track3-sys019-utt261.wav,4.218407504062576
sys022,utt316,wav/vmc2026-track3-sys022-utt316.wav,wav/vmc2026-track3-sys019-utt315.wav,3.2337394735457674
sys006,utt102,wav/vmc2026-track3-sys006-utt102.wav,wav/vmc2026-track3-sys019-utt101.wav,3.8866084688162026
sys017,utt134,wav/vmc2026-track3-sys017-utt134.wav,wav/vmc2026-track3-sys019-utt133.wav,3.730522077575966
sys024,utt010,wav/vmc2026-track3-sys024-utt010.wav,wav/vmc2026-track3-sys019-utt009.wav,4.147152076126611
sys010,utt118,wav/vmc2026-track3-sys010-utt118.wav,wav/vmc2026-track3-sys019-utt117.wav,4.064609415480793
sys007,utt044,wav/vmc2026-track3-sys007-utt044.wav,wav/vmc2026-track3-sys019-utt043.wav,3.9588362380657296
sys017,utt186,wav/vmc2026-track3-sys017-utt186.wav,wav/vmc2026-track3-sys019-utt185.wav,3.4683435699880327
sys010,utt294,wav/vmc2026-track3-sys010-utt294.wav,wav/vmc2026-track3-sys019-utt293.wav,4.39730219749905
sys012,utt250,wav/vmc2026-track3-sys012-utt250.wav,wav/vmc2026-track3-sys019-utt249.wav,3.6683933242023614
sys005,utt214,wav/vmc2026-track3-sys005-utt214.wav,wav/vmc2026-track3-sys019-utt213.wav,3.965921241399807
sys008,utt160,wav/vmc2026-track3-sys008-utt160.wav,wav/vmc2026-track3-sys019-utt159.wav,4.845776657531878
sys022,utt314,wav/vmc2026-track3-sys022-utt314.wav,wav/vmc2026-track3-sys019-utt313.wav,3.8741813961073546
sys022,utt028,wav/vmc2026-track3-sys022-utt028.wav,wav/vmc2026-track3-sys019-utt027.wav,4.250407690260636
sys006,utt150,wav/vmc2026-track3-sys006-utt150.wav,wav/vmc2026-track3-sys019-utt149.wav,3.8492242148751354
sys013,utt314,wav/vmc2026-track3-sys013-utt314.wav,wav/vmc2026-track3-sys019-utt313.wav,3.96789187753945
sys018,utt090,wav/vmc2026-track3-sys018-utt090.wav,wav/vmc2026-track3-sys019-utt089.wav,3.5782112397133177
sys012,utt062,wav/vmc2026-track3-sys012-utt062.wav,wav/vmc2026-track3-sys019-utt061.wav,3.962972375829748
sys005,utt310,wav/vmc2026-track3-sys005-utt310.wav,wav/vmc2026-track3-sys019-utt309.wav,3.998209349442792
sys010,utt180,wav/vmc2026-track3-sys010-utt180.wav,wav/vmc2026-track3-sys019-utt179.wav,3.648459465802517
sys017,utt008,wav/vmc2026-track3-sys017-utt008.wav,wav/vmc2026-track3-sys019-utt007.wav,3.965343772790062
sys006,utt186,wav/vmc2026-track3-sys006-utt186.wav,wav/vmc2026-track3-sys019-utt185.wav,4.4899939559541915
sys016,utt108,wav/vmc2026-track3-sys016-utt108.wav,wav/vmc2026-track3-sys019-utt107.wav,3.5392572995973195
sys020,utt104,wav/vmc2026-track3-sys020-utt104.wav,wav/vmc2026-track3-sys019-utt103.wav,3.330949066145572
sys023,utt308,wav/vmc2026-track3-sys023-utt308.wav,wav/vmc2026-track3-sys019-utt307.wav,4.435074238496525
sys020,utt122,wav/vmc2026-track3-sys020-utt122.wav,wav/vmc2026-track3-sys019-utt121.wav,3.1609127736898395
sys013,utt110,wav/vmc2026-track3-sys013-utt110.wav,wav/vmc2026-track3-sys019-utt109.wav,4.428476817214585
sys026,utt192,wav/vmc2026-track3-sys026-utt192.wav,wav/vmc2026-track3-sys019-utt191.wav,4.39508735088394
sys011,utt022,wav/vmc2026-track3-sys011-utt022.wav,wav/vmc2026-track3-sys019-utt021.wav,4.4798028627916
sys011,utt222,wav/vmc2026-track3-sys011-utt222.wav,wav/vmc2026-track3-sys019-utt221.wav,4.05916040297553
sys023,utt292,wav/vmc2026-track3-sys023-utt292.wav,wav/vmc2026-track3-sys019-utt291.wav,4.554083265250096
sys023,utt138,wav/vmc2026-track3-sys023-utt138.wav,wav/vmc2026-track3-sys019-utt137.wav,3.9459771503103798
sys012,utt200,wav/vmc2026-track3-sys012-utt200.wav,wav/vmc2026-track3-sys019-utt199.wav,4.276063471265454
sys009,utt180,wav/vmc2026-track3-sys009-utt180.wav,wav/vmc2026-track3-sys019-utt179.wav,3.8742910714079533
sys010,utt152,wav/vmc2026-track3-sys010-utt152.wav,wav/vmc2026-track3-sys019-utt151.wav,3.718771538106641
sys026,utt318,wav/vmc2026-track3-sys026-utt318.wav,wav/vmc2026-track3-sys019-utt317.wav,4.317872418726449
sys017,utt206,wav/vmc2026-track3-sys017-utt206.wav,wav/vmc2026-track3-sys019-utt205.wav,4.070166216729458
sys018,utt318,wav/vmc2026-track3-sys018-utt318.wav,wav/vmc2026-track3-sys019-utt317.wav,3.8751132206616816
sys005,utt122,wav/vmc2026-track3-sys005-utt122.wav,wav/vmc2026-track3-sys019-utt121.wav,3.6830265360496828
sys013,utt224,wav/vmc2026-track3-sys013-utt224.wav,wav/vmc2026-track3-sys019-utt223.wav,4.423436872573187
sys020,utt008,wav/vmc2026-track3-sys020-utt008.wav,wav/vmc2026-track3-sys019-utt007.wav,3.871357990376251
sys017,utt200,wav/vmc2026-track3-sys017-utt200.wav,wav/vmc2026-track3-sys019-utt199.wav,4.630269238753992
sys011,utt088,wav/vmc2026-track3-sys011-utt088.wav,wav/vmc2026-track3-sys019-utt087.wav,4.222040342993022
sys020,utt022,wav/vmc2026-track3-sys020-utt022.wav,wav/vmc2026-track3-sys019-utt021.wav,3.7815550261813335
sys013,utt182,wav/vmc2026-track3-sys013-utt182.wav,wav/vmc2026-track3-sys019-utt181.wav,3.914545317016868
sys007,utt220,wav/vmc2026-track3-sys007-utt220.wav,wav/vmc2026-track3-sys019-utt219.wav,3.944087512406188
sys005,utt234,wav/vmc2026-track3-sys005-utt234.wav,wav/vmc2026-track3-sys019-utt233.wav,3.8588819897927364
sys025,utt088,wav/vmc2026-track3-sys025-utt088.wav,wav/vmc2026-track3-sys019-utt087.wav,4.053367271455116
sys005,utt128,wav/vmc2026-track3-sys005-utt128.wav,wav/vmc2026-track3-sys019-utt127.wav,3.8109915527088276
sys013,utt176,wav/vmc2026-track3-sys013-utt176.wav,wav/vmc2026-track3-sys019-utt175.wav,4.029857723296588
sys017,utt194,wav/vmc2026-track3-sys017-utt194.wav,wav/vmc2026-track3-sys019-utt193.wav,4.28767638844069
sys005,utt084,wav/vmc2026-track3-sys005-utt084.wav,wav/vmc2026-track3-sys019-utt083.wav,3.7884349209536925
sys022,utt180,wav/vmc2026-track3-sys022-utt180.wav,wav/vmc2026-track3-sys019-utt179.wav,3.5168041578609373
sys008,utt070,wav/vmc2026-track3-sys008-utt070.wav,wav/vmc2026-track3-sys019-utt069.wav,4.256103549151113
sys007,utt138,wav/vmc2026-track3-sys007-utt138.wav,wav/vmc2026-track3-sys019-utt137.wav,4.133789544877014
sys010,utt080,wav/vmc2026-track3-sys010-utt080.wav,wav/vmc2026-track3-sys019-utt079.wav,3.4363076374274395
sys016,utt158,wav/vmc2026-track3-sys016-utt158.wav,wav/vmc2026-track3-sys019-utt157.wav,3.6761418263883403
sys006,utt282,wav/vmc2026-track3-sys006-utt282.wav,wav/vmc2026-track3-sys019-utt281.wav,4.557934307599506
sys007,utt014,wav/vmc2026-track3-sys007-utt014.wav,wav/vmc2026-track3-sys019-utt013.wav,4.145585357075324
sys020,utt102,wav/vmc2026-track3-sys020-utt102.wav,wav/vmc2026-track3-sys019-utt101.wav,3.2626755711857465
sys006,utt080,wav/vmc2026-track3-sys006-utt080.wav,wav/vmc2026-track3-sys019-utt079.wav,4.0422444514892835
sys013,utt146,wav/vmc2026-track3-sys013-utt146.wav,wav/vmc2026-track3-sys019-utt145.wav,4.217963261940384
sys010,utt216,wav/vmc2026-track3-sys010-utt216.wav,wav/vmc2026-track3-sys019-utt215.wav,4.513469672443151
sys024,utt268,wav/vmc2026-track3-sys024-utt268.wav,wav/vmc2026-track3-sys019-utt267.wav,4.0111448615781224
sys025,utt002,wav/vmc2026-track3-sys025-utt002.wav,wav/vmc2026-track3-sys019-utt001.wav,4.2081415461781875
sys014,utt194,wav/vmc2026-track3-sys014-utt194.wav,wav/vmc2026-track3-sys019-utt193.wav,4.656005223537926
sys020,utt018,wav/vmc2026-track3-sys020-utt018.wav,wav/vmc2026-track3-sys019-utt017.wav,3.5933415023482214
sys010,utt186,wav/vmc2026-track3-sys010-utt186.wav,wav/vmc2026-track3-sys019-utt185.wav,3.682844030394929
sys020,utt030,wav/vmc2026-track3-sys020-utt030.wav,wav/vmc2026-track3-sys019-utt029.wav,3.3710893151065213
sys006,utt072,wav/vmc2026-track3-sys006-utt072.wav,wav/vmc2026-track3-sys019-utt071.wav,4.111571063416124
sys020,utt196,wav/vmc2026-track3-sys020-utt196.wav,wav/vmc2026-track3-sys019-utt195.wav,3.553113883953131
sys002,utt160,wav/vmc2026-track3-sys002-utt160.wav,wav/vmc2026-track3-sys019-utt159.wav,4.723022314726379
sys010,utt202,wav/vmc2026-track3-sys010-utt202.wav,wav/vmc2026-track3-sys019-utt201.wav,3.783946052880901
sys022,utt146,wav/vmc2026-track3-sys022-utt146.wav,wav/vmc2026-track3-sys019-utt145.wav,3.3047987729056207
sys026,utt082,wav/vmc2026-track3-sys026-utt082.wav,wav/vmc2026-track3-sys019-utt081.wav,3.370106016269625
sys017,utt286,wav/vmc2026-track3-sys017-utt286.wav,wav/vmc2026-track3-sys019-utt285.wav,3.801367252375514
sys002,utt242,wav/vmc2026-track3-sys002-utt242.wav,wav/vmc2026-track3-sys019-utt241.wav,4.690506088342328
sys001,utt270,wav/vmc2026-track3-sys001-utt270.wav,wav/vmc2026-track3-sys019-utt269.wav,4.318787684899533
sys008,utt110,wav/vmc2026-track3-sys008-utt110.wav,wav/vmc2026-track3-sys019-utt109.wav,4.734355882099974
sys010,utt066,wav/vmc2026-track3-sys010-utt066.wav,wav/vmc2026-track3-sys019-utt065.wav,4.35786049787411
sys013,utt230,wav/vmc2026-track3-sys013-utt230.wav,wav/vmc2026-track3-sys019-utt229.wav,4.383629532862245
sys017,utt308,wav/vmc2026-track3-sys017-utt308.wav,wav/vmc2026-track3-sys019-utt307.wav,3.897886866014956
sys007,utt130,wav/vmc2026-track3-sys007-utt130.wav,wav/vmc2026-track3-sys019-utt129.wav,4.1145332278219895
sys013,utt108,wav/vmc2026-track3-sys013-utt108.wav,wav/vmc2026-track3-sys019-utt107.wav,4.355932915449596
sys024,utt286,wav/vmc2026-track3-sys024-utt286.wav,wav/vmc2026-track3-sys019-utt285.wav,3.817957439985627
sys024,utt006,wav/vmc2026-track3-sys024-utt006.wav,wav/vmc2026-track3-sys019-utt005.wav,4.037398188578651
sys022,utt072,wav/vmc2026-track3-sys022-utt072.wav,wav/vmc2026-track3-sys019-utt071.wav,3.537621920994257
sys012,utt016,wav/vmc2026-track3-sys012-utt016.wav,wav/vmc2026-track3-sys019-utt015.wav,4.1475052941392
sys001,utt086,wav/vmc2026-track3-sys001-utt086.wav,wav/vmc2026-track3-sys019-utt085.wav,4.136492140054422
sys023,utt116,wav/vmc2026-track3-sys023-utt116.wav,wav/vmc2026-track3-sys019-utt115.wav,3.8150189645191857
sys024,utt218,wav/vmc2026-track3-sys024-utt218.wav,wav/vmc2026-track3-sys019-utt217.wav,4.66612055160107
sys002,utt112,wav/vmc2026-track3-sys002-utt112.wav,wav/vmc2026-track3-sys019-utt111.wav,4.113114909012226
sys018,utt118,wav/vmc2026-track3-sys018-utt118.wav,wav/vmc2026-track3-sys019-utt117.wav,3.7539007222754948
sys017,utt218,wav/vmc2026-track3-sys017-utt218.wav,wav/vmc2026-track3-sys019-utt217.wav,4.724763628637014
sys018,utt302,wav/vmc2026-track3-sys018-utt302.wav,wav/vmc2026-track3-sys019-utt301.wav,3.7266027527852077
sys001,utt044,wav/vmc2026-track3-sys001-utt044.wav,wav/vmc2026-track3-sys019-utt043.wav,4.2113952075305265
sys009,utt016,wav/vmc2026-track3-sys009-utt016.wav,wav/vmc2026-track3-sys019-utt015.wav,4.670927713072876
sys018,utt062,wav/vmc2026-track3-sys018-utt062.wav,wav/vmc2026-track3-sys019-utt061.wav,3.4338847203576224
sys002,utt018,wav/vmc2026-track3-sys002-utt018.wav,wav/vmc2026-track3-sys019-utt017.wav,4.345847353666344
sys007,utt066,wav/vmc2026-track3-sys007-utt066.wav,wav/vmc2026-track3-sys019-utt065.wav,4.0008329959307956
sys007,utt118,wav/vmc2026-track3-sys007-utt118.wav,wav/vmc2026-track3-sys019-utt117.wav,3.889792228458193
sys017,utt002,wav/vmc2026-track3-sys017-utt002.wav,wav/vmc2026-track3-sys019-utt001.wav,3.9278511200026602
sys023,utt016,wav/vmc2026-track3-sys023-utt016.wav,wav/vmc2026-track3-sys019-utt015.wav,4.388001232594081
sys020,utt086,wav/vmc2026-track3-sys020-utt086.wav,wav/vmc2026-track3-sys019-utt085.wav,2.9608097508127544
sys009,utt150,wav/vmc2026-track3-sys009-utt150.wav,wav/vmc2026-track3-sys019-utt149.wav,4.160018637597199
sys002,utt022,wav/vmc2026-track3-sys002-utt022.wav,wav/vmc2026-track3-sys019-utt021.wav,4.245472179423707
sys023,utt048,wav/vmc2026-track3-sys023-utt048.wav,wav/vmc2026-track3-sys019-utt047.wav,4.61166765627586
sys025,utt180,wav/vmc2026-track3-sys025-utt180.wav,wav/vmc2026-track3-sys019-utt179.wav,3.556898254336332
sys026,utt198,wav/vmc2026-track3-sys026-utt198.wav,wav/vmc2026-track3-sys019-utt197.wav,4.549866817187677
sys022,utt224,wav/vmc2026-track3-sys022-utt224.wav,wav/vmc2026-track3-sys019-utt223.wav,4.419327774443426
sys013,utt280,wav/vmc2026-track3-sys013-utt280.wav,wav/vmc2026-track3-sys019-utt279.wav,4.027247124200853
sys014,utt186,wav/vmc2026-track3-sys014-utt186.wav,wav/vmc2026-track3-sys019-utt185.wav,4.403151168010185
sys026,utt020,wav/vmc2026-track3-sys026-utt020.wav,wav/vmc2026-track3-sys019-utt019.wav,4.238895633788264
sys005,utt292,wav/vmc2026-track3-sys005-utt292.wav,wav/vmc2026-track3-sys019-utt291.wav,4.004636923772714
sys020,utt270,wav/vmc2026-track3-sys020-utt270.wav,wav/vmc2026-track3-sys019-utt269.wav,3.792147885960082
sys006,utt172,wav/vmc2026-track3-sys006-utt172.wav,wav/vmc2026-track3-sys019-utt171.wav,4.505929271405787
sys023,utt242,wav/vmc2026-track3-sys023-utt242.wav,wav/vmc2026-track3-sys019-utt241.wav,4.4488503664777586
sys005,utt232,wav/vmc2026-track3-sys005-utt232.wav,wav/vmc2026-track3-sys019-utt231.wav,3.9332644039363935
sys013,utt232,wav/vmc2026-track3-sys013-utt232.wav,wav/vmc2026-track3-sys019-utt231.wav,4.0267327972149936
sys001,utt078,wav/vmc2026-track3-sys001-utt078.wav,wav/vmc2026-track3-sys019-utt077.wav,3.899868779074602
sys016,utt048,wav/vmc2026-track3-sys016-utt048.wav,wav/vmc2026-track3-sys019-utt047.wav,3.727305870535187
sys026,utt104,wav/vmc2026-track3-sys026-utt104.wav,wav/vmc2026-track3-sys019-utt103.wav,4.3398909162308055
sys013,utt316,wav/vmc2026-track3-sys013-utt316.wav,wav/vmc2026-track3-sys019-utt315.wav,3.753282378321286
sys020,utt264,wav/vmc2026-track3-sys020-utt264.wav,wav/vmc2026-track3-sys019-utt263.wav,3.828628008767243
sys022,utt262,wav/vmc2026-track3-sys022-utt262.wav,wav/vmc2026-track3-sys019-utt261.wav,4.343957867854595
sys011,utt314,wav/vmc2026-track3-sys011-utt314.wav,wav/vmc2026-track3-sys019-utt313.wav,4.062715596934455
sys024,utt200,wav/vmc2026-track3-sys024-utt200.wav,wav/vmc2026-track3-sys019-utt199.wav,4.576158026353614
sys024,utt072,wav/vmc2026-track3-sys024-utt072.wav,wav/vmc2026-track3-sys019-utt071.wav,4.26455066955523
sys024,utt226,wav/vmc2026-track3-sys024-utt226.wav,wav/vmc2026-track3-sys019-utt225.wav,4.77304616624792
sys011,utt294,wav/vmc2026-track3-sys011-utt294.wav,wav/vmc2026-track3-sys019-utt293.wav,4.425575497851289
sys001,utt010,wav/vmc2026-track3-sys001-utt010.wav,wav/vmc2026-track3-sys019-utt009.wav,4.369629161706254
sys012,utt050,wav/vmc2026-track3-sys012-utt050.wav,wav/vmc2026-track3-sys019-utt049.wav,4.249699336549819
sys009,utt122,wav/vmc2026-track3-sys009-utt122.wav,wav/vmc2026-track3-sys019-utt121.wav,4.667798410797411
sys018,utt040,wav/vmc2026-track3-sys018-utt040.wav,wav/vmc2026-track3-sys019-utt039.wav,3.099921928654225
sys002,utt150,wav/vmc2026-track3-sys002-utt150.wav,wav/vmc2026-track3-sys019-utt149.wav,3.9542875938010336
sys006,utt292,wav/vmc2026-track3-sys006-utt292.wav,wav/vmc2026-track3-sys019-utt291.wav,4.362540396063781
sys014,utt272,wav/vmc2026-track3-sys014-utt272.wav,wav/vmc2026-track3-sys019-utt271.wav,4.5506011850399615
sys023,utt288,wav/vmc2026-track3-sys023-utt288.wav,wav/vmc2026-track3-sys019-utt287.wav,4.215038824246258
sys002,utt082,wav/vmc2026-track3-sys002-utt082.wav,wav/vmc2026-track3-sys019-utt081.wav,3.8753673957621606
sys024,utt108,wav/vmc2026-track3-sys024-utt108.wav,wav/vmc2026-track3-sys019-utt107.wav,4.317420626542557
sys002,utt314,wav/vmc2026-track3-sys002-utt314.wav,wav/vmc2026-track3-sys019-utt313.wav,4.316157652278259
sys011,utt316,wav/vmc2026-track3-sys011-utt316.wav,wav/vmc2026-track3-sys019-utt315.wav,3.863129754772396
sys010,utt224,wav/vmc2026-track3-sys010-utt224.wav,wav/vmc2026-track3-sys019-utt223.wav,4.039676200663697
sys017,utt248,wav/vmc2026-track3-sys017-utt248.wav,wav/vmc2026-track3-sys019-utt247.wav,4.2690301480932735
sys022,utt124,wav/vmc2026-track3-sys022-utt124.wav,wav/vmc2026-track3-sys019-utt123.wav,4.0229120646726235
sys024,utt102,wav/vmc2026-track3-sys024-utt102.wav,wav/vmc2026-track3-sys019-utt101.wav,3.765929366324272
sys007,utt012,wav/vmc2026-track3-sys007-utt012.wav,wav/vmc2026-track3-sys019-utt011.wav,4.062139601571289
sys001,utt180,wav/vmc2026-track3-sys001-utt180.wav,wav/vmc2026-track3-sys019-utt179.wav,3.4155463644716413
sys025,utt042,wav/vmc2026-track3-sys025-utt042.wav,wav/vmc2026-track3-sys019-utt041.wav,3.9703395712409453
sys001,utt062,wav/vmc2026-track3-sys001-utt062.wav,wav/vmc2026-track3-sys019-utt061.wav,4.002507083621493
sys024,utt012,wav/vmc2026-track3-sys024-utt012.wav,wav/vmc2026-track3-sys019-utt011.wav,4.257898986418474
sys024,utt312,wav/vmc2026-track3-sys024-utt312.wav,wav/vmc2026-track3-sys019-utt311.wav,4.563617076997639
sys016,utt134,wav/vmc2026-track3-sys016-utt134.wav,wav/vmc2026-track3-sys019-utt133.wav,3.450547571518277
sys014,utt130,wav/vmc2026-track3-sys014-utt130.wav,wav/vmc2026-track3-sys019-utt129.wav,4.58458501597688
sys020,utt208,wav/vmc2026-track3-sys020-utt208.wav,wav/vmc2026-track3-sys019-utt207.wav,2.660548635289148
sys020,utt038,wav/vmc2026-track3-sys020-utt038.wav,wav/vmc2026-track3-sys019-utt037.wav,3.3568583665469807
sys010,utt198,wav/vmc2026-track3-sys010-utt198.wav,wav/vmc2026-track3-sys019-utt197.wav,4.054930391241154
sys023,utt182,wav/vmc2026-track3-sys023-utt182.wav,wav/vmc2026-track3-sys019-utt181.wav,4.3551638958179995
sys005,utt194,wav/vmc2026-track3-sys005-utt194.wav,wav/vmc2026-track3-sys019-utt193.wav,4.0561548866803925
sys007,utt178,wav/vmc2026-track3-sys007-utt178.wav,wav/vmc2026-track3-sys019-utt177.wav,3.524376842961635
sys011,utt120,wav/vmc2026-track3-sys011-utt120.wav,wav/vmc2026-track3-sys019-utt119.wav,3.511914438452443
sys018,utt290,wav/vmc2026-track3-sys018-utt290.wav,wav/vmc2026-track3-sys019-utt289.wav,3.3619700250384312
sys010,utt316,wav/vmc2026-track3-sys010-utt316.wav,wav/vmc2026-track3-sys019-utt315.wav,3.3463516176281494
sys010,utt310,wav/vmc2026-track3-sys010-utt310.wav,wav/vmc2026-track3-sys019-utt309.wav,4.015561017237691
sys018,utt298,wav/vmc2026-track3-sys018-utt298.wav,wav/vmc2026-track3-sys019-utt297.wav,3.119133083250882
sys005,utt238,wav/vmc2026-track3-sys005-utt238.wav,wav/vmc2026-track3-sys019-utt237.wav,3.916736620073632
sys022,utt032,wav/vmc2026-track3-sys022-utt032.wav,wav/vmc2026-track3-sys019-utt031.wav,3.192793010547202
sys026,utt246,wav/vmc2026-track3-sys026-utt246.wav,wav/vmc2026-track3-sys019-utt245.wav,4.207538851018747
sys002,utt138,wav/vmc2026-track3-sys002-utt138.wav,wav/vmc2026-track3-sys019-utt137.wav,4.098533492102405
sys005,utt174,wav/vmc2026-track3-sys005-utt174.wav,wav/vmc2026-track3-sys019-utt173.wav,3.296440658823683
sys018,utt080,wav/vmc2026-track3-sys018-utt080.wav,wav/vmc2026-track3-sys019-utt079.wav,3.9307624450571694
sys026,utt116,wav/vmc2026-track3-sys026-utt116.wav,wav/vmc2026-track3-sys019-utt115.wav,4.107760609168291
sys016,utt036,wav/vmc2026-track3-sys016-utt036.wav,wav/vmc2026-track3-sys019-utt035.wav,3.1548369018747207
sys022,utt158,wav/vmc2026-track3-sys022-utt158.wav,wav/vmc2026-track3-sys019-utt157.wav,4.155083352335639
sys007,utt050,wav/vmc2026-track3-sys007-utt050.wav,wav/vmc2026-track3-sys019-utt049.wav,3.974912901644737
sys001,utt028,wav/vmc2026-track3-sys001-utt028.wav,wav/vmc2026-track3-sys019-utt027.wav,4.4235405025735135
sys020,utt046,wav/vmc2026-track3-sys020-utt046.wav,wav/vmc2026-track3-sys019-utt045.wav,3.1114866394796716
sys026,utt160,wav/vmc2026-track3-sys026-utt160.wav,wav/vmc2026-track3-sys019-utt159.wav,4.552810316536217
sys022,utt064,wav/vmc2026-track3-sys022-utt064.wav,wav/vmc2026-track3-sys019-utt063.wav,3.7607822809274696
sys009,utt130,wav/vmc2026-track3-sys009-utt130.wav,wav/vmc2026-track3-sys019-utt129.wav,4.411137140465781
sys005,utt306,wav/vmc2026-track3-sys005-utt306.wav,wav/vmc2026-track3-sys019-utt305.wav,3.911393213736561
sys007,utt242,wav/vmc2026-track3-sys007-utt242.wav,wav/vmc2026-track3-sys019-utt241.wav,4.2640023969404455
sys002,utt076,wav/vmc2026-track3-sys002-utt076.wav,wav/vmc2026-track3-sys019-utt075.wav,4.149635313611293
sys024,utt284,wav/vmc2026-track3-sys024-utt284.wav,wav/vmc2026-track3-sys019-utt283.wav,4.538892003217731
sys018,utt294,wav/vmc2026-track3-sys018-utt294.wav,wav/vmc2026-track3-sys019-utt293.wav,2.9524827660689765
sys020,utt062,wav/vmc2026-track3-sys020-utt062.wav,wav/vmc2026-track3-sys019-utt061.wav,3.6893987808186766
sys005,utt204,wav/vmc2026-track3-sys005-utt204.wav,wav/vmc2026-track3-sys019-utt203.wav,3.7478056998878797
sys026,utt208,wav/vmc2026-track3-sys026-utt208.wav,wav/vmc2026-track3-sys019-utt207.wav,4.201688129139318
sys010,utt022,wav/vmc2026-track3-sys010-utt022.wav,wav/vmc2026-track3-sys019-utt021.wav,3.8910596192781366
sys001,utt132,wav/vmc2026-track3-sys001-utt132.wav,wav/vmc2026-track3-sys019-utt131.wav,4.0308986175075106
sys018,utt154,wav/vmc2026-track3-sys018-utt154.wav,wav/vmc2026-track3-sys019-utt153.wav,4.352529517991024
sys023,utt156,wav/vmc2026-track3-sys023-utt156.wav,wav/vmc2026-track3-sys019-utt155.wav,4.747048143716082
sys012,utt288,wav/vmc2026-track3-sys012-utt288.wav,wav/vmc2026-track3-sys019-utt287.wav,4.239359706537998
sys008,utt144,wav/vmc2026-track3-sys008-utt144.wav,wav/vmc2026-track3-sys019-utt143.wav,3.7764787090412923
sys002,utt198,wav/vmc2026-track3-sys002-utt198.wav,wav/vmc2026-track3-sys019-utt197.wav,4.80319715091069
sys013,utt046,wav/vmc2026-track3-sys013-utt046.wav,wav/vmc2026-track3-sys019-utt045.wav,4.1457152245216395
sys008,utt146,wav/vmc2026-track3-sys008-utt146.wav,wav/vmc2026-track3-sys019-utt145.wav,4.275223997474369
sys008,utt004,wav/vmc2026-track3-sys008-utt004.wav,wav/vmc2026-track3-sys019-utt003.wav,4.564621787216057
sys001,utt218,wav/vmc2026-track3-sys001-utt218.wav,wav/vmc2026-track3-sys019-utt217.wav,4.785070621126281
sys012,utt090,wav/vmc2026-track3-sys012-utt090.wav,wav/vmc2026-track3-sys019-utt089.wav,3.622029971640182
sys008,utt158,wav/vmc2026-track3-sys008-utt158.wav,wav/vmc2026-track3-sys019-utt157.wav,4.781015429772266
sys023,utt196,wav/vmc2026-track3-sys023-utt196.wav,wav/vmc2026-track3-sys019-utt195.wav,4.422473814020406
sys011,utt198,wav/vmc2026-track3-sys011-utt198.wav,wav/vmc2026-track3-sys019-utt197.wav,4.70316263842115
sys008,utt302,wav/vmc2026-track3-sys008-utt302.wav,wav/vmc2026-track3-sys019-utt301.wav,4.645191549173052
sys026,utt222,wav/vmc2026-track3-sys026-utt222.wav,wav/vmc2026-track3-sys019-utt221.wav,4.00173200912745
sys026,utt090,wav/vmc2026-track3-sys026-utt090.wav,wav/vmc2026-track3-sys019-utt089.wav,3.31920443705304
sys014,utt160,wav/vmc2026-track3-sys014-utt160.wav,wav/vmc2026-track3-sys019-utt159.wav,4.540880547394485
sys010,utt064,wav/vmc2026-track3-sys010-utt064.wav,wav/vmc2026-track3-sys019-utt063.wav,4.071862363213758
sys012,utt018,wav/vmc2026-track3-sys012-utt018.wav,wav/vmc2026-track3-sys019-utt017.wav,3.8432586265673714
sys006,utt200,wav/vmc2026-track3-sys006-utt200.wav,wav/vmc2026-track3-sys019-utt199.wav,4.836443248201296
sys018,utt312,wav/vmc2026-track3-sys018-utt312.wav,wav/vmc2026-track3-sys019-utt311.wav,3.9327352730275145
sys026,utt186,wav/vmc2026-track3-sys026-utt186.wav,wav/vmc2026-track3-sys019-utt185.wav,3.97683470156603
sys023,utt246,wav/vmc2026-track3-sys023-utt246.wav,wav/vmc2026-track3-sys019-utt245.wav,4.313077741293226
sys010,utt006,wav/vmc2026-track3-sys010-utt006.wav,wav/vmc2026-track3-sys019-utt005.wav,4.032507446165981
sys001,utt110,wav/vmc2026-track3-sys001-utt110.wav,wav/vmc2026-track3-sys019-utt109.wav,4.096967401478512
sys014,utt236,wav/vmc2026-track3-sys014-utt236.wav,wav/vmc2026-track3-sys019-utt235.wav,4.1177150470476
sys012,utt272,wav/vmc2026-track3-sys012-utt272.wav,wav/vmc2026-track3-sys019-utt271.wav,3.8203452175041073
sys002,utt204,wav/vmc2026-track3-sys002-utt204.wav,wav/vmc2026-track3-sys019-utt203.wav,4.253021765830766
sys007,utt298,wav/vmc2026-track3-sys007-utt298.wav,wav/vmc2026-track3-sys019-utt297.wav,4.251023809153819
sys016,utt106,wav/vmc2026-track3-sys016-utt106.wav,wav/vmc2026-track3-sys019-utt105.wav,3.6427851746149016
sys008,utt014,wav/vmc2026-track3-sys008-utt014.wav,wav/vmc2026-track3-sys019-utt013.wav,4.4247137318865954
sys025,utt082,wav/vmc2026-track3-sys025-utt082.wav,wav/vmc2026-track3-sys019-utt081.wav,3.1942714668782295
sys006,utt300,wav/vmc2026-track3-sys006-utt300.wav,wav/vmc2026-track3-sys019-utt299.wav,4.449058219665071
sys025,utt286,wav/vmc2026-track3-sys025-utt286.wav,wav/vmc2026-track3-sys019-utt285.wav,3.5065469793348982
sys017,utt284,wav/vmc2026-track3-sys017-utt284.wav,wav/vmc2026-track3-sys019-utt283.wav,4.037907652002882
sys006,utt182,wav/vmc2026-track3-sys006-utt182.wav,wav/vmc2026-track3-sys019-utt181.wav,4.463545676403608
sys012,utt178,wav/vmc2026-track3-sys012-utt178.wav,wav/vmc2026-track3-sys019-utt177.wav,4.0168384785903335
sys016,utt070,wav/vmc2026-track3-sys016-utt070.wav,wav/vmc2026-track3-sys019-utt069.wav,3.104163158755697
sys006,utt122,wav/vmc2026-track3-sys006-utt122.wav,wav/vmc2026-track3-sys019-utt121.wav,4.43653909667905
sys011,utt298,wav/vmc2026-track3-sys011-utt298.wav,wav/vmc2026-track3-sys019-utt297.wav,4.089699239962133
sys006,utt026,wav/vmc2026-track3-sys006-utt026.wav,wav/vmc2026-track3-sys019-utt025.wav,4.248388807794568
sys012,utt116,wav/vmc2026-track3-sys012-utt116.wav,wav/vmc2026-track3-sys019-utt115.wav,3.1151191688313715
sys023,utt248,wav/vmc2026-track3-sys023-utt248.wav,wav/vmc2026-track3-sys019-utt247.wav,4.41689518535508
sys018,utt288,wav/vmc2026-track3-sys018-utt288.wav,wav/vmc2026-track3-sys019-utt287.wav,3.4613467683094683
sys012,utt198,wav/vmc2026-track3-sys012-utt198.wav,wav/vmc2026-track3-sys019-utt197.wav,4.345494928822267
sys014,utt192,wav/vmc2026-track3-sys014-utt192.wav,wav/vmc2026-track3-sys019-utt191.wav,4.539996482413783
sys017,utt242,wav/vmc2026-track3-sys017-utt242.wav,wav/vmc2026-track3-sys019-utt241.wav,3.7908306700706675
sys010,utt210,wav/vmc2026-track3-sys010-utt210.wav,wav/vmc2026-track3-sys019-utt209.wav,3.9674284494186782
sys024,utt134,wav/vmc2026-track3-sys024-utt134.wav,wav/vmc2026-track3-sys019-utt133.wav,3.685184176926265
sys013,utt090,wav/vmc2026-track3-sys013-utt090.wav,wav/vmc2026-track3-sys019-utt089.wav,3.6458606035852896
sys006,utt160,wav/vmc2026-track3-sys006-utt160.wav,wav/vmc2026-track3-sys019-utt159.wav,4.713765801901602
sys020,utt276,wav/vmc2026-track3-sys020-utt276.wav,wav/vmc2026-track3-sys019-utt275.wav,3.6707801891417082
sys017,utt214,wav/vmc2026-track3-sys017-utt214.wav,wav/vmc2026-track3-sys019-utt213.wav,4.367945837016233
sys016,utt286,wav/vmc2026-track3-sys016-utt286.wav,wav/vmc2026-track3-sys019-utt285.wav,3.8569422152553408
sys013,utt138,wav/vmc2026-track3-sys013-utt138.wav,wav/vmc2026-track3-sys019-utt137.wav,3.6520245199150256
sys024,utt264,wav/vmc2026-track3-sys024-utt264.wav,wav/vmc2026-track3-sys019-utt263.wav,4.444755531326122
sys024,utt114,wav/vmc2026-track3-sys024-utt114.wav,wav/vmc2026-track3-sys019-utt113.wav,3.6710616535505562
sys024,utt206,wav/vmc2026-track3-sys024-utt206.wav,wav/vmc2026-track3-sys019-utt205.wav,3.925132391416952
sys014,utt084,wav/vmc2026-track3-sys014-utt084.wav,wav/vmc2026-track3-sys019-utt083.wav,4.26532401909285
sys006,utt042,wav/vmc2026-track3-sys006-utt042.wav,wav/vmc2026-track3-sys019-utt041.wav,4.657896695930155
sys010,utt250,wav/vmc2026-track3-sys010-utt250.wav,wav/vmc2026-track3-sys019-utt249.wav,4.433023846848863
sys026,utt232,wav/vmc2026-track3-sys026-utt232.wav,wav/vmc2026-track3-sys019-utt231.wav,4.3065142873001
sys025,utt298,wav/vmc2026-track3-sys025-utt298.wav,wav/vmc2026-track3-sys019-utt297.wav,3.785302706214964
sys026,utt270,wav/vmc2026-track3-sys026-utt270.wav,wav/vmc2026-track3-sys019-utt269.wav,4.193571832922844
sys002,utt086,wav/vmc2026-track3-sys002-utt086.wav,wav/vmc2026-track3-sys019-utt085.wav,4.18304596043341
sys022,utt202,wav/vmc2026-track3-sys022-utt202.wav,wav/vmc2026-track3-sys019-utt201.wav,3.6566356044425814
sys008,utt228,wav/vmc2026-track3-sys008-utt228.wav,wav/vmc2026-track3-sys019-utt227.wav,4.716993784979554
sys013,utt244,wav/vmc2026-track3-sys013-utt244.wav,wav/vmc2026-track3-sys019-utt243.wav,4.33502722155372
sys020,utt078,wav/vmc2026-track3-sys020-utt078.wav,wav/vmc2026-track3-sys019-utt077.wav,3.782763118219215
sys010,utt286,wav/vmc2026-track3-sys010-utt286.wav,wav/vmc2026-track3-sys019-utt285.wav,3.621517652704727
sys010,utt148,wav/vmc2026-track3-sys010-utt148.wav,wav/vmc2026-track3-sys019-utt147.wav,3.670824379677686
sys002,utt304,wav/vmc2026-track3-sys002-utt304.wav,wav/vmc2026-track3-sys019-utt303.wav,4.412291128557634
sys008,utt038,wav/vmc2026-track3-sys008-utt038.wav,wav/vmc2026-track3-sys019-utt037.wav,3.765431179058893
sys018,utt084,wav/vmc2026-track3-sys018-utt084.wav,wav/vmc2026-track3-sys019-utt083.wav,3.531712987399307
sys009,utt044,wav/vmc2026-track3-sys009-utt044.wav,wav/vmc2026-track3-sys019-utt043.wav,4.27140337230149
sys023,utt282,wav/vmc2026-track3-sys023-utt282.wav,wav/vmc2026-track3-sys019-utt281.wav,4.596597435625414
sys014,utt062,wav/vmc2026-track3-sys014-utt062.wav,wav/vmc2026-track3-sys019-utt061.wav,4.259146697068315
sys017,utt018,wav/vmc2026-track3-sys017-utt018.wav,wav/vmc2026-track3-sys019-utt017.wav,3.840853354823686
sys022,utt136,wav/vmc2026-track3-sys022-utt136.wav,wav/vmc2026-track3-sys019-utt135.wav,3.3410506081411593
sys018,utt234,wav/vmc2026-track3-sys018-utt234.wav,wav/vmc2026-track3-sys019-utt233.wav,3.173560553527276
sys014,utt212,wav/vmc2026-track3-sys014-utt212.wav,wav/vmc2026-track3-sys019-utt211.wav,4.530441936555327
sys024,utt236,wav/vmc2026-track3-sys024-utt236.wav,wav/vmc2026-track3-sys019-utt235.wav,4.004673399529057
sys009,utt118,wav/vmc2026-track3-sys009-utt118.wav,wav/vmc2026-track3-sys019-utt117.wav,4.4752110352490755
sys006,utt220,wav/vmc2026-track3-sys006-utt220.wav,wav/vmc2026-track3-sys019-utt219.wav,4.489044379231905
sys012,utt292,wav/vmc2026-track3-sys012-utt292.wav,wav/vmc2026-track3-sys019-utt291.wav,4.3868114919082615
sys013,utt086,wav/vmc2026-track3-sys013-utt086.wav,wav/vmc2026-track3-sys019-utt085.wav,3.858112383780887
sys012,utt216,wav/vmc2026-track3-sys012-utt216.wav,wav/vmc2026-track3-sys019-utt215.wav,4.526979555720735
sys020,utt232,wav/vmc2026-track3-sys020-utt232.wav,wav/vmc2026-track3-sys019-utt231.wav,3.4908426382755944
sys007,utt174,wav/vmc2026-track3-sys007-utt174.wav,wav/vmc2026-track3-sys019-utt173.wav,3.849201416954862
sys016,utt228,wav/vmc2026-track3-sys016-utt228.wav,wav/vmc2026-track3-sys019-utt227.wav,3.670039643675927
sys025,utt010,wav/vmc2026-track3-sys025-utt010.wav,wav/vmc2026-track3-sys019-utt009.wav,3.801310890161315
sys014,utt158,wav/vmc2026-track3-sys014-utt158.wav,wav/vmc2026-track3-sys019-utt157.wav,4.676877521410614
sys002,utt178,wav/vmc2026-track3-sys002-utt178.wav,wav/vmc2026-track3-sys019-utt177.wav,4.183317878389839
sys025,utt032,wav/vmc2026-track3-sys025-utt032.wav,wav/vmc2026-track3-sys019-utt031.wav,3.5169636347084574
sys001,utt232,wav/vmc2026-track3-sys001-utt232.wav,wav/vmc2026-track3-sys019-utt231.wav,4.034381745983498
sys026,utt008,wav/vmc2026-track3-sys026-utt008.wav,wav/vmc2026-track3-sys019-utt007.wav,4.115362036616467
sys005,utt300,wav/vmc2026-track3-sys005-utt300.wav,wav/vmc2026-track3-sys019-utt299.wav,3.9826403989185297
sys001,utt102,wav/vmc2026-track3-sys001-utt102.wav,wav/vmc2026-track3-sys019-utt101.wav,3.8247166005767186
sys026,utt236,wav/vmc2026-track3-sys026-utt236.wav,wav/vmc2026-track3-sys019-utt235.wav,4.0910756542452855
sys020,utt048,wav/vmc2026-track3-sys020-utt048.wav,wav/vmc2026-track3-sys019-utt047.wav,3.3212345198952415
sys012,utt128,wav/vmc2026-track3-sys012-utt128.wav,wav/vmc2026-track3-sys019-utt127.wav,4.291792163813914
sys013,utt206,wav/vmc2026-track3-sys013-utt206.wav,wav/vmc2026-track3-sys019-utt205.wav,3.8104859801515425
sys013,utt118,wav/vmc2026-track3-sys013-utt118.wav,wav/vmc2026-track3-sys019-utt117.wav,3.9237434314032957
sys009,utt176,wav/vmc2026-track3-sys009-utt176.wav,wav/vmc2026-track3-sys019-utt175.wav,4.208078271801524
sys014,utt222,wav/vmc2026-track3-sys014-utt222.wav,wav/vmc2026-track3-sys019-utt221.wav,4.5150475999690185
sys002,utt142,wav/vmc2026-track3-sys002-utt142.wav,wav/vmc2026-track3-sys019-utt141.wav,3.8274870778787498
sys011,utt110,wav/vmc2026-track3-sys011-utt110.wav,wav/vmc2026-track3-sys019-utt109.wav,3.9875598727529216
sys011,utt008,wav/vmc2026-track3-sys011-utt008.wav,wav/vmc2026-track3-sys019-utt007.wav,4.076842995346609
sys024,utt280,wav/vmc2026-track3-sys024-utt280.wav,wav/vmc2026-track3-sys019-utt279.wav,4.4305369612350125
sys014,utt042,wav/vmc2026-track3-sys014-utt042.wav,wav/vmc2026-track3-sys019-utt041.wav,4.376710022431896
sys024,utt282,wav/vmc2026-track3-sys024-utt282.wav,wav/vmc2026-track3-sys019-utt281.wav,4.24768409655342
sys008,utt194,wav/vmc2026-track3-sys008-utt194.wav,wav/vmc2026-track3-sys019-utt193.wav,4.673123694617132
sys020,utt016,wav/vmc2026-track3-sys020-utt016.wav,wav/vmc2026-track3-sys019-utt015.wav,2.875074411757458
sys009,utt194,wav/vmc2026-track3-sys009-utt194.wav,wav/vmc2026-track3-sys019-utt193.wav,4.571175650693158
sys008,utt242,wav/vmc2026-track3-sys008-utt242.wav,wav/vmc2026-track3-sys019-utt241.wav,4.534300770252459
sys001,utt202,wav/vmc2026-track3-sys001-utt202.wav,wav/vmc2026-track3-sys019-utt201.wav,3.9556897603037995
sys020,utt156,wav/vmc2026-track3-sys020-utt156.wav,wav/vmc2026-track3-sys019-utt155.wav,4.102644515396327
sys012,utt126,wav/vmc2026-track3-sys012-utt126.wav,wav/vmc2026-track3-sys019-utt125.wav,4.388585166435222
sys009,utt234,wav/vmc2026-track3-sys009-utt234.wav,wav/vmc2026-track3-sys019-utt233.wav,4.6963993975258465
sys022,utt138,wav/vmc2026-track3-sys022-utt138.wav,wav/vmc2026-track3-sys019-utt137.wav,3.3897190946862805
sys009,utt158,wav/vmc2026-track3-sys009-utt158.wav,wav/vmc2026-track3-sys019-utt157.wav,4.7187865427600935
sys008,utt080,wav/vmc2026-track3-sys008-utt080.wav,wav/vmc2026-track3-sys019-utt079.wav,3.9879491170889807
sys005,utt124,wav/vmc2026-track3-sys005-utt124.wav,wav/vmc2026-track3-sys019-utt123.wav,3.5556402126314794
sys012,utt302,wav/vmc2026-track3-sys012-utt302.wav,wav/vmc2026-track3-sys019-utt301.wav,3.6940767680719206
sys023,utt268,wav/vmc2026-track3-sys023-utt268.wav,wav/vmc2026-track3-sys019-utt267.wav,4.462113449479956
sys025,utt118,wav/vmc2026-track3-sys025-utt118.wav,wav/vmc2026-track3-sys019-utt117.wav,3.3329868437160974
sys001,utt300,wav/vmc2026-track3-sys001-utt300.wav,wav/vmc2026-track3-sys019-utt299.wav,4.129612685498178
sys026,utt276,wav/vmc2026-track3-sys026-utt276.wav,wav/vmc2026-track3-sys019-utt275.wav,3.9947619884611245
sys023,utt112,wav/vmc2026-track3-sys023-utt112.wav,wav/vmc2026-track3-sys019-utt111.wav,3.776501769234899
sys023,utt296,wav/vmc2026-track3-sys023-utt296.wav,wav/vmc2026-track3-sys019-utt295.wav,4.546092956637246
sys009,utt290,wav/vmc2026-track3-sys009-utt290.wav,wav/vmc2026-track3-sys019-utt289.wav,4.38356154073071
sys025,utt108,wav/vmc2026-track3-sys025-utt108.wav,wav/vmc2026-track3-sys019-utt107.wav,3.1831687724255824
sys008,utt198,wav/vmc2026-track3-sys008-utt198.wav,wav/vmc2026-track3-sys019-utt197.wav,4.677516067806991
sys001,utt236,wav/vmc2026-track3-sys001-utt236.wav,wav/vmc2026-track3-sys019-utt235.wav,3.4963824150277545
sys009,utt024,wav/vmc2026-track3-sys009-utt024.wav,wav/vmc2026-track3-sys019-utt023.wav,4.740471794180311
sys002,utt014,wav/vmc2026-track3-sys002-utt014.wav,wav/vmc2026-track3-sys019-utt013.wav,4.220778439491842
sys018,utt146,wav/vmc2026-track3-sys018-utt146.wav,wav/vmc2026-track3-sys019-utt145.wav,3.6480335858706883
sys020,utt204,wav/vmc2026-track3-sys020-utt204.wav,wav/vmc2026-track3-sys019-utt203.wav,3.283113001714822
sys008,utt082,wav/vmc2026-track3-sys008-utt082.wav,wav/vmc2026-track3-sys019-utt081.wav,3.355396022559523
sys001,utt308,wav/vmc2026-track3-sys001-utt308.wav,wav/vmc2026-track3-sys019-utt307.wav,4.287405263164895
sys005,utt196,wav/vmc2026-track3-sys005-utt196.wav,wav/vmc2026-track3-sys019-utt195.wav,3.946271229506319
sys022,utt318,wav/vmc2026-track3-sys022-utt318.wav,wav/vmc2026-track3-sys019-utt317.wav,4.154225534096062
sys005,utt044,wav/vmc2026-track3-sys005-utt044.wav,wav/vmc2026-track3-sys019-utt043.wav,3.9003352353366
sys001,utt316,wav/vmc2026-track3-sys001-utt316.wav,wav/vmc2026-track3-sys019-utt315.wav,3.849566211440896
sys007,utt280,wav/vmc2026-track3-sys007-utt280.wav,wav/vmc2026-track3-sys019-utt279.wav,4.244004312062307
sys009,utt228,wav/vmc2026-track3-sys009-utt228.wav,wav/vmc2026-track3-sys019-utt227.wav,4.744421369911234
sys024,utt178,wav/vmc2026-track3-sys024-utt178.wav,wav/vmc2026-track3-sys019-utt177.wav,3.8257667800035464
sys008,utt012,wav/vmc2026-track3-sys008-utt012.wav,wav/vmc2026-track3-sys019-utt011.wav,4.350503810337493
sys018,utt250,wav/vmc2026-track3-sys018-utt250.wav,wav/vmc2026-track3-sys019-utt249.wav,4.161265367194815
sys005,utt062,wav/vmc2026-track3-sys005-utt062.wav,wav/vmc2026-track3-sys019-utt061.wav,4.166105919946622
sys017,utt282,wav/vmc2026-track3-sys017-utt282.wav,wav/vmc2026-track3-sys019-utt281.wav,4.071106684710341
sys018,utt038,wav/vmc2026-track3-sys018-utt038.wav,wav/vmc2026-track3-sys019-utt037.wav,3.5520104049637404
sys026,utt146,wav/vmc2026-track3-sys026-utt146.wav,wav/vmc2026-track3-sys019-utt145.wav,3.677015879554308
sys017,utt074,wav/vmc2026-track3-sys017-utt074.wav,wav/vmc2026-track3-sys019-utt073.wav,4.032929117492826
sys018,utt278,wav/vmc2026-track3-sys018-utt278.wav,wav/vmc2026-track3-sys019-utt277.wav,3.9453264949292506
sys022,utt132,wav/vmc2026-track3-sys022-utt132.wav,wav/vmc2026-track3-sys019-utt131.wav,3.4035375773904692
sys025,utt182,wav/vmc2026-track3-sys025-utt182.wav,wav/vmc2026-track3-sys019-utt181.wav,3.649110465423789
sys014,utt216,wav/vmc2026-track3-sys014-utt216.wav,wav/vmc2026-track3-sys019-utt215.wav,4.574670262350828
sys017,utt310,wav/vmc2026-track3-sys017-utt310.wav,wav/vmc2026-track3-sys019-utt309.wav,4.124723611888067
sys023,utt022,wav/vmc2026-track3-sys023-utt022.wav,wav/vmc2026-track3-sys019-utt021.wav,4.3342183517643065
sys007,utt132,wav/vmc2026-track3-sys007-utt132.wav,wav/vmc2026-track3-sys019-utt131.wav,3.1943399847381215
sys024,utt232,wav/vmc2026-track3-sys024-utt232.wav,wav/vmc2026-track3-sys019-utt231.wav,4.143702538081203
sys009,utt088,wav/vmc2026-track3-sys009-utt088.wav,wav/vmc2026-track3-sys019-utt087.wav,4.260765424450687
sys013,utt124,wav/vmc2026-track3-sys013-utt124.wav,wav/vmc2026-track3-sys019-utt123.wav,4.12744765880039
sys026,utt316,wav/vmc2026-track3-sys026-utt316.wav,wav/vmc2026-track3-sys019-utt315.wav,4.206366436549262
sys026,utt134,wav/vmc2026-track3-sys026-utt134.wav,wav/vmc2026-track3-sys019-utt133.wav,3.8331398036221436
sys026,utt206,wav/vmc2026-track3-sys026-utt206.wav,wav/vmc2026-track3-sys019-utt205.wav,4.101216531693189
sys010,utt036,wav/vmc2026-track3-sys010-utt036.wav,wav/vmc2026-track3-sys019-utt035.wav,3.240674201536989
sys010,utt126,wav/vmc2026-track3-sys010-utt126.wav,wav/vmc2026-track3-sys019-utt125.wav,4.146257576136212
sys001,utt290,wav/vmc2026-track3-sys001-utt290.wav,wav/vmc2026-track3-sys019-utt289.wav,3.825033821083617
sys016,utt068,wav/vmc2026-track3-sys016-utt068.wav,wav/vmc2026-track3-sys019-utt067.wav,3.696113166895443
sys017,utt160,wav/vmc2026-track3-sys017-utt160.wav,wav/vmc2026-track3-sys019-utt159.wav,4.516765992935282
sys012,utt138,wav/vmc2026-track3-sys012-utt138.wav,wav/vmc2026-track3-sys019-utt137.wav,3.2348706021124065
sys024,utt196,wav/vmc2026-track3-sys024-utt196.wav,wav/vmc2026-track3-sys019-utt195.wav,4.606716201992608
sys026,utt030,wav/vmc2026-track3-sys026-utt030.wav,wav/vmc2026-track3-sys019-utt029.wav,4.287039508632899
sys006,utt014,wav/vmc2026-track3-sys006-utt014.wav,wav/vmc2026-track3-sys019-utt013.wav,4.254755525020402
sys023,utt298,wav/vmc2026-track3-sys023-utt298.wav,wav/vmc2026-track3-sys019-utt297.wav,4.762204353279345
sys008,utt280,wav/vmc2026-track3-sys008-utt280.wav,wav/vmc2026-track3-sys019-utt279.wav,4.518946463440267
sys008,utt122,wav/vmc2026-track3-sys008-utt122.wav,wav/vmc2026-track3-sys019-utt121.wav,4.24543399767343
sys017,utt044,wav/vmc2026-track3-sys017-utt044.wav,wav/vmc2026-track3-sys019-utt043.wav,4.1638342622434905
sys008,utt292,wav/vmc2026-track3-sys008-utt292.wav,wav/vmc2026-track3-sys019-utt291.wav,4.621699809499575
sys011,utt156,wav/vmc2026-track3-sys011-utt156.wav,wav/vmc2026-track3-sys019-utt155.wav,4.720731351610031
sys010,utt110,wav/vmc2026-track3-sys010-utt110.wav,wav/vmc2026-track3-sys019-utt109.wav,4.140092167105863
sys018,utt020,wav/vmc2026-track3-sys018-utt020.wav,wav/vmc2026-track3-sys019-utt019.wav,3.0284856184754805
sys013,utt026,wav/vmc2026-track3-sys013-utt026.wav,wav/vmc2026-track3-sys019-utt025.wav,4.070125200332626
sys013,utt212,wav/vmc2026-track3-sys013-utt212.wav,wav/vmc2026-track3-sys019-utt211.wav,4.148504538426652
sys025,utt086,wav/vmc2026-track3-sys025-utt086.wav,wav/vmc2026-track3-sys019-utt085.wav,3.6461216693783984
sys024,utt234,wav/vmc2026-track3-sys024-utt234.wav,wav/vmc2026-track3-sys019-utt233.wav,3.7881368652156238
sys022,utt006,wav/vmc2026-track3-sys022-utt006.wav,wav/vmc2026-track3-sys019-utt005.wav,3.857884970886088
sys011,utt182,wav/vmc2026-track3-sys011-utt182.wav,wav/vmc2026-track3-sys019-utt181.wav,4.580464390621767
sys016,utt078,wav/vmc2026-track3-sys016-utt078.wav,wav/vmc2026-track3-sys019-utt077.wav,3.939689317813004
sys011,utt292,wav/vmc2026-track3-sys011-utt292.wav,wav/vmc2026-track3-sys019-utt291.wav,4.327417844642014
sys011,utt148,wav/vmc2026-track3-sys011-utt148.wav,wav/vmc2026-track3-sys019-utt147.wav,4.076183698810022
sys001,utt070,wav/vmc2026-track3-sys001-utt070.wav,wav/vmc2026-track3-sys019-utt069.wav,4.082388355002306
sys001,utt306,wav/vmc2026-track3-sys001-utt306.wav,wav/vmc2026-track3-sys019-utt305.wav,4.176069180668922
sys009,utt264,wav/vmc2026-track3-sys009-utt264.wav,wav/vmc2026-track3-sys019-utt263.wav,4.311852967295818
sys006,utt270,wav/vmc2026-track3-sys006-utt270.wav,wav/vmc2026-track3-sys019-utt269.wav,4.363814968978563
sys022,utt226,wav/vmc2026-track3-sys022-utt226.wav,wav/vmc2026-track3-sys019-utt225.wav,4.335259630627871
sys026,utt140,wav/vmc2026-track3-sys026-utt140.wav,wav/vmc2026-track3-sys019-utt139.wav,2.9852306801583506
sys008,utt036,wav/vmc2026-track3-sys008-utt036.wav,wav/vmc2026-track3-sys019-utt035.wav,3.9183736864401753
sys026,utt012,wav/vmc2026-track3-sys026-utt012.wav,wav/vmc2026-track3-sys019-utt011.wav,4.428129522170813
sys026,utt150,wav/vmc2026-track3-sys026-utt150.wav,wav/vmc2026-track3-sys019-utt149.wav,3.9455934805476587
sys026,utt074,wav/vmc2026-track3-sys026-utt074.wav,wav/vmc2026-track3-sys019-utt073.wav,4.141668631501298
sys009,utt236,wav/vmc2026-track3-sys009-utt236.wav,wav/vmc2026-track3-sys019-utt235.wav,4.228121844465694
sys005,utt182,wav/vmc2026-track3-sys005-utt182.wav,wav/vmc2026-track3-sys019-utt181.wav,3.7103690123817814
sys018,utt064,wav/vmc2026-track3-sys018-utt064.wav,wav/vmc2026-track3-sys019-utt063.wav,3.3067322656060654
sys022,utt050,wav/vmc2026-track3-sys022-utt050.wav,wav/vmc2026-track3-sys019-utt049.wav,4.337528069750484
sys011,utt202,wav/vmc2026-track3-sys011-utt202.wav,wav/vmc2026-track3-sys019-utt201.wav,4.019496328721522
sys025,utt050,wav/vmc2026-track3-sys025-utt050.wav,wav/vmc2026-track3-sys019-utt049.wav,3.8194121949868345
sys022,utt274,wav/vmc2026-track3-sys022-utt274.wav,wav/vmc2026-track3-sys019-utt273.wav,4.520122473713006
sys012,utt030,wav/vmc2026-track3-sys012-utt030.wav,wav/vmc2026-track3-sys019-utt029.wav,4.267345652163791
sys011,utt124,wav/vmc2026-track3-sys011-utt124.wav,wav/vmc2026-track3-sys019-utt123.wav,4.050694330413888
sys007,utt192,wav/vmc2026-track3-sys007-utt192.wav,wav/vmc2026-track3-sys019-utt191.wav,4.306907019236962
sys023,utt184,wav/vmc2026-track3-sys023-utt184.wav,wav/vmc2026-track3-sys019-utt183.wav,4.282510961579954
sys023,utt290,wav/vmc2026-track3-sys023-utt290.wav,wav/vmc2026-track3-sys019-utt289.wav,4.098758713770317
sys008,utt104,wav/vmc2026-track3-sys008-utt104.wav,wav/vmc2026-track3-sys019-utt103.wav,4.2768369583104215
sys025,utt136,wav/vmc2026-track3-sys025-utt136.wav,wav/vmc2026-track3-sys019-utt135.wav,3.25525764830874
sys013,utt172,wav/vmc2026-track3-sys013-utt172.wav,wav/vmc2026-track3-sys019-utt171.wav,4.002447895739113
sys024,utt124,wav/vmc2026-track3-sys024-utt124.wav,wav/vmc2026-track3-sys019-utt123.wav,3.919956630529651
sys013,utt012,wav/vmc2026-track3-sys013-utt012.wav,wav/vmc2026-track3-sys019-utt011.wav,4.221473694817026
sys014,utt288,wav/vmc2026-track3-sys014-utt288.wav,wav/vmc2026-track3-sys019-utt287.wav,4.3539096710751455
sys016,utt206,wav/vmc2026-track3-sys016-utt206.wav,wav/vmc2026-track3-sys019-utt205.wav,3.348713823014972
sys024,utt246,wav/vmc2026-track3-sys024-utt246.wav,wav/vmc2026-track3-sys019-utt245.wav,4.242441483702582
sys017,utt082,wav/vmc2026-track3-sys017-utt082.wav,wav/vmc2026-track3-sys019-utt081.wav,3.1621117662629814
sys014,utt118,wav/vmc2026-track3-sys014-utt118.wav,wav/vmc2026-track3-sys019-utt117.wav,4.243855791661438
sys025,utt026,wav/vmc2026-track3-sys025-utt026.wav,wav/vmc2026-track3-sys019-utt025.wav,4.004669160409777
sys017,utt316,wav/vmc2026-track3-sys017-utt316.wav,wav/vmc2026-track3-sys019-utt315.wav,3.9715000556739306
sys020,utt310,wav/vmc2026-track3-sys020-utt310.wav,wav/vmc2026-track3-sys019-utt309.wav,3.7463010101948067
sys018,utt110,wav/vmc2026-track3-sys018-utt110.wav,wav/vmc2026-track3-sys019-utt109.wav,3.7817590487116566
sys014,utt028,wav/vmc2026-track3-sys014-utt028.wav,wav/vmc2026-track3-sys019-utt027.wav,4.4700280317321885
sys026,utt266,wav/vmc2026-track3-sys026-utt266.wav,wav/vmc2026-track3-sys019-utt265.wav,4.206630195988653
sys011,utt218,wav/vmc2026-track3-sys011-utt218.wav,wav/vmc2026-track3-sys019-utt217.wav,4.215082597674439
sys002,utt212,wav/vmc2026-track3-sys002-utt212.wav,wav/vmc2026-track3-sys019-utt211.wav,4.603655421612021
sys025,utt122,wav/vmc2026-track3-sys025-utt122.wav,wav/vmc2026-track3-sys019-utt121.wav,3.342192157835669
sys013,utt318,wav/vmc2026-track3-sys013-utt318.wav,wav/vmc2026-track3-sys019-utt317.wav,4.1251307233912025
sys005,utt198,wav/vmc2026-track3-sys005-utt198.wav,wav/vmc2026-track3-sys019-utt197.wav,3.8134293036398677
sys009,utt280,wav/vmc2026-track3-sys009-utt280.wav,wav/vmc2026-track3-sys019-utt279.wav,4.858163895390256
sys016,utt304,wav/vmc2026-track3-sys016-utt304.wav,wav/vmc2026-track3-sys019-utt303.wav,3.63572202562592
sys022,utt270,wav/vmc2026-track3-sys022-utt270.wav,wav/vmc2026-track3-sys019-utt269.wav,4.2279189701591875
sys016,utt040,wav/vmc2026-track3-sys016-utt040.wav,wav/vmc2026-track3-sys019-utt039.wav,3.5708444481601527
sys026,utt204,wav/vmc2026-track3-sys026-utt204.wav,wav/vmc2026-track3-sys019-utt203.wav,3.9712465751588817
sys005,utt206,wav/vmc2026-track3-sys005-utt206.wav,wav/vmc2026-track3-sys019-utt205.wav,3.836878578788314
sys012,utt278,wav/vmc2026-track3-sys012-utt278.wav,wav/vmc2026-track3-sys019-utt277.wav,4.072968591135787
sys007,utt008,wav/vmc2026-track3-sys007-utt008.wav,wav/vmc2026-track3-sys019-utt007.wav,4.048008688288273
sys009,utt018,wav/vmc2026-track3-sys009-utt018.wav,wav/vmc2026-track3-sys019-utt017.wav,4.629881574335258
sys012,utt104,wav/vmc2026-track3-sys012-utt104.wav,wav/vmc2026-track3-sys019-utt103.wav,4.3205186074325965
sys007,utt316,wav/vmc2026-track3-sys007-utt316.wav,wav/vmc2026-track3-sys019-utt315.wav,3.72006561174138
sys025,utt062,wav/vmc2026-track3-sys025-utt062.wav,wav/vmc2026-track3-sys019-utt061.wav,3.8303938778483917
sys022,utt200,wav/vmc2026-track3-sys022-utt200.wav,wav/vmc2026-track3-sys019-utt199.wav,4.5281553771713785
sys001,utt238,wav/vmc2026-track3-sys001-utt238.wav,wav/vmc2026-track3-sys019-utt237.wav,4.446101333718187
sys023,utt212,wav/vmc2026-track3-sys023-utt212.wav,wav/vmc2026-track3-sys019-utt211.wav,4.204449034504624
sys008,utt296,wav/vmc2026-track3-sys008-utt296.wav,wav/vmc2026-track3-sys019-utt295.wav,4.617251873941999
sys018,utt242,wav/vmc2026-track3-sys018-utt242.wav,wav/vmc2026-track3-sys019-utt241.wav,4.048279359179322
sys017,utt144,wav/vmc2026-track3-sys017-utt144.wav,wav/vmc2026-track3-sys019-utt143.wav,3.0643062215360897
sys017,utt288,wav/vmc2026-track3-sys017-utt288.wav,wav/vmc2026-track3-sys019-utt287.wav,3.443299312310487
sys017,utt076,wav/vmc2026-track3-sys017-utt076.wav,wav/vmc2026-track3-sys019-utt075.wav,4.066973449603778
sys007,utt006,wav/vmc2026-track3-sys007-utt006.wav,wav/vmc2026-track3-sys019-utt005.wav,3.710441880157016
sys001,utt274,wav/vmc2026-track3-sys001-utt274.wav,wav/vmc2026-track3-sys019-utt273.wav,4.331625285873131
sys009,utt304,wav/vmc2026-track3-sys009-utt304.wav,wav/vmc2026-track3-sys019-utt303.wav,4.616349355404018
sys010,utt158,wav/vmc2026-track3-sys010-utt158.wav,wav/vmc2026-track3-sys019-utt157.wav,4.228351979551245
sys005,utt154,wav/vmc2026-track3-sys005-utt154.wav,wav/vmc2026-track3-sys019-utt153.wav,4.235201281556417
sys022,utt178,wav/vmc2026-track3-sys022-utt178.wav,wav/vmc2026-track3-sys019-utt177.wav,3.647674228936689
sys023,utt244,wav/vmc2026-track3-sys023-utt244.wav,wav/vmc2026-track3-sys019-utt243.wav,4.747521699618394
sys010,utt122,wav/vmc2026-track3-sys010-utt122.wav,wav/vmc2026-track3-sys019-utt121.wav,3.9471482023924245
sys026,utt248,wav/vmc2026-track3-sys026-utt248.wav,wav/vmc2026-track3-sys019-utt247.wav,4.369425915449274
sys007,utt282,wav/vmc2026-track3-sys007-utt282.wav,wav/vmc2026-track3-sys019-utt281.wav,3.835440059189134
sys008,utt244,wav/vmc2026-track3-sys008-utt244.wav,wav/vmc2026-track3-sys019-utt243.wav,4.795024765133585
sys001,utt284,wav/vmc2026-track3-sys001-utt284.wav,wav/vmc2026-track3-sys019-utt283.wav,4.096884046769314
sys008,utt304,wav/vmc2026-track3-sys008-utt304.wav,wav/vmc2026-track3-sys019-utt303.wav,4.802284184277741
sys026,utt296,wav/vmc2026-track3-sys026-utt296.wav,wav/vmc2026-track3-sys019-utt295.wav,4.344661211694667
sys009,utt078,wav/vmc2026-track3-sys009-utt078.wav,wav/vmc2026-track3-sys019-utt077.wav,4.395094690415846
sys009,utt288,wav/vmc2026-track3-sys009-utt288.wav,wav/vmc2026-track3-sys019-utt287.wav,4.568229419401968
sys006,utt302,wav/vmc2026-track3-sys006-utt302.wav,wav/vmc2026-track3-sys019-utt301.wav,4.50824354975631
sys006,utt246,wav/vmc2026-track3-sys006-utt246.wav,wav/vmc2026-track3-sys019-utt245.wav,4.55427373233197
sys023,utt140,wav/vmc2026-track3-sys023-utt140.wav,wav/vmc2026-track3-sys019-utt139.wav,3.6741740394748197
sys025,utt178,wav/vmc2026-track3-sys025-utt178.wav,wav/vmc2026-track3-sys019-utt177.wav,3.9164300305479656
sys001,utt002,wav/vmc2026-track3-sys001-utt002.wav,wav/vmc2026-track3-sys019-utt001.wav,4.270354511328707
sys013,utt024,wav/vmc2026-track3-sys013-utt024.wav,wav/vmc2026-track3-sys019-utt023.wav,4.333385530918969
sys018,utt136,wav/vmc2026-track3-sys018-utt136.wav,wav/vmc2026-track3-sys019-utt135.wav,3.502938560800636
sys022,utt070,wav/vmc2026-track3-sys022-utt070.wav,wav/vmc2026-track3-sys019-utt069.wav,3.7337091061086363
sys024,utt238,wav/vmc2026-track3-sys024-utt238.wav,wav/vmc2026-track3-sys019-utt237.wav,3.684827571373579
sys013,utt032,wav/vmc2026-track3-sys013-utt032.wav,wav/vmc2026-track3-sys019-utt031.wav,3.6414658981360337
sys014,utt136,wav/vmc2026-track3-sys014-utt136.wav,wav/vmc2026-track3-sys019-utt135.wav,4.565297779765378
sys025,utt078,wav/vmc2026-track3-sys025-utt078.wav,wav/vmc2026-track3-sys019-utt077.wav,4.054331936246122
sys013,utt192,wav/vmc2026-track3-sys013-utt192.wav,wav/vmc2026-track3-sys019-utt191.wav,4.306927619450571
sys012,utt124,wav/vmc2026-track3-sys012-utt124.wav,wav/vmc2026-track3-sys019-utt123.wav,3.8871287917008575
sys020,utt194,wav/vmc2026-track3-sys020-utt194.wav,wav/vmc2026-track3-sys019-utt193.wav,3.3176101274519016
sys011,utt024,wav/vmc2026-track3-sys011-utt024.wav,wav/vmc2026-track3-sys019-utt023.wav,4.349901050533111
sys014,utt244,wav/vmc2026-track3-sys014-utt244.wav,wav/vmc2026-track3-sys019-utt243.wav,4.576949891789472
sys011,utt126,wav/vmc2026-track3-sys011-utt126.wav,wav/vmc2026-track3-sys019-utt125.wav,4.338527508818411
sys009,utt136,wav/vmc2026-track3-sys009-utt136.wav,wav/vmc2026-track3-sys019-utt135.wav,4.602183753737629
sys014,utt226,wav/vmc2026-track3-sys014-utt226.wav,wav/vmc2026-track3-sys019-utt225.wav,4.719737325558219
sys024,utt154,wav/vmc2026-track3-sys024-utt154.wav,wav/vmc2026-track3-sys019-utt153.wav,4.365633241111419
sys005,utt208,wav/vmc2026-track3-sys005-utt208.wav,wav/vmc2026-track3-sys019-utt207.wav,3.777166640819358
sys008,utt076,wav/vmc2026-track3-sys008-utt076.wav,wav/vmc2026-track3-sys019-utt075.wav,4.081424151426867
sys025,utt220,wav/vmc2026-track3-sys025-utt220.wav,wav/vmc2026-track3-sys019-utt219.wav,3.978996058284278
sys002,utt302,wav/vmc2026-track3-sys002-utt302.wav,wav/vmc2026-track3-sys019-utt301.wav,4.530574153010555
sys022,utt292,wav/vmc2026-track3-sys022-utt292.wav,wav/vmc2026-track3-sys019-utt291.wav,3.9883298998965895
sys016,utt046,wav/vmc2026-track3-sys016-utt046.wav,wav/vmc2026-track3-sys019-utt045.wav,3.756785019927294
sys014,utt320,wav/vmc2026-track3-sys014-utt320.wav,wav/vmc2026-track3-sys019-utt319.wav,4.6494666383331165
sys008,utt106,wav/vmc2026-track3-sys008-utt106.wav,wav/vmc2026-track3-sys019-utt105.wav,4.69001974871784
sys023,utt276,wav/vmc2026-track3-sys023-utt276.wav,wav/vmc2026-track3-sys019-utt275.wav,4.322971208105879
sys026,utt136,wav/vmc2026-track3-sys026-utt136.wav,wav/vmc2026-track3-sys019-utt135.wav,3.9011935674915597
sys017,utt246,wav/vmc2026-track3-sys017-utt246.wav,wav/vmc2026-track3-sys019-utt245.wav,4.049396835209499
sys016,utt120,wav/vmc2026-track3-sys016-utt120.wav,wav/vmc2026-track3-sys019-utt119.wav,3.154345823982917
sys002,utt156,wav/vmc2026-track3-sys002-utt156.wav,wav/vmc2026-track3-sys019-utt155.wav,4.8289455598307525
sys002,utt134,wav/vmc2026-track3-sys002-utt134.wav,wav/vmc2026-track3-sys019-utt133.wav,4.158343074501884
sys026,utt274,wav/vmc2026-track3-sys026-utt274.wav,wav/vmc2026-track3-sys019-utt273.wav,4.367072581056697
sys024,utt042,wav/vmc2026-track3-sys024-utt042.wav,wav/vmc2026-track3-sys019-utt041.wav,4.359517902497113
sys007,utt108,wav/vmc2026-track3-sys007-utt108.wav,wav/vmc2026-track3-sys019-utt107.wav,4.193114838164926
sys007,utt088,wav/vmc2026-track3-sys007-utt088.wav,wav/vmc2026-track3-sys019-utt087.wav,3.6032844604179273
sys007,utt292,wav/vmc2026-track3-sys007-utt292.wav,wav/vmc2026-track3-sys019-utt291.wav,3.9292550435424403
sys007,utt020,wav/vmc2026-track3-sys007-utt020.wav,wav/vmc2026-track3-sys019-utt019.wav,3.836259086995732
sys023,utt012,wav/vmc2026-track3-sys023-utt012.wav,wav/vmc2026-track3-sys019-utt011.wav,4.472673793272875
sys009,utt076,wav/vmc2026-track3-sys009-utt076.wav,wav/vmc2026-track3-sys019-utt075.wav,4.169553422220278
sys001,utt230,wav/vmc2026-track3-sys001-utt230.wav,wav/vmc2026-track3-sys019-utt229.wav,4.17357600137583
sys018,utt150,wav/vmc2026-track3-sys018-utt150.wav,wav/vmc2026-track3-sys019-utt149.wav,3.5519888691804904
sys020,utt316,wav/vmc2026-track3-sys020-utt316.wav,wav/vmc2026-track3-sys019-utt315.wav,3.192327777786568
sys002,utt216,wav/vmc2026-track3-sys002-utt216.wav,wav/vmc2026-track3-sys019-utt215.wav,4.5316355810599935
sys012,utt006,wav/vmc2026-track3-sys012-utt006.wav,wav/vmc2026-track3-sys019-utt005.wav,4.271516510721406
sys007,utt036,wav/vmc2026-track3-sys007-utt036.wav,wav/vmc2026-track3-sys019-utt035.wav,2.95867752884328
sys001,utt278,wav/vmc2026-track3-sys001-utt278.wav,wav/vmc2026-track3-sys019-utt277.wav,4.004583974845902
sys011,utt114,wav/vmc2026-track3-sys011-utt114.wav,wav/vmc2026-track3-sys019-utt113.wav,3.147850536446304
sys013,utt320,wav/vmc2026-track3-sys013-utt320.wav,wav/vmc2026-track3-sys019-utt319.wav,4.16322993718767
sys005,utt318,wav/vmc2026-track3-sys005-utt318.wav,wav/vmc2026-track3-sys019-utt317.wav,4.033628182587904
sys020,utt126,wav/vmc2026-track3-sys020-utt126.wav,wav/vmc2026-track3-sys019-utt125.wav,3.5733561253072623
sys005,utt086,wav/vmc2026-track3-sys005-utt086.wav,wav/vmc2026-track3-sys019-utt085.wav,3.6206988756026988
sys006,utt262,wav/vmc2026-track3-sys006-utt262.wav,wav/vmc2026-track3-sys019-utt261.wav,4.60319414510896
sys010,utt284,wav/vmc2026-track3-sys010-utt284.wav,wav/vmc2026-track3-sys019-utt283.wav,3.875464630624332
sys016,utt128,wav/vmc2026-track3-sys016-utt128.wav,wav/vmc2026-track3-sys019-utt127.wav,3.72237267196961
sys025,utt102,wav/vmc2026-track3-sys025-utt102.wav,wav/vmc2026-track3-sys019-utt101.wav,3.8794406614461776
sys025,utt116,wav/vmc2026-track3-sys025-utt116.wav,wav/vmc2026-track3-sys019-utt115.wav,3.3733198348301725
sys010,utt132,wav/vmc2026-track3-sys010-utt132.wav,wav/vmc2026-track3-sys019-utt131.wav,3.7726129185434143
sys017,utt048,wav/vmc2026-track3-sys017-utt048.wav,wav/vmc2026-track3-sys019-utt047.wav,4.253792181047111
sys009,utt144,wav/vmc2026-track3-sys009-utt144.wav,wav/vmc2026-track3-sys019-utt143.wav,4.055611532550744
sys009,utt308,wav/vmc2026-track3-sys009-utt308.wav,wav/vmc2026-track3-sys019-utt307.wav,4.500555185184208
sys007,utt180,wav/vmc2026-track3-sys007-utt180.wav,wav/vmc2026-track3-sys019-utt179.wav,3.666181503357151
sys007,utt250,wav/vmc2026-track3-sys007-utt250.wav,wav/vmc2026-track3-sys019-utt249.wav,4.082822594099318
sys006,utt210,wav/vmc2026-track3-sys006-utt210.wav,wav/vmc2026-track3-sys019-utt209.wav,4.150072998086758
sys024,utt076,wav/vmc2026-track3-sys024-utt076.wav,wav/vmc2026-track3-sys019-utt075.wav,3.251739589249871
sys009,utt002,wav/vmc2026-track3-sys009-utt002.wav,wav/vmc2026-track3-sys019-utt001.wav,4.555163770396479
sys025,utt318,wav/vmc2026-track3-sys025-utt318.wav,wav/vmc2026-track3-sys019-utt317.wav,3.7663314257384477
sys012,utt296,wav/vmc2026-track3-sys012-utt296.wav,wav/vmc2026-track3-sys019-utt295.wav,4.3559609035129885
sys026,utt066,wav/vmc2026-track3-sys026-utt066.wav,wav/vmc2026-track3-sys019-utt065.wav,4.2821778098589975
sys016,utt112,wav/vmc2026-track3-sys016-utt112.wav,wav/vmc2026-track3-sys019-utt111.wav,3.352748885071614
sys012,utt068,wav/vmc2026-track3-sys012-utt068.wav,wav/vmc2026-track3-sys019-utt067.wav,3.7832451904195654
sys013,utt072,wav/vmc2026-track3-sys013-utt072.wav,wav/vmc2026-track3-sys019-utt071.wav,4.080965828715387
sys013,utt064,wav/vmc2026-track3-sys013-utt064.wav,wav/vmc2026-track3-sys019-utt063.wav,4.46743548814848
sys026,utt130,wav/vmc2026-track3-sys026-utt130.wav,wav/vmc2026-track3-sys019-utt129.wav,4.279733626406632
sys022,utt248,wav/vmc2026-track3-sys022-utt248.wav,wav/vmc2026-track3-sys019-utt247.wav,4.331603262781196
sys023,utt318,wav/vmc2026-track3-sys023-utt318.wav,wav/vmc2026-track3-sys019-utt317.wav,4.618420360340732
sys024,utt192,wav/vmc2026-track3-sys024-utt192.wav,wav/vmc2026-track3-sys019-utt191.wav,4.255258937521339
sys008,utt028,wav/vmc2026-track3-sys008-utt028.wav,wav/vmc2026-track3-sys019-utt027.wav,4.444069005952188
sys024,utt156,wav/vmc2026-track3-sys024-utt156.wav,wav/vmc2026-track3-sys019-utt155.wav,4.7437053583606765
sys020,utt090,wav/vmc2026-track3-sys020-utt090.wav,wav/vmc2026-track3-sys019-utt089.wav,3.014595967924915
sys011,utt242,wav/vmc2026-track3-sys011-utt242.wav,wav/vmc2026-track3-sys019-utt241.wav,4.131529255470197
sys013,utt142,wav/vmc2026-track3-sys013-utt142.wav,wav/vmc2026-track3-sys019-utt141.wav,4.062853426368937
sys001,utt184,wav/vmc2026-track3-sys001-utt184.wav,wav/vmc2026-track3-sys019-utt183.wav,3.797366958404865
sys012,utt284,wav/vmc2026-track3-sys012-utt284.wav,wav/vmc2026-track3-sys019-utt283.wav,4.246970995087566
sys007,utt320,wav/vmc2026-track3-sys007-utt320.wav,wav/vmc2026-track3-sys019-utt319.wav,4.047701469222231
sys016,utt312,wav/vmc2026-track3-sys016-utt312.wav,wav/vmc2026-track3-sys019-utt311.wav,3.557215154459323
sys024,utt186,wav/vmc2026-track3-sys024-utt186.wav,wav/vmc2026-track3-sys019-utt185.wav,3.4713955026943397
sys012,utt212,wav/vmc2026-track3-sys012-utt212.wav,wav/vmc2026-track3-sys019-utt211.wav,3.9507422443740565
sys005,utt180,wav/vmc2026-track3-sys005-utt180.wav,wav/vmc2026-track3-sys019-utt179.wav,3.2761645699076394
sys007,utt004,wav/vmc2026-track3-sys007-utt004.wav,wav/vmc2026-track3-sys019-utt003.wav,4.074393536156255
sys023,utt300,wav/vmc2026-track3-sys023-utt300.wav,wav/vmc2026-track3-sys019-utt299.wav,4.6053397922687775
sys024,utt030,wav/vmc2026-track3-sys024-utt030.wav,wav/vmc2026-track3-sys019-utt029.wav,4.143316201389044
sys010,utt028,wav/vmc2026-track3-sys010-utt028.wav,wav/vmc2026-track3-sys019-utt027.wav,4.287778270841344
sys007,utt294,wav/vmc2026-track3-sys007-utt294.wav,wav/vmc2026-track3-sys019-utt293.wav,4.191157858498885
sys020,utt140,wav/vmc2026-track3-sys020-utt140.wav,wav/vmc2026-track3-sys019-utt139.wav,3.308519710509456
sys022,utt048,wav/vmc2026-track3-sys022-utt048.wav,wav/vmc2026-track3-sys019-utt047.wav,4.090645303557895
sys025,utt290,wav/vmc2026-track3-sys025-utt290.wav,wav/vmc2026-track3-sys019-utt289.wav,3.713038160323758
sys022,utt216,wav/vmc2026-track3-sys022-utt216.wav,wav/vmc2026-track3-sys019-utt215.wav,4.542285323180503
sys012,utt158,wav/vmc2026-track3-sys012-utt158.wav,wav/vmc2026-track3-sys019-utt157.wav,3.653233298695983
sys006,utt296,wav/vmc2026-track3-sys006-utt296.wav,wav/vmc2026-track3-sys019-utt295.wav,4.5910594547719334
sys002,utt002,wav/vmc2026-track3-sys002-utt002.wav,wav/vmc2026-track3-sys019-utt001.wav,4.45664255290819
sys014,utt138,wav/vmc2026-track3-sys014-utt138.wav,wav/vmc2026-track3-sys019-utt137.wav,4.340535771601698
sys026,utt072,wav/vmc2026-track3-sys026-utt072.wav,wav/vmc2026-track3-sys019-utt071.wav,3.9027594915529935
sys017,utt102,wav/vmc2026-track3-sys017-utt102.wav,wav/vmc2026-track3-sys019-utt101.wav,3.7364427844883723
sys018,utt128,wav/vmc2026-track3-sys018-utt128.wav,wav/vmc2026-track3-sys019-utt127.wav,3.4237485810916644
sys009,utt140,wav/vmc2026-track3-sys009-utt140.wav,wav/vmc2026-track3-sys019-utt139.wav,3.9710300858220817
sys018,utt248,wav/vmc2026-track3-sys018-utt248.wav,wav/vmc2026-track3-sys019-utt247.wav,4.551215023985481
sys020,utt226,wav/vmc2026-track3-sys020-utt226.wav,wav/vmc2026-track3-sys019-utt225.wav,3.804779961219518
sys001,utt118,wav/vmc2026-track3-sys001-utt118.wav,wav/vmc2026-track3-sys019-utt117.wav,3.8443283169536433
sys026,utt018,wav/vmc2026-track3-sys026-utt018.wav,wav/vmc2026-track3-sys019-utt017.wav,4.259490059859193
sys018,utt076,wav/vmc2026-track3-sys018-utt076.wav,wav/vmc2026-track3-sys019-utt075.wav,3.942290875422381
sys002,utt226,wav/vmc2026-track3-sys002-utt226.wav,wav/vmc2026-track3-sys019-utt225.wav,4.767549574980598
sys020,utt138,wav/vmc2026-track3-sys020-utt138.wav,wav/vmc2026-track3-sys019-utt137.wav,3.649789509556049
sys006,utt266,wav/vmc2026-track3-sys006-utt266.wav,wav/vmc2026-track3-sys019-utt265.wav,4.525355549427455
sys020,utt242,wav/vmc2026-track3-sys020-utt242.wav,wav/vmc2026-track3-sys019-utt241.wav,3.761834969305504
sys026,utt034,wav/vmc2026-track3-sys026-utt034.wav,wav/vmc2026-track3-sys019-utt033.wav,3.8940996844752718
sys010,utt062,wav/vmc2026-track3-sys010-utt062.wav,wav/vmc2026-track3-sys019-utt061.wav,3.9669805571353534
sys010,utt042,wav/vmc2026-track3-sys010-utt042.wav,wav/vmc2026-track3-sys019-utt041.wav,4.514240697442515
sys016,utt022,wav/vmc2026-track3-sys016-utt022.wav,wav/vmc2026-track3-sys019-utt021.wav,3.968027401622761
sys011,utt246,wav/vmc2026-track3-sys011-utt246.wav,wav/vmc2026-track3-sys019-utt245.wav,3.800300535937246
sys018,utt086,wav/vmc2026-track3-sys018-utt086.wav,wav/vmc2026-track3-sys019-utt085.wav,3.4165997626529863
sys010,utt026,wav/vmc2026-track3-sys010-utt026.wav,wav/vmc2026-track3-sys019-utt025.wav,3.8302307715064328
sys002,utt124,wav/vmc2026-track3-sys002-utt124.wav,wav/vmc2026-track3-sys019-utt123.wav,4.286353917009296
sys008,utt026,wav/vmc2026-track3-sys008-utt026.wav,wav/vmc2026-track3-sys019-utt025.wav,4.583816079641522
sys026,utt156,wav/vmc2026-track3-sys026-utt156.wav,wav/vmc2026-track3-sys019-utt155.wav,4.583775844769069
sys026,utt214,wav/vmc2026-track3-sys026-utt214.wav,wav/vmc2026-track3-sys019-utt213.wav,4.271717076118086
sys024,utt028,wav/vmc2026-track3-sys024-utt028.wav,wav/vmc2026-track3-sys019-utt027.wav,4.0716129255512685
sys002,utt236,wav/vmc2026-track3-sys002-utt236.wav,wav/vmc2026-track3-sys019-utt235.wav,4.025688498021357
sys008,utt156,wav/vmc2026-track3-sys008-utt156.wav,wav/vmc2026-track3-sys019-utt155.wav,4.7326167530541525
sys024,utt150,wav/vmc2026-track3-sys024-utt150.wav,wav/vmc2026-track3-sys019-utt149.wav,3.628740372447179
sys011,utt066,wav/vmc2026-track3-sys011-utt066.wav,wav/vmc2026-track3-sys019-utt065.wav,3.8121078760653067
sys022,utt010,wav/vmc2026-track3-sys022-utt010.wav,wav/vmc2026-track3-sys019-utt009.wav,3.61260145779657
sys007,utt072,wav/vmc2026-track3-sys007-utt072.wav,wav/vmc2026-track3-sys019-utt071.wav,4.145010466020824
sys011,utt030,wav/vmc2026-track3-sys011-utt030.wav,wav/vmc2026-track3-sys019-utt029.wav,4.34059255944993
sys025,utt172,wav/vmc2026-track3-sys025-utt172.wav,wav/vmc2026-track3-sys019-utt171.wav,3.5632378985526847
sys009,utt312,wav/vmc2026-track3-sys009-utt312.wav,wav/vmc2026-track3-sys019-utt311.wav,4.323415915567145
sys011,utt238,wav/vmc2026-track3-sys011-utt238.wav,wav/vmc2026-track3-sys019-utt237.wav,4.011304857506549
sys016,utt236,wav/vmc2026-track3-sys016-utt236.wav,wav/vmc2026-track3-sys019-utt235.wav,3.585722032289338
sys005,utt014,wav/vmc2026-track3-sys005-utt014.wav,wav/vmc2026-track3-sys019-utt013.wav,4.191005872002842
sys002,utt072,wav/vmc2026-track3-sys002-utt072.wav,wav/vmc2026-track3-sys019-utt071.wav,4.180318464678366
sys011,utt318,wav/vmc2026-track3-sys011-utt318.wav,wav/vmc2026-track3-sys019-utt317.wav,4.255219190104368
sys005,utt248,wav/vmc2026-track3-sys005-utt248.wav,wav/vmc2026-track3-sys019-utt247.wav,3.851737400662666
sys008,utt118,wav/vmc2026-track3-sys008-utt118.wav,wav/vmc2026-track3-sys019-utt117.wav,4.2217266788112005
sys014,utt068,wav/vmc2026-track3-sys014-utt068.wav,wav/vmc2026-track3-sys019-utt067.wav,4.171916872056387
sys001,utt124,wav/vmc2026-track3-sys001-utt124.wav,wav/vmc2026-track3-sys019-utt123.wav,4.363826078775095
sys008,utt040,wav/vmc2026-track3-sys008-utt040.wav,wav/vmc2026-track3-sys019-utt039.wav,4.1910589917437475
sys012,utt180,wav/vmc2026-track3-sys012-utt180.wav,wav/vmc2026-track3-sys019-utt179.wav,3.3478759939975555
sys023,utt118,wav/vmc2026-track3-sys023-utt118.wav,wav/vmc2026-track3-sys019-utt117.wav,4.11136147755224
sys002,utt010,wav/vmc2026-track3-sys002-utt010.wav,wav/vmc2026-track3-sys019-utt009.wav,4.3739570414451565
sys012,utt044,wav/vmc2026-track3-sys012-utt044.wav,wav/vmc2026-track3-sys019-utt043.wav,4.062761585281361
sys014,utt152,wav/vmc2026-track3-sys014-utt152.wav,wav/vmc2026-track3-sys019-utt151.wav,4.676108207297833
sys025,utt194,wav/vmc2026-track3-sys025-utt194.wav,wav/vmc2026-track3-sys019-utt193.wav,3.5042257633147527
sys020,utt130,wav/vmc2026-track3-sys020-utt130.wav,wav/vmc2026-track3-sys019-utt129.wav,3.736485761447188
sys014,utt012,wav/vmc2026-track3-sys014-utt012.wav,wav/vmc2026-track3-sys019-utt011.wav,4.513276264650887
sys016,utt294,wav/vmc2026-track3-sys016-utt294.wav,wav/vmc2026-track3-sys019-utt293.wav,3.713929690542252
sys020,utt308,wav/vmc2026-track3-sys020-utt308.wav,wav/vmc2026-track3-sys019-utt307.wav,3.081539774106077
sys023,utt158,wav/vmc2026-track3-sys023-utt158.wav,wav/vmc2026-track3-sys019-utt157.wav,4.592278300910895
sys007,utt262,wav/vmc2026-track3-sys007-utt262.wav,wav/vmc2026-track3-sys019-utt261.wav,4.4248950937645075
sys006,utt290,wav/vmc2026-track3-sys006-utt290.wav,wav/vmc2026-track3-sys019-utt289.wav,4.439421039195035
sys011,utt108,wav/vmc2026-track3-sys011-utt108.wav,wav/vmc2026-track3-sys019-utt107.wav,3.8650420414519093
sys007,utt034,wav/vmc2026-track3-sys007-utt034.wav,wav/vmc2026-track3-sys019-utt033.wav,3.6383238504426973
sys013,utt144,wav/vmc2026-track3-sys013-utt144.wav,wav/vmc2026-track3-sys019-utt143.wav,3.630951297231657
sys020,utt304,wav/vmc2026-track3-sys020-utt304.wav,wav/vmc2026-track3-sys019-utt303.wav,3.626832965119818
sys002,utt120,wav/vmc2026-track3-sys002-utt120.wav,wav/vmc2026-track3-sys019-utt119.wav,3.4289560821452088
sys008,utt274,wav/vmc2026-track3-sys008-utt274.wav,wav/vmc2026-track3-sys019-utt273.wav,4.4906179181066435
sys001,utt246,wav/vmc2026-track3-sys001-utt246.wav,wav/vmc2026-track3-sys019-utt245.wav,4.240512047471601
sys006,utt064,wav/vmc2026-track3-sys006-utt064.wav,wav/vmc2026-track3-sys019-utt063.wav,3.836485935014013
sys008,utt206,wav/vmc2026-track3-sys008-utt206.wav,wav/vmc2026-track3-sys019-utt205.wav,4.3915488018733235
sys008,utt262,wav/vmc2026-track3-sys008-utt262.wav,wav/vmc2026-track3-sys019-utt261.wav,4.479324561032729
sys023,utt186,wav/vmc2026-track3-sys023-utt186.wav,wav/vmc2026-track3-sys019-utt185.wav,4.150897504550096
sys026,utt132,wav/vmc2026-track3-sys026-utt132.wav,wav/vmc2026-track3-sys019-utt131.wav,3.6729787864008467
sys012,utt236,wav/vmc2026-track3-sys012-utt236.wav,wav/vmc2026-track3-sys019-utt235.wav,3.923246127002524
sys002,utt308,wav/vmc2026-track3-sys002-utt308.wav,wav/vmc2026-track3-sys019-utt307.wav,4.368381014426911
sys002,utt320,wav/vmc2026-track3-sys002-utt320.wav,wav/vmc2026-track3-sys019-utt319.wav,4.534894553723625
sys002,utt140,wav/vmc2026-track3-sys002-utt140.wav,wav/vmc2026-track3-sys019-utt139.wav,3.9512620031174546
sys025,utt262,wav/vmc2026-track3-sys025-utt262.wav,wav/vmc2026-track3-sys019-utt261.wav,3.7739367044328005
sys002,utt078,wav/vmc2026-track3-sys002-utt078.wav,wav/vmc2026-track3-sys019-utt077.wav,4.529218647027469
sys012,utt034,wav/vmc2026-track3-sys012-utt034.wav,wav/vmc2026-track3-sys019-utt033.wav,3.888968912667888
sys001,utt090,wav/vmc2026-track3-sys001-utt090.wav,wav/vmc2026-track3-sys019-utt089.wav,4.133794287514383
sys016,utt082,wav/vmc2026-track3-sys016-utt082.wav,wav/vmc2026-track3-sys019-utt081.wav,3.748526338515897
sys011,utt072,wav/vmc2026-track3-sys011-utt072.wav,wav/vmc2026-track3-sys019-utt071.wav,4.199800520367653
sys009,utt284,wav/vmc2026-track3-sys009-utt284.wav,wav/vmc2026-track3-sys019-utt283.wav,4.3275141944594795
sys016,utt116,wav/vmc2026-track3-sys016-utt116.wav,wav/vmc2026-track3-sys019-utt115.wav,3.369783041390169
sys008,utt152,wav/vmc2026-track3-sys008-utt152.wav,wav/vmc2026-track3-sys019-utt151.wav,4.48022493394971
sys022,utt236,wav/vmc2026-track3-sys022-utt236.wav,wav/vmc2026-track3-sys019-utt235.wav,3.9448105460527896
sys005,utt032,wav/vmc2026-track3-sys005-utt032.wav,wav/vmc2026-track3-sys019-utt031.wav,3.0865566839612075
sys012,utt218,wav/vmc2026-track3-sys012-utt218.wav,wav/vmc2026-track3-sys019-utt217.wav,4.534533164446628
sys020,utt224,wav/vmc2026-track3-sys020-utt224.wav,wav/vmc2026-track3-sys019-utt223.wav,3.2201687973675432
sys020,utt314,wav/vmc2026-track3-sys020-utt314.wav,wav/vmc2026-track3-sys019-utt313.wav,3.553272472573622
sys005,utt262,wav/vmc2026-track3-sys005-utt262.wav,wav/vmc2026-track3-sys019-utt261.wav,4.212467342085276
sys023,utt120,wav/vmc2026-track3-sys023-utt120.wav,wav/vmc2026-track3-sys019-utt119.wav,4.336681312631883
sys012,utt222,wav/vmc2026-track3-sys012-utt222.wav,wav/vmc2026-track3-sys019-utt221.wav,3.9554286266044
sys011,utt290,wav/vmc2026-track3-sys011-utt290.wav,wav/vmc2026-track3-sys019-utt289.wav,3.7596146665463337
sys017,utt050,wav/vmc2026-track3-sys017-utt050.wav,wav/vmc2026-track3-sys019-utt049.wav,4.441276843246624
sys020,utt306,wav/vmc2026-track3-sys020-utt306.wav,wav/vmc2026-track3-sys019-utt305.wav,4.008538400335708
sys012,utt266,wav/vmc2026-track3-sys012-utt266.wav,wav/vmc2026-track3-sys019-utt265.wav,3.5505782713058034
sys020,utt044,wav/vmc2026-track3-sys020-utt044.wav,wav/vmc2026-track3-sys019-utt043.wav,3.449829559555313
sys020,utt144,wav/vmc2026-track3-sys020-utt144.wav,wav/vmc2026-track3-sys019-utt143.wav,3.3409035567677123
sys008,utt064,wav/vmc2026-track3-sys008-utt064.wav,wav/vmc2026-track3-sys019-utt063.wav,3.9845158939770613
sys006,utt230,wav/vmc2026-track3-sys006-utt230.wav,wav/vmc2026-track3-sys019-utt229.wav,4.5874733799425
sys008,utt312,wav/vmc2026-track3-sys008-utt312.wav,wav/vmc2026-track3-sys019-utt311.wav,4.469239968296647
sys022,utt290,wav/vmc2026-track3-sys022-utt290.wav,wav/vmc2026-track3-sys019-utt289.wav,3.6459929531675104
sys011,utt018,wav/vmc2026-track3-sys011-utt018.wav,wav/vmc2026-track3-sys019-utt017.wav,4.485466418447696
sys012,utt226,wav/vmc2026-track3-sys012-utt226.wav,wav/vmc2026-track3-sys019-utt225.wav,4.058693224415512
sys006,utt104,wav/vmc2026-track3-sys006-utt104.wav,wav/vmc2026-track3-sys019-utt103.wav,4.561242347882801
sys002,utt104,wav/vmc2026-track3-sys002-utt104.wav,wav/vmc2026-track3-sys019-utt103.wav,4.562841471521879
sys020,utt320,wav/vmc2026-track3-sys020-utt320.wav,wav/vmc2026-track3-sys019-utt319.wav,3.749874167138835
sys013,utt088,wav/vmc2026-track3-sys013-utt088.wav,wav/vmc2026-track3-sys019-utt087.wav,3.7502501946469384
sys017,utt192,wav/vmc2026-track3-sys017-utt192.wav,wav/vmc2026-track3-sys019-utt191.wav,4.024131974623361
sys013,utt210,wav/vmc2026-track3-sys013-utt210.wav,wav/vmc2026-track3-sys019-utt209.wav,4.039192697549418
sys025,utt020,wav/vmc2026-track3-sys025-utt020.wav,wav/vmc2026-track3-sys019-utt019.wav,3.840218497853945
sys001,utt264,wav/vmc2026-track3-sys001-utt264.wav,wav/vmc2026-track3-sys019-utt263.wav,4.105729885982986
sys013,utt308,wav/vmc2026-track3-sys013-utt308.wav,wav/vmc2026-track3-sys019-utt307.wav,3.924144584306576
sys006,utt090,wav/vmc2026-track3-sys006-utt090.wav,wav/vmc2026-track3-sys019-utt089.wav,4.240766012400358
sys012,utt136,wav/vmc2026-track3-sys012-utt136.wav,wav/vmc2026-track3-sys019-utt135.wav,3.26808631990673
sys009,utt186,wav/vmc2026-track3-sys009-utt186.wav,wav/vmc2026-track3-sys019-utt185.wav,4.4530307730140875
sys005,utt136,wav/vmc2026-track3-sys005-utt136.wav,wav/vmc2026-track3-sys019-utt135.wav,4.101656659222339
sys011,utt300,wav/vmc2026-track3-sys011-utt300.wav,wav/vmc2026-track3-sys019-utt299.wav,3.7947007532662753
sys009,utt298,wav/vmc2026-track3-sys009-utt298.wav,wav/vmc2026-track3-sys019-utt297.wav,4.718161820928905
sys016,utt102,wav/vmc2026-track3-sys016-utt102.wav,wav/vmc2026-track3-sys019-utt101.wav,3.404548505702546
sys024,utt132,wav/vmc2026-track3-sys024-utt132.wav,wav/vmc2026-track3-sys019-utt131.wav,3.764010547948664
sys017,utt262,wav/vmc2026-track3-sys017-utt262.wav,wav/vmc2026-track3-sys019-utt261.wav,4.2683432407535165
sys024,utt130,wav/vmc2026-track3-sys024-utt130.wav,wav/vmc2026-track3-sys019-utt129.wav,4.191250913282243
sys009,utt204,wav/vmc2026-track3-sys009-utt204.wav,wav/vmc2026-track3-sys019-utt203.wav,4.099510783644895
sys010,utt020,wav/vmc2026-track3-sys010-utt020.wav,wav/vmc2026-track3-sys019-utt019.wav,4.056237174087214
sys007,utt032,wav/vmc2026-track3-sys007-utt032.wav,wav/vmc2026-track3-sys019-utt031.wav,2.967785554771084
sys014,utt090,wav/vmc2026-track3-sys014-utt090.wav,wav/vmc2026-track3-sys019-utt089.wav,3.7342100730014076
sys006,utt222,wav/vmc2026-track3-sys006-utt222.wav,wav/vmc2026-track3-sys019-utt221.wav,4.609577697162066
sys006,utt050,wav/vmc2026-track3-sys006-utt050.wav,wav/vmc2026-track3-sys019-utt049.wav,4.5831987953760445
sys020,utt280,wav/vmc2026-track3-sys020-utt280.wav,wav/vmc2026-track3-sys019-utt279.wav,3.4188987935305915
sys018,utt220,wav/vmc2026-track3-sys018-utt220.wav,wav/vmc2026-track3-sys019-utt219.wav,3.839555359033918
sys006,utt146,wav/vmc2026-track3-sys006-utt146.wav,wav/vmc2026-track3-sys019-utt145.wav,4.180514945783766
sys022,utt312,wav/vmc2026-track3-sys022-utt312.wav,wav/vmc2026-track3-sys019-utt311.wav,4.0176760272493794
sys024,utt310,wav/vmc2026-track3-sys024-utt310.wav,wav/vmc2026-track3-sys019-utt309.wav,4.3013520825864395
sys023,utt226,wav/vmc2026-track3-sys023-utt226.wav,wav/vmc2026-track3-sys019-utt225.wav,4.703421857161273
sys010,utt242,wav/vmc2026-track3-sys010-utt242.wav,wav/vmc2026-track3-sys019-utt241.wav,4.613295760857827
sys007,utt276,wav/vmc2026-track3-sys007-utt276.wav,wav/vmc2026-track3-sys019-utt275.wav,3.7477228469937622
sys002,utt044,wav/vmc2026-track3-sys002-utt044.wav,wav/vmc2026-track3-sys019-utt043.wav,4.287448064578621
sys018,utt286,wav/vmc2026-track3-sys018-utt286.wav,wav/vmc2026-track3-sys019-utt285.wav,3.563857738501188
sys025,utt080,wav/vmc2026-track3-sys025-utt080.wav,wav/vmc2026-track3-sys019-utt079.wav,3.6901117094078684
sys016,utt032,wav/vmc2026-track3-sys016-utt032.wav,wav/vmc2026-track3-sys019-utt031.wav,3.1491018459115048
sys025,utt034,wav/vmc2026-track3-sys025-utt034.wav,wav/vmc2026-track3-sys019-utt033.wav,3.6120354144669236
sys010,utt262,wav/vmc2026-track3-sys010-utt262.wav,wav/vmc2026-track3-sys019-utt261.wav,4.176603246391018
sys010,utt176,wav/vmc2026-track3-sys010-utt176.wav,wav/vmc2026-track3-sys019-utt175.wav,2.802256170766624
sys013,utt078,wav/vmc2026-track3-sys013-utt078.wav,wav/vmc2026-track3-sys019-utt077.wav,4.178922140242552
sys026,utt302,wav/vmc2026-track3-sys026-utt302.wav,wav/vmc2026-track3-sys019-utt301.wav,4.245544276968734
sys026,utt108,wav/vmc2026-track3-sys026-utt108.wav,wav/vmc2026-track3-sys019-utt107.wav,4.294242609798015
sys016,utt244,wav/vmc2026-track3-sys016-utt244.wav,wav/vmc2026-track3-sys019-utt243.wav,4.3655997742428205
sys023,utt088,wav/vmc2026-track3-sys023-utt088.wav,wav/vmc2026-track3-sys019-utt087.wav,3.9995189028675804
sys005,utt152,wav/vmc2026-track3-sys005-utt152.wav,wav/vmc2026-track3-sys019-utt151.wav,4.286377574489925
sys014,utt228,wav/vmc2026-track3-sys014-utt228.wav,wav/vmc2026-track3-sys019-utt227.wav,4.418151020745544
sys002,utt296,wav/vmc2026-track3-sys002-utt296.wav,wav/vmc2026-track3-sys019-utt295.wav,4.204697124081176
sys023,utt082,wav/vmc2026-track3-sys023-utt082.wav,wav/vmc2026-track3-sys019-utt081.wav,3.80126873409899
sys010,utt172,wav/vmc2026-track3-sys010-utt172.wav,wav/vmc2026-track3-sys019-utt171.wav,3.2248429946749964
sys006,utt136,wav/vmc2026-track3-sys006-utt136.wav,wav/vmc2026-track3-sys019-utt135.wav,4.452059380357753
sys014,utt292,wav/vmc2026-track3-sys014-utt292.wav,wav/vmc2026-track3-sys019-utt291.wav,4.402562733243094
sys010,utt104,wav/vmc2026-track3-sys010-utt104.wav,wav/vmc2026-track3-sys019-utt103.wav,4.383094452597414
sys022,utt298,wav/vmc2026-track3-sys022-utt298.wav,wav/vmc2026-track3-sys019-utt297.wav,4.065865456824553
sys018,utt140,wav/vmc2026-track3-sys018-utt140.wav,wav/vmc2026-track3-sys019-utt139.wav,3.292419867900105
sys002,utt248,wav/vmc2026-track3-sys002-utt248.wav,wav/vmc2026-track3-sys019-utt247.wav,4.708779514516891
sys002,utt182,wav/vmc2026-track3-sys002-utt182.wav,wav/vmc2026-track3-sys019-utt181.wav,4.515916309136383
sys018,utt212,wav/vmc2026-track3-sys018-utt212.wav,wav/vmc2026-track3-sys019-utt211.wav,3.832944371325266
sys026,utt080,wav/vmc2026-track3-sys026-utt080.wav,wav/vmc2026-track3-sys019-utt079.wav,3.793417171167464
sys023,utt136,wav/vmc2026-track3-sys023-utt136.wav,wav/vmc2026-track3-sys019-utt135.wav,4.14731991801676
sys013,utt038,wav/vmc2026-track3-sys013-utt038.wav,wav/vmc2026-track3-sys019-utt037.wav,3.6339467418962306
sys007,utt126,wav/vmc2026-track3-sys007-utt126.wav,wav/vmc2026-track3-sys019-utt125.wav,3.9978495705228974
sys006,utt006,wav/vmc2026-track3-sys006-utt006.wav,wav/vmc2026-track3-sys019-utt005.wav,4.130218525159138
sys006,utt232,wav/vmc2026-track3-sys006-utt232.wav,wav/vmc2026-track3-sys019-utt231.wav,4.375903745925281
sys020,utt228,wav/vmc2026-track3-sys020-utt228.wav,wav/vmc2026-track3-sys019-utt227.wav,3.546003460990955
sys010,utt266,wav/vmc2026-track3-sys010-utt266.wav,wav/vmc2026-track3-sys019-utt265.wav,3.9414213878868756
sys010,utt030,wav/vmc2026-track3-sys010-utt030.wav,wav/vmc2026-track3-sys019-utt029.wav,3.7897839780074354
sys005,utt178,wav/vmc2026-track3-sys005-utt178.wav,wav/vmc2026-track3-sys019-utt177.wav,3.3298802023606675
sys006,utt206,wav/vmc2026-track3-sys006-utt206.wav,wav/vmc2026-track3-sys019-utt205.wav,4.241645746451231
sys013,utt264,wav/vmc2026-track3-sys013-utt264.wav,wav/vmc2026-track3-sys019-utt263.wav,4.1560539343748095
sys005,utt312,wav/vmc2026-track3-sys005-utt312.wav,wav/vmc2026-track3-sys019-utt311.wav,3.9792027543035453
sys013,utt306,wav/vmc2026-track3-sys013-utt306.wav,wav/vmc2026-track3-sys019-utt305.wav,4.149613651899937
sys023,utt306,wav/vmc2026-track3-sys023-utt306.wav,wav/vmc2026-track3-sys019-utt305.wav,4.225458747388004
sys017,utt150,wav/vmc2026-track3-sys017-utt150.wav,wav/vmc2026-track3-sys019-utt149.wav,3.42351182317943
sys001,utt034,wav/vmc2026-track3-sys001-utt034.wav,wav/vmc2026-track3-sys019-utt033.wav,3.739896266664637
sys009,utt212,wav/vmc2026-track3-sys009-utt212.wav,wav/vmc2026-track3-sys019-utt211.wav,4.6613286680863935
sys002,utt298,wav/vmc2026-track3-sys002-utt298.wav,wav/vmc2026-track3-sys019-utt297.wav,4.46359484691804
sys006,utt038,wav/vmc2026-track3-sys006-utt038.wav,wav/vmc2026-track3-sys019-utt037.wav,3.993831759183691
sys026,utt122,wav/vmc2026-track3-sys026-utt122.wav,wav/vmc2026-track3-sys019-utt121.wav,4.154914868715255
sys009,utt008,wav/vmc2026-track3-sys009-utt008.wav,wav/vmc2026-track3-sys019-utt007.wav,4.6898504524156985
sys018,utt104,wav/vmc2026-track3-sys018-utt104.wav,wav/vmc2026-track3-sys019-utt103.wav,3.5788996430578948
sys018,utt216,wav/vmc2026-track3-sys018-utt216.wav,wav/vmc2026-track3-sys019-utt215.wav,3.9844338550359413
sys025,utt044,wav/vmc2026-track3-sys025-utt044.wav,wav/vmc2026-track3-sys019-utt043.wav,4.151932108780179
sys006,utt216,wav/vmc2026-track3-sys006-utt216.wav,wav/vmc2026-track3-sys019-utt215.wav,4.698191081395332
sys024,utt296,wav/vmc2026-track3-sys024-utt296.wav,wav/vmc2026-track3-sys019-utt295.wav,4.606916621456201
sys018,utt308,wav/vmc2026-track3-sys018-utt308.wav,wav/vmc2026-track3-sys019-utt307.wav,3.1398148012196487
sys010,utt070,wav/vmc2026-track3-sys010-utt070.wav,wav/vmc2026-track3-sys019-utt069.wav,3.8240453537577284
sys023,utt028,wav/vmc2026-track3-sys023-utt028.wav,wav/vmc2026-track3-sys019-utt027.wav,4.423514310579997
sys002,utt040,wav/vmc2026-track3-sys002-utt040.wav,wav/vmc2026-track3-sys019-utt039.wav,3.391850462339254
sys009,utt082,wav/vmc2026-track3-sys009-utt082.wav,wav/vmc2026-track3-sys019-utt081.wav,4.216187086348065
sys016,utt184,wav/vmc2026-track3-sys016-utt184.wav,wav/vmc2026-track3-sys019-utt183.wav,3.5618286304849276
sys007,utt210,wav/vmc2026-track3-sys007-utt210.wav,wav/vmc2026-track3-sys019-utt209.wav,3.7572330108146548
sys025,utt296,wav/vmc2026-track3-sys025-utt296.wav,wav/vmc2026-track3-sys019-utt295.wav,3.5630979208491134
sys016,utt090,wav/vmc2026-track3-sys016-utt090.wav,wav/vmc2026-track3-sys019-utt089.wav,3.469333073873275
sys012,utt014,wav/vmc2026-track3-sys012-utt014.wav,wav/vmc2026-track3-sys019-utt013.wav,4.433498657410894
sys014,utt074,wav/vmc2026-track3-sys014-utt074.wav,wav/vmc2026-track3-sys019-utt073.wav,4.546597046054047
sys023,utt278,wav/vmc2026-track3-sys023-utt278.wav,wav/vmc2026-track3-sys019-utt277.wav,4.310711673561731
sys009,utt042,wav/vmc2026-track3-sys009-utt042.wav,wav/vmc2026-track3-sys019-utt041.wav,4.596169661391091
sys009,utt132,wav/vmc2026-track3-sys009-utt132.wav,wav/vmc2026-track3-sys019-utt131.wav,4.436249181872538
sys009,utt232,wav/vmc2026-track3-sys009-utt232.wav,wav/vmc2026-track3-sys019-utt231.wav,3.7982243588683753
sys016,utt124,wav/vmc2026-track3-sys016-utt124.wav,wav/vmc2026-track3-sys019-utt123.wav,4.127881210532581
sys007,utt314,wav/vmc2026-track3-sys007-utt314.wav,wav/vmc2026-track3-sys019-utt313.wav,3.597740419924814
sys013,utt178,wav/vmc2026-track3-sys013-utt178.wav,wav/vmc2026-track3-sys019-utt177.wav,3.5308310703256605
sys013,utt074,wav/vmc2026-track3-sys013-utt074.wav,wav/vmc2026-track3-sys019-utt073.wav,3.843257568599415
sys026,utt202,wav/vmc2026-track3-sys026-utt202.wav,wav/vmc2026-track3-sys019-utt201.wav,3.853515515991313
sys026,utt304,wav/vmc2026-track3-sys026-utt304.wav,wav/vmc2026-track3-sys019-utt303.wav,4.487195510168891
sys010,utt212,wav/vmc2026-track3-sys010-utt212.wav,wav/vmc2026-track3-sys019-utt211.wav,4.397647660761192
sys024,utt316,wav/vmc2026-track3-sys024-utt316.wav,wav/vmc2026-track3-sys019-utt315.wav,3.762621335681308
sys007,utt288,wav/vmc2026-track3-sys007-utt288.wav,wav/vmc2026-track3-sys019-utt287.wav,3.872322853455723
sys011,utt128,wav/vmc2026-track3-sys011-utt128.wav,wav/vmc2026-track3-sys019-utt127.wav,4.045987161416032
sys022,utt106,wav/vmc2026-track3-sys022-utt106.wav,wav/vmc2026-track3-sys019-utt105.wav,3.8857268211761884
sys013,utt136,wav/vmc2026-track3-sys013-utt136.wav,wav/vmc2026-track3-sys019-utt135.wav,4.0058591216842565
sys005,utt106,wav/vmc2026-track3-sys005-utt106.wav,wav/vmc2026-track3-sys019-utt105.wav,4.376687250472294
sys017,utt274,wav/vmc2026-track3-sys017-utt274.wav,wav/vmc2026-track3-sys019-utt273.wav,3.918336232402784
sys002,utt038,wav/vmc2026-track3-sys002-utt038.wav,wav/vmc2026-track3-sys019-utt037.wav,3.8433405156963003
sys007,utt238,wav/vmc2026-track3-sys007-utt238.wav,wav/vmc2026-track3-sys019-utt237.wav,4.131110109176242
sys010,utt300,wav/vmc2026-track3-sys010-utt300.wav,wav/vmc2026-track3-sys019-utt299.wav,3.884908905951326
sys017,utt046,wav/vmc2026-track3-sys017-utt046.wav,wav/vmc2026-track3-sys019-utt045.wav,4.202420270488172
sys001,utt048,wav/vmc2026-track3-sys001-utt048.wav,wav/vmc2026-track3-sys019-utt047.wav,4.004144743481246
sys014,utt246,wav/vmc2026-track3-sys014-utt246.wav,wav/vmc2026-track3-sys019-utt245.wav,4.404672452952296
sys017,utt124,wav/vmc2026-track3-sys017-utt124.wav,wav/vmc2026-track3-sys019-utt123.wav,3.621885510574801
sys022,utt264,wav/vmc2026-track3-sys022-utt264.wav,wav/vmc2026-track3-sys019-utt263.wav,4.261867801161448
sys012,utt148,wav/vmc2026-track3-sys012-utt148.wav,wav/vmc2026-track3-sys019-utt147.wav,3.5496565541436267
sys011,utt042,wav/vmc2026-track3-sys011-utt042.wav,wav/vmc2026-track3-sys019-utt041.wav,4.3725302809112625
sys009,utt224,wav/vmc2026-track3-sys009-utt224.wav,wav/vmc2026-track3-sys019-utt223.wav,4.716611238865825
sys010,utt136,wav/vmc2026-track3-sys010-utt136.wav,wav/vmc2026-track3-sys019-utt135.wav,3.9086274718150396
sys026,utt118,wav/vmc2026-track3-sys026-utt118.wav,wav/vmc2026-track3-sys019-utt117.wav,3.7352212681418795
sys018,utt072,wav/vmc2026-track3-sys018-utt072.wav,wav/vmc2026-track3-sys019-utt071.wav,3.82303177817533
sys025,utt242,wav/vmc2026-track3-sys025-utt242.wav,wav/vmc2026-track3-sys019-utt241.wav,4.323658110209555
sys022,utt272,wav/vmc2026-track3-sys022-utt272.wav,wav/vmc2026-track3-sys019-utt271.wav,3.681365204904346
sys024,utt110,wav/vmc2026-track3-sys024-utt110.wav,wav/vmc2026-track3-sys019-utt109.wav,4.31550595483658
sys002,utt232,wav/vmc2026-track3-sys002-utt232.wav,wav/vmc2026-track3-sys019-utt231.wav,4.019827702627191
sys010,utt226,wav/vmc2026-track3-sys010-utt226.wav,wav/vmc2026-track3-sys019-utt225.wav,4.580478464904203
sys017,utt208,wav/vmc2026-track3-sys017-utt208.wav,wav/vmc2026-track3-sys019-utt207.wav,3.8122837556558364
sys008,utt308,wav/vmc2026-track3-sys008-utt308.wav,wav/vmc2026-track3-sys019-utt307.wav,4.426935783583201
sys007,utt212,wav/vmc2026-track3-sys007-utt212.wav,wav/vmc2026-track3-sys019-utt211.wav,4.335814002003596
sys016,utt104,wav/vmc2026-track3-sys016-utt104.wav,wav/vmc2026-track3-sys019-utt103.wav,3.4380450537256313
sys020,utt284,wav/vmc2026-track3-sys020-utt284.wav,wav/vmc2026-track3-sys019-utt283.wav,3.2708920375380734
sys012,utt042,wav/vmc2026-track3-sys012-utt042.wav,wav/vmc2026-track3-sys019-utt041.wav,3.5924556187517678
sys014,utt248,wav/vmc2026-track3-sys014-utt248.wav,wav/vmc2026-track3-sys019-utt247.wav,4.84778361988055
sys024,utt066,wav/vmc2026-track3-sys024-utt066.wav,wav/vmc2026-track3-sys019-utt065.wav,4.1703677473622935
sys025,utt292,wav/vmc2026-track3-sys025-utt292.wav,wav/vmc2026-track3-sys019-utt291.wav,3.7760693582134675
sys002,utt244,wav/vmc2026-track3-sys002-utt244.wav,wav/vmc2026-track3-sys019-utt243.wav,4.624495388695037
sys023,utt042,wav/vmc2026-track3-sys023-utt042.wav,wav/vmc2026-track3-sys019-utt041.wav,4.334564847766321
sys009,utt040,wav/vmc2026-track3-sys009-utt040.wav,wav/vmc2026-track3-sys019-utt039.wav,4.6231136940394535
sys008,utt078,wav/vmc2026-track3-sys008-utt078.wav,wav/vmc2026-track3-sys019-utt077.wav,4.334796690690778
sys017,utt122,wav/vmc2026-track3-sys017-utt122.wav,wav/vmc2026-track3-sys019-utt121.wav,3.9979489677224374
sys007,utt152,wav/vmc2026-track3-sys007-utt152.wav,wav/vmc2026-track3-sys019-utt151.wav,3.9602522252052696
sys018,utt144,wav/vmc2026-track3-sys018-utt144.wav,wav/vmc2026-track3-sys019-utt143.wav,3.1124335709099524
sys012,utt160,wav/vmc2026-track3-sys012-utt160.wav,wav/vmc2026-track3-sys019-utt159.wav,4.298505118370184
sys013,utt312,wav/vmc2026-track3-sys013-utt312.wav,wav/vmc2026-track3-sys019-utt311.wav,4.16240942628686
sys017,utt268,wav/vmc2026-track3-sys017-utt268.wav,wav/vmc2026-track3-sys019-utt267.wav,4.41820523679952
sys002,utt306,wav/vmc2026-track3-sys002-utt306.wav,wav/vmc2026-track3-sys019-utt305.wav,4.288095190801734
sys005,utt036,wav/vmc2026-track3-sys005-utt036.wav,wav/vmc2026-track3-sys019-utt035.wav,3.4664607309449855
sys008,utt246,wav/vmc2026-track3-sys008-utt246.wav,wav/vmc2026-track3-sys019-utt245.wav,4.474342135196367
sys006,utt036,wav/vmc2026-track3-sys006-utt036.wav,wav/vmc2026-track3-sys019-utt035.wav,3.842976863130298
sys005,utt112,wav/vmc2026-track3-sys005-utt112.wav,wav/vmc2026-track3-sys019-utt111.wav,3.468118625924574
sys005,utt222,wav/vmc2026-track3-sys005-utt222.wav,wav/vmc2026-track3-sys019-utt221.wav,3.726187629939491
sys022,utt088,wav/vmc2026-track3-sys022-utt088.wav,wav/vmc2026-track3-sys019-utt087.wav,4.058794230262934
sys026,utt242,wav/vmc2026-track3-sys026-utt242.wav,wav/vmc2026-track3-sys019-utt241.wav,4.498725178267542
sys016,utt062,wav/vmc2026-track3-sys016-utt062.wav,wav/vmc2026-track3-sys019-utt061.wav,3.141572258053984
sys012,utt234,wav/vmc2026-track3-sys012-utt234.wav,wav/vmc2026-track3-sys019-utt233.wav,3.9781198915403326
sys006,utt138,wav/vmc2026-track3-sys006-utt138.wav,wav/vmc2026-track3-sys019-utt137.wav,4.276996795096321
sys006,utt180,wav/vmc2026-track3-sys006-utt180.wav,wav/vmc2026-track3-sys019-utt179.wav,3.9950252385390526
sys025,utt214,wav/vmc2026-track3-sys025-utt214.wav,wav/vmc2026-track3-sys019-utt213.wav,4.644734255942887
sys005,utt224,wav/vmc2026-track3-sys005-utt224.wav,wav/vmc2026-track3-sys019-utt223.wav,3.846247397392784
sys023,utt106,wav/vmc2026-track3-sys023-utt106.wav,wav/vmc2026-track3-sys019-utt105.wav,4.742499153586743
sys026,utt126,wav/vmc2026-track3-sys026-utt126.wav,wav/vmc2026-track3-sys019-utt125.wav,4.10127575857795
sys014,utt308,wav/vmc2026-track3-sys014-utt308.wav,wav/vmc2026-track3-sys019-utt307.wav,4.812838230196212
sys011,utt192,wav/vmc2026-track3-sys011-utt192.wav,wav/vmc2026-track3-sys019-utt191.wav,4.464611420629055
sys002,utt030,wav/vmc2026-track3-sys002-utt030.wav,wav/vmc2026-track3-sys019-utt029.wav,4.097170153032556
sys018,utt296,wav/vmc2026-track3-sys018-utt296.wav,wav/vmc2026-track3-sys019-utt295.wav,3.625301932214144
sys012,utt154,wav/vmc2026-track3-sys012-utt154.wav,wav/vmc2026-track3-sys019-utt153.wav,3.9782697263144
sys009,utt214,wav/vmc2026-track3-sys009-utt214.wav,wav/vmc2026-track3-sys019-utt213.wav,4.711083547527433
sys005,utt064,wav/vmc2026-track3-sys005-utt064.wav,wav/vmc2026-track3-sys019-utt063.wav,3.7859671760239877
sys008,utt050,wav/vmc2026-track3-sys008-utt050.wav,wav/vmc2026-track3-sys019-utt049.wav,4.629016876635997
sys026,utt312,wav/vmc2026-track3-sys026-utt312.wav,wav/vmc2026-track3-sys019-utt311.wav,4.280880219748994
sys018,utt200,wav/vmc2026-track3-sys018-utt200.wav,wav/vmc2026-track3-sys019-utt199.wav,4.331949074145177
sys002,utt186,wav/vmc2026-track3-sys002-utt186.wav,wav/vmc2026-track3-sys019-utt185.wav,4.601724759971683
sys002,utt106,wav/vmc2026-track3-sys002-utt106.wav,wav/vmc2026-track3-sys019-utt105.wav,4.644766579733344
sys006,utt044,wav/vmc2026-track3-sys006-utt044.wav,wav/vmc2026-track3-sys019-utt043.wav,4.6896149685720685
sys014,utt172,wav/vmc2026-track3-sys014-utt172.wav,wav/vmc2026-track3-sys019-utt171.wav,3.6947145400557413
sys017,utt030,wav/vmc2026-track3-sys017-utt030.wav,wav/vmc2026-track3-sys019-utt029.wav,4.144727053290857
sys022,utt154,wav/vmc2026-track3-sys022-utt154.wav,wav/vmc2026-track3-sys019-utt153.wav,4.178471653188349
sys023,utt006,wav/vmc2026-track3-sys023-utt006.wav,wav/vmc2026-track3-sys019-utt005.wav,3.8528496935930994
sys022,utt128,wav/vmc2026-track3-sys022-utt128.wav,wav/vmc2026-track3-sys019-utt127.wav,3.5764300357699628
sys023,utt114,wav/vmc2026-track3-sys023-utt114.wav,wav/vmc2026-track3-sys019-utt113.wav,3.4494438514700994
sys010,utt312,wav/vmc2026-track3-sys010-utt312.wav,wav/vmc2026-track3-sys019-utt311.wav,3.5579951446333236
sys013,utt300,wav/vmc2026-track3-sys013-utt300.wav,wav/vmc2026-track3-sys019-utt299.wav,4.435083228369552
sys023,utt148,wav/vmc2026-track3-sys023-utt148.wav,wav/vmc2026-track3-sys019-utt147.wav,3.679178666993762
sys010,utt160,wav/vmc2026-track3-sys010-utt160.wav,wav/vmc2026-track3-sys019-utt159.wav,4.208891190369744
sys009,utt124,wav/vmc2026-track3-sys009-utt124.wav,wav/vmc2026-track3-sys019-utt123.wav,4.182955193138761
sys017,utt112,wav/vmc2026-track3-sys017-utt112.wav,wav/vmc2026-track3-sys019-utt111.wav,3.249065250822722
sys012,utt026,wav/vmc2026-track3-sys012-utt026.wav,wav/vmc2026-track3-sys019-utt025.wav,3.9328571323410584
sys018,utt314,wav/vmc2026-track3-sys018-utt314.wav,wav/vmc2026-track3-sys019-utt313.wav,3.312143864455845
sys018,utt268,wav/vmc2026-track3-sys018-utt268.wav,wav/vmc2026-track3-sys019-utt267.wav,4.189360493841843
sys024,utt184,wav/vmc2026-track3-sys024-utt184.wav,wav/vmc2026-track3-sys019-utt183.wav,4.319999183833465
sys013,utt194,wav/vmc2026-track3-sys013-utt194.wav,wav/vmc2026-track3-sys019-utt193.wav,4.176410037838433
sys018,utt182,wav/vmc2026-track3-sys018-utt182.wav,wav/vmc2026-track3-sys019-utt181.wav,3.4345012530556795
sys020,utt244,wav/vmc2026-track3-sys020-utt244.wav,wav/vmc2026-track3-sys019-utt243.wav,3.790094495803708
sys025,utt132,wav/vmc2026-track3-sys025-utt132.wav,wav/vmc2026-track3-sys019-utt131.wav,4.010769918396543
sys024,utt014,wav/vmc2026-track3-sys024-utt014.wav,wav/vmc2026-track3-sys019-utt013.wav,4.280493503875964
sys014,utt180,wav/vmc2026-track3-sys014-utt180.wav,wav/vmc2026-track3-sys019-utt179.wav,4.095299918013353
sys023,utt280,wav/vmc2026-track3-sys023-utt280.wav,wav/vmc2026-track3-sys019-utt279.wav,4.7568977640790475
sys018,utt178,wav/vmc2026-track3-sys018-utt178.wav,wav/vmc2026-track3-sys019-utt177.wav,3.7314475535966865
sys011,utt154,wav/vmc2026-track3-sys011-utt154.wav,wav/vmc2026-track3-sys019-utt153.wav,4.275692086338951
sys008,utt278,wav/vmc2026-track3-sys008-utt278.wav,wav/vmc2026-track3-sys019-utt277.wav,4.256838145996948
sys022,utt250,wav/vmc2026-track3-sys022-utt250.wav,wav/vmc2026-track3-sys019-utt249.wav,3.794787480593972
sys022,utt182,wav/vmc2026-track3-sys022-utt182.wav,wav/vmc2026-track3-sys019-utt181.wav,3.8955000605403014
sys013,utt262,wav/vmc2026-track3-sys013-utt262.wav,wav/vmc2026-track3-sys019-utt261.wav,4.16672363459639
sys017,utt172,wav/vmc2026-track3-sys017-utt172.wav,wav/vmc2026-track3-sys019-utt171.wav,3.004980843858582
sys026,utt244,wav/vmc2026-track3-sys026-utt244.wav,wav/vmc2026-track3-sys019-utt243.wav,4.402660377900255
sys026,utt022,wav/vmc2026-track3-sys026-utt022.wav,wav/vmc2026-track3-sys019-utt021.wav,4.343679993202948
sys023,utt068,wav/vmc2026-track3-sys023-utt068.wav,wav/vmc2026-track3-sys019-utt067.wav,4.214895850281075
sys008,utt264,wav/vmc2026-track3-sys008-utt264.wav,wav/vmc2026-track3-sys019-utt263.wav,3.955590698213576
sys001,utt084,wav/vmc2026-track3-sys001-utt084.wav,wav/vmc2026-track3-sys019-utt083.wav,4.026657398960497
sys018,utt102,wav/vmc2026-track3-sys018-utt102.wav,wav/vmc2026-track3-sys019-utt101.wav,3.516303444817521
sys024,utt024,wav/vmc2026-track3-sys024-utt024.wav,wav/vmc2026-track3-sys019-utt023.wav,4.016468131296397
sys020,utt076,wav/vmc2026-track3-sys020-utt076.wav,wav/vmc2026-track3-sys019-utt075.wav,3.3983126209630528
sys016,utt118,wav/vmc2026-track3-sys016-utt118.wav,wav/vmc2026-track3-sys019-utt117.wav,3.8731511514436483
sys001,utt156,wav/vmc2026-track3-sys001-utt156.wav,wav/vmc2026-track3-sys019-utt155.wav,4.295481424186777
sys025,utt192,wav/vmc2026-track3-sys025-utt192.wav,wav/vmc2026-track3-sys019-utt191.wav,4.117569437272397
sys023,utt014,wav/vmc2026-track3-sys023-utt014.wav,wav/vmc2026-track3-sys019-utt013.wav,4.467056179974919
sys007,utt172,wav/vmc2026-track3-sys007-utt172.wav,wav/vmc2026-track3-sys019-utt171.wav,3.3934396064933683
sys010,utt268,wav/vmc2026-track3-sys010-utt268.wav,wav/vmc2026-track3-sys019-utt267.wav,3.9179885050921524
sys016,utt306,wav/vmc2026-track3-sys016-utt306.wav,wav/vmc2026-track3-sys019-utt305.wav,3.528406276804593
sys013,utt286,wav/vmc2026-track3-sys013-utt286.wav,wav/vmc2026-track3-sys019-utt285.wav,4.145310161405437
sys010,utt218,wav/vmc2026-track3-sys010-utt218.wav,wav/vmc2026-track3-sys019-utt217.wav,4.820113634360473
sys024,utt290,wav/vmc2026-track3-sys024-utt290.wav,wav/vmc2026-track3-sys019-utt289.wav,3.728215864010451
sys013,utt070,wav/vmc2026-track3-sys013-utt070.wav,wav/vmc2026-track3-sys019-utt069.wav,3.9642538838623858
sys018,utt126,wav/vmc2026-track3-sys018-utt126.wav,wav/vmc2026-track3-sys019-utt125.wav,4.119276009814442
sys014,utt120,wav/vmc2026-track3-sys014-utt120.wav,wav/vmc2026-track3-sys019-utt119.wav,3.7959409632110166
sys022,utt104,wav/vmc2026-track3-sys022-utt104.wav,wav/vmc2026-track3-sys019-utt103.wav,4.18041695748292
sys024,utt034,wav/vmc2026-track3-sys024-utt034.wav,wav/vmc2026-track3-sys019-utt033.wav,3.7854954412556903
sys025,utt070,wav/vmc2026-track3-sys025-utt070.wav,wav/vmc2026-track3-sys019-utt069.wav,4.1442374997733555
sys013,utt226,wav/vmc2026-track3-sys013-utt226.wav,wav/vmc2026-track3-sys019-utt225.wav,4.549784429076287
sys002,utt230,wav/vmc2026-track3-sys002-utt230.wav,wav/vmc2026-track3-sys019-utt229.wav,4.826377075108351
sys020,utt292,wav/vmc2026-track3-sys020-utt292.wav,wav/vmc2026-track3-sys019-utt291.wav,3.572458421487886
sys018,utt008,wav/vmc2026-track3-sys018-utt008.wav,wav/vmc2026-track3-sys019-utt007.wav,3.937776091367574
sys024,utt220,wav/vmc2026-track3-sys024-utt220.wav,wav/vmc2026-track3-sys019-utt219.wav,4.222597574463206
sys005,utt030,wav/vmc2026-track3-sys005-utt030.wav,wav/vmc2026-track3-sys019-utt029.wav,3.8894845709963937
sys020,utt148,wav/vmc2026-track3-sys020-utt148.wav,wav/vmc2026-track3-sys019-utt147.wav,3.2349027209094046
sys006,utt066,wav/vmc2026-track3-sys006-utt066.wav,wav/vmc2026-track3-sys019-utt065.wav,4.553406057985961
sys020,utt154,wav/vmc2026-track3-sys020-utt154.wav,wav/vmc2026-track3-sys019-utt153.wav,3.9625393359897423
sys011,utt176,wav/vmc2026-track3-sys011-utt176.wav,wav/vmc2026-track3-sys019-utt175.wav,3.6697796872907436
sys022,utt208,wav/vmc2026-track3-sys022-utt208.wav,wav/vmc2026-track3-sys019-utt207.wav,3.626786200652014
sys018,utt032,wav/vmc2026-track3-sys018-utt032.wav,wav/vmc2026-track3-sys019-utt031.wav,3.546507866964433
sys023,utt144,wav/vmc2026-track3-sys023-utt144.wav,wav/vmc2026-track3-sys019-utt143.wav,3.4414428103894505
sys012,utt084,wav/vmc2026-track3-sys012-utt084.wav,wav/vmc2026-track3-sys019-utt083.wav,3.722269626462759
sys006,utt176,wav/vmc2026-track3-sys006-utt176.wav,wav/vmc2026-track3-sys019-utt175.wav,3.937695489884005
sys020,utt218,wav/vmc2026-track3-sys020-utt218.wav,wav/vmc2026-track3-sys019-utt217.wav,3.9321506956507966
sys012,utt002,wav/vmc2026-track3-sys012-utt002.wav,wav/vmc2026-track3-sys019-utt001.wav,4.004293577598184
sys016,utt292,wav/vmc2026-track3-sys016-utt292.wav,wav/vmc2026-track3-sys019-utt291.wav,3.663153708242524
sys022,utt282,wav/vmc2026-track3-sys022-utt282.wav,wav/vmc2026-track3-sys019-utt281.wav,3.868479761965487
sys011,utt184,wav/vmc2026-track3-sys011-utt184.wav,wav/vmc2026-track3-sys019-utt183.wav,4.466380722260942
sys022,utt196,wav/vmc2026-track3-sys022-utt196.wav,wav/vmc2026-track3-sys019-utt195.wav,4.205539839418956
sys024,utt002,wav/vmc2026-track3-sys024-utt002.wav,wav/vmc2026-track3-sys019-utt001.wav,4.289103050227801
sys016,utt298,wav/vmc2026-track3-sys016-utt298.wav,wav/vmc2026-track3-sys019-utt297.wav,3.6423906487725266
sys012,utt194,wav/vmc2026-track3-sys012-utt194.wav,wav/vmc2026-track3-sys019-utt193.wav,4.220383753424783
sys012,utt238,wav/vmc2026-track3-sys012-utt238.wav,wav/vmc2026-track3-sys019-utt237.wav,4.219459966838941
sys008,utt084,wav/vmc2026-track3-sys008-utt084.wav,wav/vmc2026-track3-sys019-utt083.wav,3.78480169189416
sys007,utt086,wav/vmc2026-track3-sys007-utt086.wav,wav/vmc2026-track3-sys019-utt085.wav,3.1910477508661566
sys006,utt022,wav/vmc2026-track3-sys006-utt022.wav,wav/vmc2026-track3-sys019-utt021.wav,4.41074682623954
sys020,utt266,wav/vmc2026-track3-sys020-utt266.wav,wav/vmc2026-track3-sys019-utt265.wav,3.755036468275406
sys007,utt112,wav/vmc2026-track3-sys007-utt112.wav,wav/vmc2026-track3-sys019-utt111.wav,3.2180942120820695
sys014,utt232,wav/vmc2026-track3-sys014-utt232.wav,wav/vmc2026-track3-sys019-utt231.wav,4.023443739887746
sys020,utt112,wav/vmc2026-track3-sys020-utt112.wav,wav/vmc2026-track3-sys019-utt111.wav,3.3216944473839742
sys022,utt038,wav/vmc2026-track3-sys022-utt038.wav,wav/vmc2026-track3-sys019-utt037.wav,3.4695405183224985
sys018,utt218,wav/vmc2026-track3-sys018-utt218.wav,wav/vmc2026-track3-sys019-utt217.wav,4.394497244815034
sys005,utt298,wav/vmc2026-track3-sys005-utt298.wav,wav/vmc2026-track3-sys019-utt297.wav,3.942953259784088
sys025,utt302,wav/vmc2026-track3-sys025-utt302.wav,wav/vmc2026-track3-sys019-utt301.wav,3.985275473251374
sys018,utt270,wav/vmc2026-track3-sys018-utt270.wav,wav/vmc2026-track3-sys019-utt269.wav,4.1326631846935715
sys009,utt282,wav/vmc2026-track3-sys009-utt282.wav,wav/vmc2026-track3-sys019-utt281.wav,4.551942170078004
sys018,utt210,wav/vmc2026-track3-sys018-utt210.wav,wav/vmc2026-track3-sys019-utt209.wav,3.681149971797774
sys001,utt172,wav/vmc2026-track3-sys001-utt172.wav,wav/vmc2026-track3-sys019-utt171.wav,3.894629169281216
sys013,utt002,wav/vmc2026-track3-sys013-utt002.wav,wav/vmc2026-track3-sys019-utt001.wav,4.1777962147011465
sys009,utt302,wav/vmc2026-track3-sys009-utt302.wav,wav/vmc2026-track3-sys019-utt301.wav,4.4169904938237545
sys024,utt292,wav/vmc2026-track3-sys024-utt292.wav,wav/vmc2026-track3-sys019-utt291.wav,4.17132753738126
sys010,utt264,wav/vmc2026-track3-sys010-utt264.wav,wav/vmc2026-track3-sys019-utt263.wav,3.940058839462285
sys007,utt200,wav/vmc2026-track3-sys007-utt200.wav,wav/vmc2026-track3-sys019-utt199.wav,4.255834004128384
sys022,utt102,wav/vmc2026-track3-sys022-utt102.wav,wav/vmc2026-track3-sys019-utt101.wav,3.9334565298107798
sys013,utt062,wav/vmc2026-track3-sys013-utt062.wav,wav/vmc2026-track3-sys019-utt061.wav,4.290701051007335
sys013,utt250,wav/vmc2026-track3-sys013-utt250.wav,wav/vmc2026-track3-sys019-utt249.wav,4.6092107622491625
sys010,utt010,wav/vmc2026-track3-sys010-utt010.wav,wav/vmc2026-track3-sys019-utt009.wav,4.397596149423563
sys024,utt180,wav/vmc2026-track3-sys024-utt180.wav,wav/vmc2026-track3-sys019-utt179.wav,3.681153736195976
sys002,utt208,wav/vmc2026-track3-sys002-utt208.wav,wav/vmc2026-track3-sys019-utt207.wav,4.422833849453829
sys013,utt050,wav/vmc2026-track3-sys013-utt050.wav,wav/vmc2026-track3-sys019-utt049.wav,4.290765140613588
sys013,utt066,wav/vmc2026-track3-sys013-utt066.wav,wav/vmc2026-track3-sys019-utt065.wav,4.4112256006928625
sys001,utt266,wav/vmc2026-track3-sys001-utt266.wav,wav/vmc2026-track3-sys019-utt265.wav,3.901218625437154
sys001,utt016,wav/vmc2026-track3-sys001-utt016.wav,wav/vmc2026-track3-sys019-utt015.wav,3.92925570094685
sys024,utt018,wav/vmc2026-track3-sys024-utt018.wav,wav/vmc2026-track3-sys019-utt017.wav,4.57753600124753
sys001,utt020,wav/vmc2026-track3-sys001-utt020.wav,wav/vmc2026-track3-sys019-utt019.wav,3.878598316634247
sys016,utt126,wav/vmc2026-track3-sys016-utt126.wav,wav/vmc2026-track3-sys019-utt125.wav,4.046861393585036
sys022,utt198,wav/vmc2026-track3-sys022-utt198.wav,wav/vmc2026-track3-sys019-utt197.wav,4.061489027209095
sys006,utt076,wav/vmc2026-track3-sys006-utt076.wav,wav/vmc2026-track3-sys019-utt075.wav,4.473877848455215
sys002,utt266,wav/vmc2026-track3-sys002-utt266.wav,wav/vmc2026-track3-sys019-utt265.wav,4.770042901593454
sys001,utt116,wav/vmc2026-track3-sys001-utt116.wav,wav/vmc2026-track3-sys019-utt115.wav,3.6623415933888612
sys025,utt264,wav/vmc2026-track3-sys025-utt264.wav,wav/vmc2026-track3-sys019-utt263.wav,4.086340336920648
sys006,utt134,wav/vmc2026-track3-sys006-utt134.wav,wav/vmc2026-track3-sys019-utt133.wav,3.9877274132503433
sys012,utt144,wav/vmc2026-track3-sys012-utt144.wav,wav/vmc2026-track3-sys019-utt143.wav,3.554642184233121
sys007,utt046,wav/vmc2026-track3-sys007-utt046.wav,wav/vmc2026-track3-sys019-utt045.wav,3.846578936512882
sys008,utt214,wav/vmc2026-track3-sys008-utt214.wav,wav/vmc2026-track3-sys019-utt213.wav,4.723292383017163
sys007,utt176,wav/vmc2026-track3-sys007-utt176.wav,wav/vmc2026-track3-sys019-utt175.wav,3.514215995058779
sys007,utt224,wav/vmc2026-track3-sys007-utt224.wav,wav/vmc2026-track3-sys019-utt223.wav,4.242517129440358
sys014,utt276,wav/vmc2026-track3-sys014-utt276.wav,wav/vmc2026-track3-sys019-utt275.wav,4.109005335767862
sys009,utt084,wav/vmc2026-track3-sys009-utt084.wav,wav/vmc2026-track3-sys019-utt083.wav,4.3049072606068
sys011,utt034,wav/vmc2026-track3-sys011-utt034.wav,wav/vmc2026-track3-sys019-utt033.wav,4.1196736588514336
sys025,utt148,wav/vmc2026-track3-sys025-utt148.wav,wav/vmc2026-track3-sys019-utt147.wav,3.774325602158149
sys005,utt132,wav/vmc2026-track3-sys005-utt132.wav,wav/vmc2026-track3-sys019-utt131.wav,3.9139016265300848
sys024,utt318,wav/vmc2026-track3-sys024-utt318.wav,wav/vmc2026-track3-sys019-utt317.wav,4.421495029275637
sys018,utt186,wav/vmc2026-track3-sys018-utt186.wav,wav/vmc2026-track3-sys019-utt185.wav,4.142511810185965
sys017,utt108,wav/vmc2026-track3-sys017-utt108.wav,wav/vmc2026-track3-sys019-utt107.wav,3.7071783806947174
sys022,utt156,wav/vmc2026-track3-sys022-utt156.wav,wav/vmc2026-track3-sys019-utt155.wav,4.577558678727232
sys023,utt038,wav/vmc2026-track3-sys023-utt038.wav,wav/vmc2026-track3-sys019-utt037.wav,3.8625345062647884
sys005,utt192,wav/vmc2026-track3-sys005-utt192.wav,wav/vmc2026-track3-sys019-utt191.wav,3.783480652883571
sys013,utt248,wav/vmc2026-track3-sys013-utt248.wav,wav/vmc2026-track3-sys019-utt247.wav,4.6532758446954015
sys022,utt008,wav/vmc2026-track3-sys022-utt008.wav,wav/vmc2026-track3-sys019-utt007.wav,4.122816416267847
sys014,utt174,wav/vmc2026-track3-sys014-utt174.wav,wav/vmc2026-track3-sys019-utt173.wav,4.052858835219375
sys008,utt234,wav/vmc2026-track3-sys008-utt234.wav,wav/vmc2026-track3-sys019-utt233.wav,3.9612501555703865
sys001,utt066,wav/vmc2026-track3-sys001-utt066.wav,wav/vmc2026-track3-sys019-utt065.wav,4.11562823298944
sys022,utt044,wav/vmc2026-track3-sys022-utt044.wav,wav/vmc2026-track3-sys019-utt043.wav,4.1094320012862084
sys008,utt178,wav/vmc2026-track3-sys008-utt178.wav,wav/vmc2026-track3-sys019-utt177.wav,3.5502161901931006
sys008,utt306,wav/vmc2026-track3-sys008-utt306.wav,wav/vmc2026-track3-sys019-utt305.wav,4.241383771201428
sys020,utt072,wav/vmc2026-track3-sys020-utt072.wav,wav/vmc2026-track3-sys019-utt071.wav,3.5856388460707405
sys018,utt264,wav/vmc2026-track3-sys018-utt264.wav,wav/vmc2026-track3-sys019-utt263.wav,3.1547863813130204
sys018,utt112,wav/vmc2026-track3-sys018-utt112.wav,wav/vmc2026-track3-sys019-utt111.wav,3.275442055046578
sys020,utt174,wav/vmc2026-track3-sys020-utt174.wav,wav/vmc2026-track3-sys019-utt173.wav,3.1975638365155983
sys016,utt274,wav/vmc2026-track3-sys016-utt274.wav,wav/vmc2026-track3-sys019-utt273.wav,4.12827717223753
sys009,utt266,wav/vmc2026-track3-sys009-utt266.wav,wav/vmc2026-track3-sys019-utt265.wav,4.579533366222431
sys026,utt174,wav/vmc2026-track3-sys026-utt174.wav,wav/vmc2026-track3-sys019-utt173.wav,4.070366167268086
sys024,utt202,wav/vmc2026-track3-sys024-utt202.wav,wav/vmc2026-track3-sys019-utt201.wav,4.244121866202416
sys013,utt130,wav/vmc2026-track3-sys013-utt130.wav,wav/vmc2026-track3-sys019-utt129.wav,4.6439803897869805
sys012,utt184,wav/vmc2026-track3-sys012-utt184.wav,wav/vmc2026-track3-sys019-utt183.wav,3.816549525961417
sys006,utt086,wav/vmc2026-track3-sys006-utt086.wav,wav/vmc2026-track3-sys019-utt085.wav,4.327976270412226
sys020,utt002,wav/vmc2026-track3-sys020-utt002.wav,wav/vmc2026-track3-sys019-utt001.wav,3.819762784619024
sys025,utt110,wav/vmc2026-track3-sys025-utt110.wav,wav/vmc2026-track3-sys019-utt109.wav,3.6509425354496616
sys025,utt130,wav/vmc2026-track3-sys025-utt130.wav,wav/vmc2026-track3-sys019-utt129.wav,3.9518107679861187
sys013,utt126,wav/vmc2026-track3-sys013-utt126.wav,wav/vmc2026-track3-sys019-utt125.wav,4.118069386603884
sys005,utt242,wav/vmc2026-track3-sys005-utt242.wav,wav/vmc2026-track3-sys019-utt241.wav,4.042244750786714
sys010,utt292,wav/vmc2026-track3-sys010-utt292.wav,wav/vmc2026-track3-sys019-utt291.wav,4.430592977833244
sys016,utt180,wav/vmc2026-track3-sys016-utt180.wav,wav/vmc2026-track3-sys019-utt179.wav,3.305520033029815
sys026,utt088,wav/vmc2026-track3-sys026-utt088.wav,wav/vmc2026-track3-sys019-utt087.wav,3.6319683170737944
sys006,utt032,wav/vmc2026-track3-sys006-utt032.wav,wav/vmc2026-track3-sys019-utt031.wav,4.136791724748824
sys001,utt178,wav/vmc2026-track3-sys001-utt178.wav,wav/vmc2026-track3-sys019-utt177.wav,3.6249201918547853
sys012,utt032,wav/vmc2026-track3-sys012-utt032.wav,wav/vmc2026-track3-sys019-utt031.wav,3.2851186712000646
sys020,utt248,wav/vmc2026-track3-sys020-utt248.wav,wav/vmc2026-track3-sys019-utt247.wav,4.08677674856661
sys025,utt012,wav/vmc2026-track3-sys025-utt012.wav,wav/vmc2026-track3-sys019-utt011.wav,3.5009980903254347
sys011,utt050,wav/vmc2026-track3-sys011-utt050.wav,wav/vmc2026-track3-sys019-utt049.wav,4.239752403270687
sys023,utt238,wav/vmc2026-track3-sys023-utt238.wav,wav/vmc2026-track3-sys019-utt237.wav,4.276030221835844
sys010,utt238,wav/vmc2026-track3-sys010-utt238.wav,wav/vmc2026-track3-sys019-utt237.wav,3.662551293806036
sys024,utt208,wav/vmc2026-track3-sys024-utt208.wav,wav/vmc2026-track3-sys019-utt207.wav,3.686026894537322
sys005,utt134,wav/vmc2026-track3-sys005-utt134.wav,wav/vmc2026-track3-sys019-utt133.wav,3.9313590483958385
sys007,utt248,wav/vmc2026-track3-sys007-utt248.wav,wav/vmc2026-track3-sys019-utt247.wav,4.041566684270432
sys006,utt048,wav/vmc2026-track3-sys006-utt048.wav,wav/vmc2026-track3-sys019-utt047.wav,4.667233081393821
sys010,utt276,wav/vmc2026-track3-sys010-utt276.wav,wav/vmc2026-track3-sys019-utt275.wav,3.802098644987274
sys026,utt158,wav/vmc2026-track3-sys026-utt158.wav,wav/vmc2026-track3-sys019-utt157.wav,4.354789357320021
sys016,utt232,wav/vmc2026-track3-sys016-utt232.wav,wav/vmc2026-track3-sys019-utt231.wav,3.665131876685248
sys016,utt008,wav/vmc2026-track3-sys016-utt008.wav,wav/vmc2026-track3-sys019-utt007.wav,3.3586683468045333
sys009,utt028,wav/vmc2026-track3-sys009-utt028.wav,wav/vmc2026-track3-sys019-utt027.wav,4.655477302832092
sys009,utt046,wav/vmc2026-track3-sys009-utt046.wav,wav/vmc2026-track3-sys019-utt045.wav,4.548308322730123
sys002,utt016,wav/vmc2026-track3-sys002-utt016.wav,wav/vmc2026-track3-sys019-utt015.wav,4.359572789294811
sys012,utt082,wav/vmc2026-track3-sys012-utt082.wav,wav/vmc2026-track3-sys019-utt081.wav,3.739568002626938
sys006,utt124,wav/vmc2026-track3-sys006-utt124.wav,wav/vmc2026-track3-sys019-utt123.wav,4.124678583812339
sys026,utt272,wav/vmc2026-track3-sys026-utt272.wav,wav/vmc2026-track3-sys019-utt271.wav,4.229101820190685
sys002,utt268,wav/vmc2026-track3-sys002-utt268.wav,wav/vmc2026-track3-sys019-utt267.wav,4.3496347897044565
sys009,utt110,wav/vmc2026-track3-sys009-utt110.wav,wav/vmc2026-track3-sys019-utt109.wav,4.818515557423077
sys008,utt320,wav/vmc2026-track3-sys008-utt320.wav,wav/vmc2026-track3-sys019-utt319.wav,4.604851086690011
sys010,utt124,wav/vmc2026-track3-sys010-utt124.wav,wav/vmc2026-track3-sys019-utt123.wav,4.146966300717745
sys005,utt130,wav/vmc2026-track3-sys005-utt130.wav,wav/vmc2026-track3-sys019-utt129.wav,4.110420168277373
sys010,utt206,wav/vmc2026-track3-sys010-utt206.wav,wav/vmc2026-track3-sys019-utt205.wav,4.037274269602121
sys001,utt298,wav/vmc2026-track3-sys001-utt298.wav,wav/vmc2026-track3-sys019-utt297.wav,4.0648428555028735
sys005,utt110,wav/vmc2026-track3-sys005-utt110.wav,wav/vmc2026-track3-sys019-utt109.wav,4.116605874114305
sys001,utt194,wav/vmc2026-track3-sys001-utt194.wav,wav/vmc2026-track3-sys019-utt193.wav,4.276289946019135
sys023,utt010,wav/vmc2026-track3-sys023-utt010.wav,wav/vmc2026-track3-sys019-utt009.wav,4.67652575451028
sys018,utt246,wav/vmc2026-track3-sys018-utt246.wav,wav/vmc2026-track3-sys019-utt245.wav,3.651630169487402
sys013,utt298,wav/vmc2026-track3-sys013-utt298.wav,wav/vmc2026-track3-sys019-utt297.wav,4.46231859145072
sys002,utt224,wav/vmc2026-track3-sys002-utt224.wav,wav/vmc2026-track3-sys019-utt223.wav,4.772455883387817
sys016,utt270,wav/vmc2026-track3-sys016-utt270.wav,wav/vmc2026-track3-sys019-utt269.wav,3.952916388368558
sys016,utt026,wav/vmc2026-track3-sys016-utt026.wav,wav/vmc2026-track3-sys019-utt025.wav,3.456126255686642
sys023,utt128,wav/vmc2026-track3-sys023-utt128.wav,wav/vmc2026-track3-sys019-utt127.wav,4.5959536904894005
sys010,utt142,wav/vmc2026-track3-sys010-utt142.wav,wav/vmc2026-track3-sys019-utt141.wav,3.6174344068104327
sys009,utt192,wav/vmc2026-track3-sys009-utt192.wav,wav/vmc2026-track3-sys019-utt191.wav,4.320923166043054
sys016,utt220,wav/vmc2026-track3-sys016-utt220.wav,wav/vmc2026-track3-sys019-utt219.wav,3.6917827674234847
sys014,utt072,wav/vmc2026-track3-sys014-utt072.wav,wav/vmc2026-track3-sys019-utt071.wav,4.360282955437207
sys014,utt312,wav/vmc2026-track3-sys014-utt312.wav,wav/vmc2026-track3-sys019-utt311.wav,4.326385787404605
sys013,utt014,wav/vmc2026-track3-sys013-utt014.wav,wav/vmc2026-track3-sys019-utt013.wav,4.058959866796312
sys006,utt320,wav/vmc2026-track3-sys006-utt320.wav,wav/vmc2026-track3-sys019-utt319.wav,4.52363856296735
sys011,utt078,wav/vmc2026-track3-sys011-utt078.wav,wav/vmc2026-track3-sys019-utt077.wav,4.069053565288496
sys017,utt236,wav/vmc2026-track3-sys017-utt236.wav,wav/vmc2026-track3-sys019-utt235.wav,3.8355047748354107
sys011,utt152,wav/vmc2026-track3-sys011-utt152.wav,wav/vmc2026-track3-sys019-utt151.wav,4.468233369850193
sys016,utt140,wav/vmc2026-track3-sys016-utt140.wav,wav/vmc2026-track3-sys019-utt139.wav,2.9096623478641774
sys017,utt178,wav/vmc2026-track3-sys017-utt178.wav,wav/vmc2026-track3-sys019-utt177.wav,3.772651567051648
sys017,utt224,wav/vmc2026-track3-sys017-utt224.wav,wav/vmc2026-track3-sys019-utt223.wav,4.347565531422454
sys018,utt292,wav/vmc2026-track3-sys018-utt292.wav,wav/vmc2026-track3-sys019-utt291.wav,3.955311927171716
sys022,utt148,wav/vmc2026-track3-sys022-utt148.wav,wav/vmc2026-track3-sys019-utt147.wav,3.1967258562621534
sys025,utt038,wav/vmc2026-track3-sys025-utt038.wav,wav/vmc2026-track3-sys019-utt037.wav,3.256325321174547
sys026,utt278,wav/vmc2026-track3-sys026-utt278.wav,wav/vmc2026-track3-sys019-utt277.wav,4.108803464956134
sys005,utt080,wav/vmc2026-track3-sys005-utt080.wav,wav/vmc2026-track3-sys019-utt079.wav,3.2988507534693867
sys008,utt172,wav/vmc2026-track3-sys008-utt172.wav,wav/vmc2026-track3-sys019-utt171.wav,3.64031923603293
sys014,utt156,wav/vmc2026-track3-sys014-utt156.wav,wav/vmc2026-track3-sys019-utt155.wav,4.835946438956806
sys012,utt230,wav/vmc2026-track3-sys012-utt230.wav,wav/vmc2026-track3-sys019-utt229.wav,4.3425133095155415
sys007,utt106,wav/vmc2026-track3-sys007-utt106.wav,wav/vmc2026-track3-sys019-utt105.wav,4.1011686393019655
sys025,utt036,wav/vmc2026-track3-sys025-utt036.wav,wav/vmc2026-track3-sys019-utt035.wav,3.332722928135433
sys022,utt152,wav/vmc2026-track3-sys022-utt152.wav,wav/vmc2026-track3-sys019-utt151.wav,4.606932768281864
sys006,utt308,wav/vmc2026-track3-sys006-utt308.wav,wav/vmc2026-track3-sys019-utt307.wav,4.585079352821845
sys008,utt226,wav/vmc2026-track3-sys008-utt226.wav,wav/vmc2026-track3-sys019-utt225.wav,4.798018878724512
sys010,utt038,wav/vmc2026-track3-sys010-utt038.wav,wav/vmc2026-track3-sys019-utt037.wav,3.256979871012184
sys016,utt284,wav/vmc2026-track3-sys016-utt284.wav,wav/vmc2026-track3-sys019-utt283.wav,3.9756691224012606
sys001,utt192,wav/vmc2026-track3-sys001-utt192.wav,wav/vmc2026-track3-sys019-utt191.wav,3.835210122027472
sys010,utt228,wav/vmc2026-track3-sys010-utt228.wav,wav/vmc2026-track3-sys019-utt227.wav,4.392220850489233
sys002,utt194,wav/vmc2026-track3-sys002-utt194.wav,wav/vmc2026-track3-sys019-utt193.wav,4.724545020403881
sys006,utt306,wav/vmc2026-track3-sys006-utt306.wav,wav/vmc2026-track3-sys019-utt305.wav,4.45833783886272
sys010,utt074,wav/vmc2026-track3-sys010-utt074.wav,wav/vmc2026-track3-sys019-utt073.wav,4.052208523344625
sys016,utt288,wav/vmc2026-track3-sys016-utt288.wav,wav/vmc2026-track3-sys019-utt287.wav,4.033330772063166
sys005,utt074,wav/vmc2026-track3-sys005-utt074.wav,wav/vmc2026-track3-sys019-utt073.wav,3.6565259394718206
sys007,utt038,wav/vmc2026-track3-sys007-utt038.wav,wav/vmc2026-track3-sys019-utt037.wav,3.3281711374676015
sys022,utt296,wav/vmc2026-track3-sys022-utt296.wav,wav/vmc2026-track3-sys019-utt295.wav,4.1052439821993865
sys017,utt202,wav/vmc2026-track3-sys017-utt202.wav,wav/vmc2026-track3-sys019-utt201.wav,3.625950293740348
sys001,utt286,wav/vmc2026-track3-sys001-utt286.wav,wav/vmc2026-track3-sys019-utt285.wav,3.9447133498357543
sys009,utt268,wav/vmc2026-track3-sys009-utt268.wav,wav/vmc2026-track3-sys019-utt267.wav,4.674615475111283
sys020,utt272,wav/vmc2026-track3-sys020-utt272.wav,wav/vmc2026-track3-sys019-utt271.wav,3.6342064659449806
sys013,utt030,wav/vmc2026-track3-sys013-utt030.wav,wav/vmc2026-track3-sys019-utt029.wav,4.122105953359342
sys012,utt012,wav/vmc2026-track3-sys012-utt012.wav,wav/vmc2026-track3-sys019-utt011.wav,4.226517451246522
sys013,utt234,wav/vmc2026-track3-sys013-utt234.wav,wav/vmc2026-track3-sys019-utt233.wav,3.9116008112667076
sys011,utt076,wav/vmc2026-track3-sys011-utt076.wav,wav/vmc2026-track3-sys019-utt075.wav,4.119623746557545
sys017,utt080,wav/vmc2026-track3-sys017-utt080.wav,wav/vmc2026-track3-sys019-utt079.wav,3.513787350830705
sys001,utt080,wav/vmc2026-track3-sys001-utt080.wav,wav/vmc2026-track3-sys019-utt079.wav,3.6994003653604053
sys008,utt176,wav/vmc2026-track3-sys008-utt176.wav,wav/vmc2026-track3-sys019-utt175.wav,3.451088112068006
sys009,utt182,wav/vmc2026-track3-sys009-utt182.wav,wav/vmc2026-track3-sys019-utt181.wav,4.64030698782148
sys012,utt046,wav/vmc2026-track3-sys012-utt046.wav,wav/vmc2026-track3-sys019-utt045.wav,3.3795534299116885
sys002,utt158,wav/vmc2026-track3-sys002-utt158.wav,wav/vmc2026-track3-sys019-utt157.wav,4.840003496557451
sys009,utt250,wav/vmc2026-track3-sys009-utt250.wav,wav/vmc2026-track3-sys019-utt249.wav,4.617237498382764
sys008,utt298,wav/vmc2026-track3-sys008-utt298.wav,wav/vmc2026-track3-sys019-utt297.wav,4.505443665870557
sys012,utt316,wav/vmc2026-track3-sys012-utt316.wav,wav/vmc2026-track3-sys019-utt315.wav,4.092732575361204
sys023,utt142,wav/vmc2026-track3-sys023-utt142.wav,wav/vmc2026-track3-sys019-utt141.wav,4.244608916430708
sys023,utt312,wav/vmc2026-track3-sys023-utt312.wav,wav/vmc2026-track3-sys019-utt311.wav,4.204933280383074
sys017,utt300,wav/vmc2026-track3-sys017-utt300.wav,wav/vmc2026-track3-sys019-utt299.wav,3.763352950061137
sys002,utt122,wav/vmc2026-track3-sys002-utt122.wav,wav/vmc2026-track3-sys019-utt121.wav,4.18877820862049
sys012,utt036,wav/vmc2026-track3-sys012-utt036.wav,wav/vmc2026-track3-sys019-utt035.wav,3.480590460725683
sys022,utt036,wav/vmc2026-track3-sys022-utt036.wav,wav/vmc2026-track3-sys019-utt035.wav,3.075112889888621
sys010,utt014,wav/vmc2026-track3-sys010-utt014.wav,wav/vmc2026-track3-sys019-utt013.wav,4.3342499127144
sys007,utt140,wav/vmc2026-track3-sys007-utt140.wav,wav/vmc2026-track3-sys019-utt139.wav,3.259320071023706
sys001,utt304,wav/vmc2026-track3-sys001-utt304.wav,wav/vmc2026-track3-sys019-utt303.wav,4.472004586807349
sys005,utt160,wav/vmc2026-track3-sys005-utt160.wav,wav/vmc2026-track3-sys019-utt159.wav,4.060662941866898
sys014,utt030,wav/vmc2026-track3-sys014-utt030.wav,wav/vmc2026-track3-sys019-utt029.wav,4.1955327955722845
sys022,utt066,wav/vmc2026-track3-sys022-utt066.wav,wav/vmc2026-track3-sys019-utt065.wav,4.011446411371779
sys026,utt040,wav/vmc2026-track3-sys026-utt040.wav,wav/vmc2026-track3-sys019-utt039.wav,3.8598300608512286
sys023,utt076,wav/vmc2026-track3-sys023-utt076.wav,wav/vmc2026-track3-sys019-utt075.wav,4.184148229061049
sys024,utt046,wav/vmc2026-track3-sys024-utt046.wav,wav/vmc2026-track3-sys019-utt045.wav,3.8371877536744
sys016,utt194,wav/vmc2026-track3-sys016-utt194.wav,wav/vmc2026-track3-sys019-utt193.wav,3.027439222062932
sys011,utt212,wav/vmc2026-track3-sys011-utt212.wav,wav/vmc2026-track3-sys019-utt211.wav,4.312098284265001
sys009,utt030,wav/vmc2026-track3-sys009-utt030.wav,wav/vmc2026-track3-sys019-utt029.wav,4.739459280772245
sys002,utt088,wav/vmc2026-track3-sys002-utt088.wav,wav/vmc2026-track3-sys019-utt087.wav,4.161306636263095
sys013,utt006,wav/vmc2026-track3-sys013-utt006.wav,wav/vmc2026-track3-sys019-utt005.wav,3.796909427182143
sys013,utt034,wav/vmc2026-track3-sys013-utt034.wav,wav/vmc2026-track3-sys019-utt033.wav,4.213418863092815
sys016,utt276,wav/vmc2026-track3-sys016-utt276.wav,wav/vmc2026-track3-sys019-utt275.wav,3.6947193555027495
sys001,utt018,wav/vmc2026-track3-sys001-utt018.wav,wav/vmc2026-track3-sys019-utt017.wav,4.358690514295885
sys005,utt184,wav/vmc2026-track3-sys005-utt184.wav,wav/vmc2026-track3-sys019-utt183.wav,4.065308353516984
sys013,utt036,wav/vmc2026-track3-sys013-utt036.wav,wav/vmc2026-track3-sys019-utt035.wav,3.624221184392593
sys026,utt282,wav/vmc2026-track3-sys026-utt282.wav,wav/vmc2026-track3-sys019-utt281.wav,4.23863120645103
sys018,utt300,wav/vmc2026-track3-sys018-utt300.wav,wav/vmc2026-track3-sys019-utt299.wav,3.3374531900154576
sys005,utt294,wav/vmc2026-track3-sys005-utt294.wav,wav/vmc2026-track3-sys019-utt293.wav,4.339866813054828
sys012,utt078,wav/vmc2026-track3-sys012-utt078.wav,wav/vmc2026-track3-sys019-utt077.wav,4.124741789098739
sys001,utt294,wav/vmc2026-track3-sys001-utt294.wav,wav/vmc2026-track3-sys019-utt293.wav,4.3569747125108105
sys018,utt184,wav/vmc2026-track3-sys018-utt184.wav,wav/vmc2026-track3-sys019-utt183.wav,3.596602271289032
sys014,utt282,wav/vmc2026-track3-sys014-utt282.wav,wav/vmc2026-track3-sys019-utt281.wav,4.489188336259593
sys014,utt218,wav/vmc2026-track3-sys014-utt218.wav,wav/vmc2026-track3-sys019-utt217.wav,4.585116509313195
sys017,utt086,wav/vmc2026-track3-sys017-utt086.wav,wav/vmc2026-track3-sys019-utt085.wav,3.3139959670356998
sys014,utt132,wav/vmc2026-track3-sys014-utt132.wav,wav/vmc2026-track3-sys019-utt131.wav,3.5627193747529433
sys011,utt002,wav/vmc2026-track3-sys011-utt002.wav,wav/vmc2026-track3-sys019-utt001.wav,4.356587401852059
sys012,utt010,wav/vmc2026-track3-sys012-utt010.wav,wav/vmc2026-track3-sys019-utt009.wav,4.324751782173725
sys010,utt120,wav/vmc2026-track3-sys010-utt120.wav,wav/vmc2026-track3-sys019-utt119.wav,3.9175150557215193
sys013,utt278,wav/vmc2026-track3-sys013-utt278.wav,wav/vmc2026-track3-sys019-utt277.wav,4.241905363435075
sys022,utt194,wav/vmc2026-track3-sys022-utt194.wav,wav/vmc2026-track3-sys019-utt193.wav,4.181219905827024
sys025,utt310,wav/vmc2026-track3-sys025-utt310.wav,wav/vmc2026-track3-sys019-utt309.wav,4.2515087660961886
sys014,utt104,wav/vmc2026-track3-sys014-utt104.wav,wav/vmc2026-track3-sys019-utt103.wav,4.625747374675815
sys007,utt028,wav/vmc2026-track3-sys007-utt028.wav,wav/vmc2026-track3-sys019-utt027.wav,4.250137732144278
sys011,utt150,wav/vmc2026-track3-sys011-utt150.wav,wav/vmc2026-track3-sys019-utt149.wav,4.289468144542413
sys010,utt192,wav/vmc2026-track3-sys010-utt192.wav,wav/vmc2026-track3-sys019-utt191.wav,3.910019120080967
sys006,utt084,wav/vmc2026-track3-sys006-utt084.wav,wav/vmc2026-track3-sys019-utt083.wav,4.383653231959898
sys017,utt130,wav/vmc2026-track3-sys017-utt130.wav,wav/vmc2026-track3-sys019-utt129.wav,3.9488220174784443
sys009,utt106,wav/vmc2026-track3-sys009-utt106.wav,wav/vmc2026-track3-sys019-utt105.wav,4.603246518681886
sys010,utt128,wav/vmc2026-track3-sys010-utt128.wav,wav/vmc2026-track3-sys019-utt127.wav,3.9346365077826513
sys007,utt026,wav/vmc2026-track3-sys007-utt026.wav,wav/vmc2026-track3-sys019-utt025.wav,4.028789172795696
sys005,utt046,wav/vmc2026-track3-sys005-utt046.wav,wav/vmc2026-track3-sys019-utt045.wav,4.117614999340681
sys002,utt126,wav/vmc2026-track3-sys002-utt126.wav,wav/vmc2026-track3-sys019-utt125.wav,4.338307494930555
sys026,utt042,wav/vmc2026-track3-sys026-utt042.wav,wav/vmc2026-track3-sys019-utt041.wav,4.440000082640016
sys009,utt292,wav/vmc2026-track3-sys009-utt292.wav,wav/vmc2026-track3-sys019-utt291.wav,4.607272138914326
sys020,utt212,wav/vmc2026-track3-sys020-utt212.wav,wav/vmc2026-track3-sys019-utt211.wav,3.4241925139013074
sys009,utt034,wav/vmc2026-track3-sys009-utt034.wav,wav/vmc2026-track3-sys019-utt033.wav,4.109730777970952
sys008,utt068,wav/vmc2026-track3-sys008-utt068.wav,wav/vmc2026-track3-sys019-utt067.wav,3.7928494416684404
sys008,utt112,wav/vmc2026-track3-sys008-utt112.wav,wav/vmc2026-track3-sys019-utt111.wav,3.832119696198989
sys008,utt062,wav/vmc2026-track3-sys008-utt062.wav,wav/vmc2026-track3-sys019-utt061.wav,3.769093568315941
sys005,utt244,wav/vmc2026-track3-sys005-utt244.wav,wav/vmc2026-track3-sys019-utt243.wav,3.6977763206571472
sys013,utt044,wav/vmc2026-track3-sys013-utt044.wav,wav/vmc2026-track3-sys019-utt043.wav,3.7152217421604643
sys007,utt286,wav/vmc2026-track3-sys007-utt286.wav,wav/vmc2026-track3-sys019-utt285.wav,3.8366225653726165
sys005,utt276,wav/vmc2026-track3-sys005-utt276.wav,wav/vmc2026-track3-sys019-utt275.wav,3.954688734394547
sys006,utt276,wav/vmc2026-track3-sys006-utt276.wav,wav/vmc2026-track3-sys019-utt275.wav,4.292775593894756
sys018,utt316,wav/vmc2026-track3-sys018-utt316.wav,wav/vmc2026-track3-sys019-utt315.wav,3.307603743647607
sys009,utt108,wav/vmc2026-track3-sys009-utt108.wav,wav/vmc2026-track3-sys019-utt107.wav,4.6519646802646175
sys009,utt218,wav/vmc2026-track3-sys009-utt218.wav,wav/vmc2026-track3-sys019-utt217.wav,4.915320664020822
sys018,utt232,wav/vmc2026-track3-sys018-utt232.wav,wav/vmc2026-track3-sys019-utt231.wav,3.148869426499839
sys018,utt282,wav/vmc2026-track3-sys018-utt282.wav,wav/vmc2026-track3-sys019-utt281.wav,3.683776467968098
sys025,utt152,wav/vmc2026-track3-sys025-utt152.wav,wav/vmc2026-track3-sys019-utt151.wav,4.311595806510854
sys006,utt010,wav/vmc2026-track3-sys006-utt010.wav,wav/vmc2026-track3-sys019-utt009.wav,4.406857467456849
sys024,utt016,wav/vmc2026-track3-sys024-utt016.wav,wav/vmc2026-track3-sys019-utt015.wav,3.9715113907787862
sys009,utt064,wav/vmc2026-track3-sys009-utt064.wav,wav/vmc2026-track3-sys019-utt063.wav,4.484659363457729
sys020,utt020,wav/vmc2026-track3-sys020-utt020.wav,wav/vmc2026-track3-sys019-utt019.wav,3.398878705846982
sys025,utt284,wav/vmc2026-track3-sys025-utt284.wav,wav/vmc2026-track3-sys019-utt283.wav,4.232695368688899
sys016,utt238,wav/vmc2026-track3-sys016-utt238.wav,wav/vmc2026-track3-sys019-utt237.wav,3.6229940119627915
sys023,utt200,wav/vmc2026-track3-sys023-utt200.wav,wav/vmc2026-track3-sys019-utt199.wav,4.55902081343222
sys024,utt116,wav/vmc2026-track3-sys024-utt116.wav,wav/vmc2026-track3-sys019-utt115.wav,4.014286170919682
sys025,utt272,wav/vmc2026-track3-sys025-utt272.wav,wav/vmc2026-track3-sys019-utt271.wav,3.754139696654556
sys001,utt242,wav/vmc2026-track3-sys001-utt242.wav,wav/vmc2026-track3-sys019-utt241.wav,4.16914736913376
sys020,utt220,wav/vmc2026-track3-sys020-utt220.wav,wav/vmc2026-track3-sys019-utt219.wav,3.675949764022436
sys011,utt138,wav/vmc2026-track3-sys011-utt138.wav,wav/vmc2026-track3-sys019-utt137.wav,4.294157433236589
sys018,utt276,wav/vmc2026-track3-sys018-utt276.wav,wav/vmc2026-track3-sys019-utt275.wav,4.2352801532050846
sys014,utt234,wav/vmc2026-track3-sys014-utt234.wav,wav/vmc2026-track3-sys019-utt233.wav,4.253316164275638
sys018,utt158,wav/vmc2026-track3-sys018-utt158.wav,wav/vmc2026-track3-sys019-utt157.wav,4.013312671602437
sys012,utt204,wav/vmc2026-track3-sys012-utt204.wav,wav/vmc2026-track3-sys019-utt203.wav,3.8127626442390796
sys014,utt264,wav/vmc2026-track3-sys014-utt264.wav,wav/vmc2026-track3-sys019-utt263.wav,4.378844183109499
sys007,utt124,wav/vmc2026-track3-sys007-utt124.wav,wav/vmc2026-track3-sys019-utt123.wav,3.8241573036337777
sys007,utt160,wav/vmc2026-track3-sys007-utt160.wav,wav/vmc2026-track3-sys019-utt159.wav,4.220565453079933
sys024,utt152,wav/vmc2026-track3-sys024-utt152.wav,wav/vmc2026-track3-sys019-utt151.wav,4.478326431504474
sys025,utt064,wav/vmc2026-track3-sys025-utt064.wav,wav/vmc2026-track3-sys019-utt063.wav,3.855305746140104
sys024,utt080,wav/vmc2026-track3-sys024-utt080.wav,wav/vmc2026-track3-sys019-utt079.wav,3.9316360586514296
sys018,utt208,wav/vmc2026-track3-sys018-utt208.wav,wav/vmc2026-track3-sys019-utt207.wav,4.2213887199568445
sys026,utt250,wav/vmc2026-track3-sys026-utt250.wav,wav/vmc2026-track3-sys019-utt249.wav,4.343007135269263
sys014,utt022,wav/vmc2026-track3-sys014-utt022.wav,wav/vmc2026-track3-sys019-utt021.wav,4.165414622748295
sys001,utt122,wav/vmc2026-track3-sys001-utt122.wav,wav/vmc2026-track3-sys019-utt121.wav,4.380088844199057
sys012,utt112,wav/vmc2026-track3-sys012-utt112.wav,wav/vmc2026-track3-sys019-utt111.wav,2.9509876405854722
sys013,utt246,wav/vmc2026-track3-sys013-utt246.wav,wav/vmc2026-track3-sys019-utt245.wav,4.379295400493742
sys016,utt198,wav/vmc2026-track3-sys016-utt198.wav,wav/vmc2026-track3-sys019-utt197.wav,3.841366095727175
sys006,utt316,wav/vmc2026-track3-sys006-utt316.wav,wav/vmc2026-track3-sys019-utt315.wav,4.3125773802837575
sys017,utt302,wav/vmc2026-track3-sys017-utt302.wav,wav/vmc2026-track3-sys019-utt301.wav,3.8394262454938994
sys007,utt016,wav/vmc2026-track3-sys007-utt016.wav,wav/vmc2026-track3-sys019-utt015.wav,3.653617946146407
sys001,utt158,wav/vmc2026-track3-sys001-utt158.wav,wav/vmc2026-track3-sys019-utt157.wav,4.0157448101889415
sys024,utt070,wav/vmc2026-track3-sys024-utt070.wav,wav/vmc2026-track3-sys019-utt069.wav,4.2329655385283935
sys002,utt238,wav/vmc2026-track3-sys002-utt238.wav,wav/vmc2026-track3-sys019-utt237.wav,4.295498659746515
sys005,utt304,wav/vmc2026-track3-sys005-utt304.wav,wav/vmc2026-track3-sys019-utt303.wav,3.8603508312493964
sys023,utt090,wav/vmc2026-track3-sys023-utt090.wav,wav/vmc2026-track3-sys019-utt089.wav,4.567341494315876
sys007,utt048,wav/vmc2026-track3-sys007-utt048.wav,wav/vmc2026-track3-sys019-utt047.wav,3.888155362024283
sys022,utt294,wav/vmc2026-track3-sys022-utt294.wav,wav/vmc2026-track3-sys019-utt293.wav,4.006882147292939
sys026,utt230,wav/vmc2026-track3-sys026-utt230.wav,wav/vmc2026-track3-sys019-utt229.wav,4.373206289216002
sys024,utt248,wav/vmc2026-track3-sys024-utt248.wav,wav/vmc2026-track3-sys019-utt247.wav,4.681513041609857
sys006,utt218,wav/vmc2026-track3-sys006-utt218.wav,wav/vmc2026-track3-sys019-utt217.wav,4.773736003469461
sys006,utt234,wav/vmc2026-track3-sys006-utt234.wav,wav/vmc2026-track3-sys019-utt233.wav,3.9546705822952166
sys011,utt146,wav/vmc2026-track3-sys011-utt146.wav,wav/vmc2026-track3-sys019-utt145.wav,3.9891895120153738
sys016,utt084,wav/vmc2026-track3-sys016-utt084.wav,wav/vmc2026-track3-sys019-utt083.wav,3.4586418146733013
sys014,utt318,wav/vmc2026-track3-sys014-utt318.wav,wav/vmc2026-track3-sys019-utt317.wav,4.643497921560196
sys018,utt142,wav/vmc2026-track3-sys018-utt142.wav,wav/vmc2026-track3-sys019-utt141.wav,3.779177025637444
sys014,utt298,wav/vmc2026-track3-sys014-utt298.wav,wav/vmc2026-track3-sys019-utt297.wav,4.358084144681195
sys017,utt176,wav/vmc2026-track3-sys017-utt176.wav,wav/vmc2026-track3-sys019-utt175.wav,3.4163440609661233
sys002,utt264,wav/vmc2026-track3-sys002-utt264.wav,wav/vmc2026-track3-sys019-utt263.wav,4.466054720852414
sys026,utt106,wav/vmc2026-track3-sys026-utt106.wav,wav/vmc2026-track3-sys019-utt105.wav,4.136203840709226
sys018,utt236,wav/vmc2026-track3-sys018-utt236.wav,wav/vmc2026-track3-sys019-utt235.wav,3.649779817722411
sys013,utt204,wav/vmc2026-track3-sys013-utt204.wav,wav/vmc2026-track3-sys019-utt203.wav,3.9382348689755093
sys016,utt318,wav/vmc2026-track3-sys016-utt318.wav,wav/vmc2026-track3-sys019-utt317.wav,3.516256743231277
sys008,utt042,wav/vmc2026-track3-sys008-utt042.wav,wav/vmc2026-track3-sys019-utt041.wav,4.6218242730614945
sys008,utt282,wav/vmc2026-track3-sys008-utt282.wav,wav/vmc2026-track3-sys019-utt281.wav,4.72533225844374
sys012,utt108,wav/vmc2026-track3-sys012-utt108.wav,wav/vmc2026-track3-sys019-utt107.wav,4.098127692887867
sys001,utt314,wav/vmc2026-track3-sys001-utt314.wav,wav/vmc2026-track3-sys019-utt313.wav,4.200286602005172
sys018,utt050,wav/vmc2026-track3-sys018-utt050.wav,wav/vmc2026-track3-sys019-utt049.wav,4.0137555147151796
sys017,utt146,wav/vmc2026-track3-sys017-utt146.wav,wav/vmc2026-track3-sys019-utt145.wav,3.4970273385476647
sys012,utt120,wav/vmc2026-track3-sys012-utt120.wav,wav/vmc2026-track3-sys019-utt119.wav,3.8825857214168735
sys008,utt124,wav/vmc2026-track3-sys008-utt124.wav,wav/vmc2026-track3-sys019-utt123.wav,4.074432579748753
sys007,utt182,wav/vmc2026-track3-sys007-utt182.wav,wav/vmc2026-track3-sys019-utt181.wav,3.628334315677269
sys008,utt046,wav/vmc2026-track3-sys008-utt046.wav,wav/vmc2026-track3-sys019-utt045.wav,4.360181554141242
sys001,utt142,wav/vmc2026-track3-sys001-utt142.wav,wav/vmc2026-track3-sys019-utt141.wav,3.487861709995068
sys026,utt016,wav/vmc2026-track3-sys026-utt016.wav,wav/vmc2026-track3-sys019-utt015.wav,4.215005388581424
sys014,utt270,wav/vmc2026-track3-sys014-utt270.wav,wav/vmc2026-track3-sys019-utt269.wav,4.2454918289350845
sys016,utt200,wav/vmc2026-track3-sys016-utt200.wav,wav/vmc2026-track3-sys019-utt199.wav,4.306011361474005
sys012,utt300,wav/vmc2026-track3-sys012-utt300.wav,wav/vmc2026-track3-sys019-utt299.wav,4.16414053328593
sys022,utt040,wav/vmc2026-track3-sys022-utt040.wav,wav/vmc2026-track3-sys019-utt039.wav,3.406180157833922
sys026,utt036,wav/vmc2026-track3-sys026-utt036.wav,wav/vmc2026-track3-sys019-utt035.wav,3.846493601804801
sys010,utt024,wav/vmc2026-track3-sys010-utt024.wav,wav/vmc2026-track3-sys019-utt023.wav,3.3556864826571844
sys012,utt040,wav/vmc2026-track3-sys012-utt040.wav,wav/vmc2026-track3-sys019-utt039.wav,4.180806164542914
sys009,utt006,wav/vmc2026-track3-sys009-utt006.wav,wav/vmc2026-track3-sys019-utt005.wav,4.135375796814627
sys005,utt114,wav/vmc2026-track3-sys005-utt114.wav,wav/vmc2026-track3-sys019-utt113.wav,3.322484094059913
sys020,utt142,wav/vmc2026-track3-sys020-utt142.wav,wav/vmc2026-track3-sys019-utt141.wav,3.242517610487581
sys025,utt120,wav/vmc2026-track3-sys025-utt120.wav,wav/vmc2026-track3-sys019-utt119.wav,3.5357293000421626
sys016,utt110,wav/vmc2026-track3-sys016-utt110.wav,wav/vmc2026-track3-sys019-utt109.wav,3.261850743439826
sys009,utt138,wav/vmc2026-track3-sys009-utt138.wav,wav/vmc2026-track3-sys019-utt137.wav,4.389226292015826
sys002,utt250,wav/vmc2026-track3-sys002-utt250.wav,wav/vmc2026-track3-sys019-utt249.wav,4.693689260720931
sys020,utt136,wav/vmc2026-track3-sys020-utt136.wav,wav/vmc2026-track3-sys019-utt135.wav,3.6991250563844575
sys002,utt202,wav/vmc2026-track3-sys002-utt202.wav,wav/vmc2026-track3-sys019-utt201.wav,4.493063621343196
sys008,utt120,wav/vmc2026-track3-sys008-utt120.wav,wav/vmc2026-track3-sys019-utt119.wav,4.067761883387238
sys024,utt174,wav/vmc2026-track3-sys024-utt174.wav,wav/vmc2026-track3-sys019-utt173.wav,3.482378199389259
sys002,utt006,wav/vmc2026-track3-sys002-utt006.wav,wav/vmc2026-track3-sys019-utt005.wav,4.341901854659332
sys002,utt008,wav/vmc2026-track3-sys002-utt008.wav,wav/vmc2026-track3-sys019-utt007.wav,4.63267129040025
sys012,utt294,wav/vmc2026-track3-sys012-utt294.wav,wav/vmc2026-track3-sys019-utt293.wav,4.1224290324821915
sys001,utt106,wav/vmc2026-track3-sys001-utt106.wav,wav/vmc2026-track3-sys019-utt105.wav,3.934574964043017
sys020,utt010,wav/vmc2026-track3-sys020-utt010.wav,wav/vmc2026-track3-sys019-utt009.wav,3.6913011428245635
sys018,utt284,wav/vmc2026-track3-sys018-utt284.wav,wav/vmc2026-track3-sys019-utt283.wav,3.209543092447829
sys018,utt196,wav/vmc2026-track3-sys018-utt196.wav,wav/vmc2026-track3-sys019-utt195.wav,4.268054144766715
sys018,utt048,wav/vmc2026-track3-sys018-utt048.wav,wav/vmc2026-track3-sys019-utt047.wav,4.279560933041157
sys024,utt140,wav/vmc2026-track3-sys024-utt140.wav,wav/vmc2026-track3-sys019-utt139.wav,3.713478201471513
sys001,utt250,wav/vmc2026-track3-sys001-utt250.wav,wav/vmc2026-track3-sys019-utt249.wav,4.168973737277844
sys013,utt084,wav/vmc2026-track3-sys013-utt084.wav,wav/vmc2026-track3-sys019-utt083.wav,3.6444602784648334
sys020,utt118,wav/vmc2026-track3-sys020-utt118.wav,wav/vmc2026-track3-sys019-utt117.wav,3.0823162902380137
sys005,utt050,wav/vmc2026-track3-sys005-utt050.wav,wav/vmc2026-track3-sys019-utt049.wav,4.335212494863805
sys025,utt028,wav/vmc2026-track3-sys025-utt028.wav,wav/vmc2026-track3-sys019-utt027.wav,3.675896961699287
sys022,utt310,wav/vmc2026-track3-sys022-utt310.wav,wav/vmc2026-track3-sys019-utt309.wav,3.86763297689345
sys025,utt090,wav/vmc2026-track3-sys025-utt090.wav,wav/vmc2026-track3-sys019-utt089.wav,3.858995240229157
sys023,utt024,wav/vmc2026-track3-sys023-utt024.wav,wav/vmc2026-track3-sys019-utt023.wav,4.446312169812029
sys009,utt272,wav/vmc2026-track3-sys009-utt272.wav,wav/vmc2026-track3-sys019-utt271.wav,4.597043129263871
sys005,utt024,wav/vmc2026-track3-sys005-utt024.wav,wav/vmc2026-track3-sys019-utt023.wav,4.016510274537097
sys023,utt146,wav/vmc2026-track3-sys023-utt146.wav,wav/vmc2026-track3-sys019-utt145.wav,4.062244163169134
sys016,utt316,wav/vmc2026-track3-sys016-utt316.wav,wav/vmc2026-track3-sys019-utt315.wav,3.7491715592665518
sys025,utt106,wav/vmc2026-track3-sys025-utt106.wav,wav/vmc2026-track3-sys019-utt105.wav,3.169944563832692
sys026,utt154,wav/vmc2026-track3-sys026-utt154.wav,wav/vmc2026-track3-sys019-utt153.wav,4.596426955729145
sys007,utt208,wav/vmc2026-track3-sys007-utt208.wav,wav/vmc2026-track3-sys019-utt207.wav,3.3914880199786754
sys022,utt280,wav/vmc2026-track3-sys022-utt280.wav,wav/vmc2026-track3-sys019-utt279.wav,4.444728985985053
sys020,utt200,wav/vmc2026-track3-sys020-utt200.wav,wav/vmc2026-track3-sys019-utt199.wav,3.580927572265629
sys026,utt226,wav/vmc2026-track3-sys026-utt226.wav,wav/vmc2026-track3-sys019-utt225.wav,4.349468721852258
sys020,utt234,wav/vmc2026-track3-sys020-utt234.wav,wav/vmc2026-track3-sys019-utt233.wav,3.4172617692650373
sys022,utt126,wav/vmc2026-track3-sys022-utt126.wav,wav/vmc2026-track3-sys019-utt125.wav,4.073246469157203
sys009,utt112,wav/vmc2026-track3-sys009-utt112.wav,wav/vmc2026-track3-sys019-utt111.wav,3.6333394712906606
sys006,utt126,wav/vmc2026-track3-sys006-utt126.wav,wav/vmc2026-track3-sys019-utt125.wav,4.605460349240316
sys012,utt156,wav/vmc2026-track3-sys012-utt156.wav,wav/vmc2026-track3-sys019-utt155.wav,4.329316423969847
sys018,utt174,wav/vmc2026-track3-sys018-utt174.wav,wav/vmc2026-track3-sys019-utt173.wav,2.921572144293191
sys009,utt126,wav/vmc2026-track3-sys009-utt126.wav,wav/vmc2026-track3-sys019-utt125.wav,4.732381631452963
sys012,utt214,wav/vmc2026-track3-sys012-utt214.wav,wav/vmc2026-track3-sys019-utt213.wav,4.1696117960029335
sys018,utt068,wav/vmc2026-track3-sys018-utt068.wav,wav/vmc2026-track3-sys019-utt067.wav,3.509085904566931
sys007,utt114,wav/vmc2026-track3-sys007-utt114.wav,wav/vmc2026-track3-sys019-utt113.wav,3.6173133678526694
sys011,utt194,wav/vmc2026-track3-sys011-utt194.wav,wav/vmc2026-track3-sys019-utt193.wav,4.6500430877364245
sys009,utt242,wav/vmc2026-track3-sys009-utt242.wav,wav/vmc2026-track3-sys019-utt241.wav,4.704831369471847
sys006,utt018,wav/vmc2026-track3-sys006-utt018.wav,wav/vmc2026-track3-sys019-utt017.wav,4.80159960636036
sys011,utt048,wav/vmc2026-track3-sys011-utt048.wav,wav/vmc2026-track3-sys019-utt047.wav,4.449331181347087
sys012,utt206,wav/vmc2026-track3-sys012-utt206.wav,wav/vmc2026-track3-sys019-utt205.wav,3.7849847526273
sys016,utt156,wav/vmc2026-track3-sys016-utt156.wav,wav/vmc2026-track3-sys019-utt155.wav,4.37225751472507
sys018,utt228,wav/vmc2026-track3-sys018-utt228.wav,wav/vmc2026-track3-sys019-utt227.wav,3.7831204895122967
sys002,utt292,wav/vmc2026-track3-sys002-utt292.wav,wav/vmc2026-track3-sys019-utt291.wav,4.598721478771557
sys024,utt084,wav/vmc2026-track3-sys024-utt084.wav,wav/vmc2026-track3-sys019-utt083.wav,3.589430515171407
sys002,utt272,wav/vmc2026-track3-sys002-utt272.wav,wav/vmc2026-track3-sys019-utt271.wav,4.493793024055422
sys001,utt112,wav/vmc2026-track3-sys001-utt112.wav,wav/vmc2026-track3-sys019-utt111.wav,3.6726430748810515
sys023,utt008,wav/vmc2026-track3-sys023-utt008.wav,wav/vmc2026-track3-sys019-utt007.wav,4.387372488312903
sys023,utt264,wav/vmc2026-track3-sys023-utt264.wav,wav/vmc2026-track3-sys019-utt263.wav,4.39970270789313
sys006,utt082,wav/vmc2026-track3-sys006-utt082.wav,wav/vmc2026-track3-sys019-utt081.wav,4.010302347148973
sys017,utt298,wav/vmc2026-track3-sys017-utt298.wav,wav/vmc2026-track3-sys019-utt297.wav,3.88189580312735
sys005,utt126,wav/vmc2026-track3-sys005-utt126.wav,wav/vmc2026-track3-sys019-utt125.wav,3.348077222456988
sys016,utt012,wav/vmc2026-track3-sys016-utt012.wav,wav/vmc2026-track3-sys019-utt011.wav,3.7907113690040024
sys024,utt044,wav/vmc2026-track3-sys024-utt044.wav,wav/vmc2026-track3-sys019-utt043.wav,4.450610863539824
sys014,utt038,wav/vmc2026-track3-sys014-utt038.wav,wav/vmc2026-track3-sys019-utt037.wav,4.043129018811604
sys010,utt102,wav/vmc2026-track3-sys010-utt102.wav,wav/vmc2026-track3-sys019-utt101.wav,4.188641467105057
sys010,utt048,wav/vmc2026-track3-sys010-utt048.wav,wav/vmc2026-track3-sys019-utt047.wav,3.7873956147035672
sys012,utt074,wav/vmc2026-track3-sys012-utt074.wav,wav/vmc2026-track3-sys019-utt073.wav,3.6585767546394528
sys011,utt086,wav/vmc2026-track3-sys011-utt086.wav,wav/vmc2026-track3-sys019-utt085.wav,3.857266036569686
sys024,utt288,wav/vmc2026-track3-sys024-utt288.wav,wav/vmc2026-track3-sys019-utt287.wav,4.014788676392618
sys010,utt296,wav/vmc2026-track3-sys010-utt296.wav,wav/vmc2026-track3-sys019-utt295.wav,4.373658586643042
sys009,utt086,wav/vmc2026-track3-sys009-utt086.wav,wav/vmc2026-track3-sys019-utt085.wav,4.310052460173725
sys026,utt290,wav/vmc2026-track3-sys026-utt290.wav,wav/vmc2026-track3-sys019-utt289.wav,3.9221276852485762
sys011,utt286,wav/vmc2026-track3-sys011-utt286.wav,wav/vmc2026-track3-sys019-utt285.wav,4.320469896110466
sys013,utt102,wav/vmc2026-track3-sys013-utt102.wav,wav/vmc2026-track3-sys019-utt101.wav,4.205429906998081
sys017,utt304,wav/vmc2026-track3-sys017-utt304.wav,wav/vmc2026-track3-sys019-utt303.wav,3.776072236156187
sys001,utt224,wav/vmc2026-track3-sys001-utt224.wav,wav/vmc2026-track3-sys019-utt223.wav,4.361025661697004
sys006,utt268,wav/vmc2026-track3-sys006-utt268.wav,wav/vmc2026-track3-sys019-utt267.wav,4.44049473453173
sys026,utt068,wav/vmc2026-track3-sys026-utt068.wav,wav/vmc2026-track3-sys019-utt067.wav,3.6905813332004556
sys008,utt010,wav/vmc2026-track3-sys008-utt010.wav,wav/vmc2026-track3-sys019-utt009.wav,4.294656719493352
sys024,utt158,wav/vmc2026-track3-sys024-utt158.wav,wav/vmc2026-track3-sys019-utt157.wav,4.513123776490724
sys012,utt196,wav/vmc2026-track3-sys012-utt196.wav,wav/vmc2026-track3-sys019-utt195.wav,3.9790916640108787
sys017,utt088,wav/vmc2026-track3-sys017-utt088.wav,wav/vmc2026-track3-sys019-utt087.wav,3.8187635078730566
sys024,utt230,wav/vmc2026-track3-sys024-utt230.wav,wav/vmc2026-track3-sys019-utt229.wav,4.259318774971463
sys026,utt144,wav/vmc2026-track3-sys026-utt144.wav,wav/vmc2026-track3-sys019-utt143.wav,3.4300324955909716
sys018,utt138,wav/vmc2026-track3-sys018-utt138.wav,wav/vmc2026-track3-sys019-utt137.wav,3.515547921750683
sys024,utt300,wav/vmc2026-track3-sys024-utt300.wav,wav/vmc2026-track3-sys019-utt299.wav,4.2296336454461425
sys007,utt234,wav/vmc2026-track3-sys007-utt234.wav,wav/vmc2026-track3-sys019-utt233.wav,3.9270097284608076
sys024,utt038,wav/vmc2026-track3-sys024-utt038.wav,wav/vmc2026-track3-sys019-utt037.wav,3.4436278464211534
sys011,utt186,wav/vmc2026-track3-sys011-utt186.wav,wav/vmc2026-track3-sys019-utt185.wav,4.425378936515291
sys008,utt074,wav/vmc2026-track3-sys008-utt074.wav,wav/vmc2026-track3-sys019-utt073.wav,4.111025681043816
sys012,utt152,wav/vmc2026-track3-sys012-utt152.wav,wav/vmc2026-track3-sys019-utt151.wav,3.810707266283505
sys022,utt150,wav/vmc2026-track3-sys022-utt150.wav,wav/vmc2026-track3-sys019-utt149.wav,3.106925022355227
sys006,utt110,wav/vmc2026-track3-sys006-utt110.wav,wav/vmc2026-track3-sys019-utt109.wav,4.734065031710651
sys020,utt032,wav/vmc2026-track3-sys020-utt032.wav,wav/vmc2026-track3-sys019-utt031.wav,3.1737514671868623
sys024,utt172,wav/vmc2026-track3-sys024-utt172.wav,wav/vmc2026-track3-sys019-utt171.wav,4.027660761476993
sys023,utt194,wav/vmc2026-track3-sys023-utt194.wav,wav/vmc2026-track3-sys019-utt193.wav,4.6676823464260515
sys022,utt120,wav/vmc2026-track3-sys022-utt120.wav,wav/vmc2026-track3-sys019-utt119.wav,3.432210964430857
sys011,utt196,wav/vmc2026-track3-sys011-utt196.wav,wav/vmc2026-track3-sys019-utt195.wav,4.47993318345708
sys011,utt288,wav/vmc2026-track3-sys011-utt288.wav,wav/vmc2026-track3-sys019-utt287.wav,3.9771323660975977
sys013,utt302,wav/vmc2026-track3-sys013-utt302.wav,wav/vmc2026-track3-sys019-utt301.wav,4.032069111354371
sys016,utt182,wav/vmc2026-track3-sys016-utt182.wav,wav/vmc2026-track3-sys019-utt181.wav,3.7608463272187658
sys018,utt014,wav/vmc2026-track3-sys018-utt014.wav,wav/vmc2026-track3-sys019-utt013.wav,3.7217145858808585
sys016,utt020,wav/vmc2026-track3-sys016-utt020.wav,wav/vmc2026-track3-sys019-utt019.wav,3.6305705259981074
sys013,utt042,wav/vmc2026-track3-sys013-utt042.wav,wav/vmc2026-track3-sys019-utt041.wav,4.053607635764328
sys017,utt120,wav/vmc2026-track3-sys017-utt120.wav,wav/vmc2026-track3-sys019-utt119.wav,3.6819559636981474
sys013,utt274,wav/vmc2026-track3-sys013-utt274.wav,wav/vmc2026-track3-sys019-utt273.wav,4.300293194880545
sys007,utt090,wav/vmc2026-track3-sys007-utt090.wav,wav/vmc2026-track3-sys019-utt089.wav,3.8961051998564935
sys023,utt192,wav/vmc2026-track3-sys023-utt192.wav,wav/vmc2026-track3-sys019-utt191.wav,4.193304682089339
sys012,utt064,wav/vmc2026-track3-sys012-utt064.wav,wav/vmc2026-track3-sys019-utt063.wav,3.9205339636338716
sys007,utt070,wav/vmc2026-track3-sys007-utt070.wav,wav/vmc2026-track3-sys019-utt069.wav,3.880945953223056
sys023,utt180,wav/vmc2026-track3-sys023-utt180.wav,wav/vmc2026-track3-sys019-utt179.wav,3.943726859308742
sys013,utt104,wav/vmc2026-track3-sys013-utt104.wav,wav/vmc2026-track3-sys019-utt103.wav,4.299243475221123
sys002,utt284,wav/vmc2026-track3-sys002-utt284.wav,wav/vmc2026-track3-sys019-utt283.wav,4.663499486013407
sys006,utt130,wav/vmc2026-track3-sys006-utt130.wav,wav/vmc2026-track3-sys019-utt129.wav,4.296380871558938
sys001,utt144,wav/vmc2026-track3-sys001-utt144.wav,wav/vmc2026-track3-sys019-utt143.wav,3.7046558843645943
sys007,utt304,wav/vmc2026-track3-sys007-utt304.wav,wav/vmc2026-track3-sys019-utt303.wav,3.9669410997690475
sys013,utt186,wav/vmc2026-track3-sys013-utt186.wav,wav/vmc2026-track3-sys019-utt185.wav,3.9113443272758603
sys023,utt072,wav/vmc2026-track3-sys023-utt072.wav,wav/vmc2026-track3-sys019-utt071.wav,3.449924068154699
sys025,utt076,wav/vmc2026-track3-sys025-utt076.wav,wav/vmc2026-track3-sys019-utt075.wav,3.8859949547871078
sys011,utt158,wav/vmc2026-track3-sys011-utt158.wav,wav/vmc2026-track3-sys019-utt157.wav,4.225155054489344
sys014,utt128,wav/vmc2026-track3-sys014-utt128.wav,wav/vmc2026-track3-sys019-utt127.wav,4.296512383541887
sys005,utt028,wav/vmc2026-track3-sys005-utt028.wav,wav/vmc2026-track3-sys019-utt027.wav,4.330214101878502
sys017,utt078,wav/vmc2026-track3-sys017-utt078.wav,wav/vmc2026-track3-sys019-utt077.wav,4.037727725793026
sys010,utt208,wav/vmc2026-track3-sys010-utt208.wav,wav/vmc2026-track3-sys019-utt207.wav,3.787218125926159
sys022,utt034,wav/vmc2026-track3-sys022-utt034.wav,wav/vmc2026-track3-sys019-utt033.wav,3.6749952696658226
sys011,utt210,wav/vmc2026-track3-sys011-utt210.wav,wav/vmc2026-track3-sys019-utt209.wav,4.372413449483288
sys002,utt276,wav/vmc2026-track3-sys002-utt276.wav,wav/vmc2026-track3-sys019-utt275.wav,4.000660267544856
sys010,utt234,wav/vmc2026-track3-sys010-utt234.wav,wav/vmc2026-track3-sys019-utt233.wav,3.563471979520571
sys026,utt044,wav/vmc2026-track3-sys026-utt044.wav,wav/vmc2026-track3-sys019-utt043.wav,4.308223582821609
sys006,utt294,wav/vmc2026-track3-sys006-utt294.wav,wav/vmc2026-track3-sys019-utt293.wav,4.347456898949163
sys022,utt246,wav/vmc2026-track3-sys022-utt246.wav,wav/vmc2026-track3-sys019-utt245.wav,3.9769456658496263
sys017,utt024,wav/vmc2026-track3-sys017-utt024.wav,wav/vmc2026-track3-sys019-utt023.wav,3.9444433268715327
sys025,utt144,wav/vmc2026-track3-sys025-utt144.wav,wav/vmc2026-track3-sys019-utt143.wav,3.9063296149627553
sys010,utt288,wav/vmc2026-track3-sys010-utt288.wav,wav/vmc2026-track3-sys019-utt287.wav,3.9588899155399533
sys005,utt038,wav/vmc2026-track3-sys005-utt038.wav,wav/vmc2026-track3-sys019-utt037.wav,3.3780422792750375
sys012,utt142,wav/vmc2026-track3-sys012-utt142.wav,wav/vmc2026-track3-sys019-utt141.wav,3.710002419972014
sys006,utt016,wav/vmc2026-track3-sys006-utt016.wav,wav/vmc2026-track3-sys019-utt015.wav,4.282214667718723
sys013,utt174,wav/vmc2026-track3-sys013-utt174.wav,wav/vmc2026-track3-sys019-utt173.wav,3.8435329963267475
sys008,utt184,wav/vmc2026-track3-sys008-utt184.wav,wav/vmc2026-track3-sys019-utt183.wav,4.154025141013596
sys011,utt278,wav/vmc2026-track3-sys011-utt278.wav,wav/vmc2026-track3-sys019-utt277.wav,4.387334365395232
sys020,utt028,wav/vmc2026-track3-sys020-utt028.wav,wav/vmc2026-track3-sys019-utt027.wav,3.248821033816141
sys018,utt106,wav/vmc2026-track3-sys018-utt106.wav,wav/vmc2026-track3-sys019-utt105.wav,3.82816321173637
sys026,utt288,wav/vmc2026-track3-sys026-utt288.wav,wav/vmc2026-track3-sys019-utt287.wav,3.802072075214878
sys009,utt306,wav/vmc2026-track3-sys009-utt306.wav,wav/vmc2026-track3-sys019-utt305.wav,4.648199114085381
sys014,utt112,wav/vmc2026-track3-sys014-utt112.wav,wav/vmc2026-track3-sys019-utt111.wav,4.010889161698074
sys014,utt036,wav/vmc2026-track3-sys014-utt036.wav,wav/vmc2026-track3-sys019-utt035.wav,3.3529778631930567
sys017,utt228,wav/vmc2026-track3-sys017-utt228.wav,wav/vmc2026-track3-sys019-utt227.wav,4.353467247955822
sys017,utt180,wav/vmc2026-track3-sys017-utt180.wav,wav/vmc2026-track3-sys019-utt179.wav,3.2243823739262876
sys013,utt296,wav/vmc2026-track3-sys013-utt296.wav,wav/vmc2026-track3-sys019-utt295.wav,4.414363508430562
sys014,utt006,wav/vmc2026-track3-sys014-utt006.wav,wav/vmc2026-track3-sys019-utt005.wav,4.497330215611923
sys010,utt112,wav/vmc2026-track3-sys010-utt112.wav,wav/vmc2026-track3-sys019-utt111.wav,3.3619194554738914
sys017,utt198,wav/vmc2026-track3-sys017-utt198.wav,wav/vmc2026-track3-sys019-utt197.wav,4.649443280452997
sys008,utt192,wav/vmc2026-track3-sys008-utt192.wav,wav/vmc2026-track3-sys019-utt191.wav,4.398856214957023
sys002,utt316,wav/vmc2026-track3-sys002-utt316.wav,wav/vmc2026-track3-sys019-utt315.wav,4.285536371507293
sys016,utt150,wav/vmc2026-track3-sys016-utt150.wav,wav/vmc2026-track3-sys019-utt149.wav,3.010716038660435
sys020,utt278,wav/vmc2026-track3-sys020-utt278.wav,wav/vmc2026-track3-sys019-utt277.wav,3.655864362229436
sys008,utt180,wav/vmc2026-track3-sys008-utt180.wav,wav/vmc2026-track3-sys019-utt179.wav,3.298827967206485
sys005,utt076,wav/vmc2026-track3-sys005-utt076.wav,wav/vmc2026-track3-sys019-utt075.wav,3.4279841714840993
sys001,utt008,wav/vmc2026-track3-sys001-utt008.wav,wav/vmc2026-track3-sys019-utt007.wav,4.3035152760807875
sys002,utt262,wav/vmc2026-track3-sys002-utt262.wav,wav/vmc2026-track3-sys019-utt261.wav,4.575988956234374
sys009,utt286,wav/vmc2026-track3-sys009-utt286.wav,wav/vmc2026-track3-sys019-utt285.wav,4.277153565463632
sys008,utt248,wav/vmc2026-track3-sys008-utt248.wav,wav/vmc2026-track3-sys019-utt247.wav,4.740503452972428
sys026,utt086,wav/vmc2026-track3-sys026-utt086.wav,wav/vmc2026-track3-sys019-utt085.wav,3.73985076833416
sys006,utt004,wav/vmc2026-track3-sys006-utt004.wav,wav/vmc2026-track3-sys019-utt003.wav,4.222191498061035
sys008,utt222,wav/vmc2026-track3-sys008-utt222.wav,wav/vmc2026-track3-sys019-utt221.wav,4.507972893081114
sys011,utt142,wav/vmc2026-track3-sys011-utt142.wav,wav/vmc2026-track3-sys019-utt141.wav,3.853506517291666
sys010,utt044,wav/vmc2026-track3-sys010-utt044.wav,wav/vmc2026-track3-sys019-utt043.wav,3.7141317182232525
sys023,utt108,wav/vmc2026-track3-sys023-utt108.wav,wav/vmc2026-track3-sys019-utt107.wav,4.555790868705641
sys013,utt008,wav/vmc2026-track3-sys013-utt008.wav,wav/vmc2026-track3-sys019-utt007.wav,4.316374283255196
sys001,utt204,wav/vmc2026-track3-sys001-utt204.wav,wav/vmc2026-track3-sys019-utt203.wav,3.791045220550149
sys026,utt112,wav/vmc2026-track3-sys026-utt112.wav,wav/vmc2026-track3-sys019-utt111.wav,3.8294281085494983
sys018,utt244,wav/vmc2026-track3-sys018-utt244.wav,wav/vmc2026-track3-sys019-utt243.wav,2.8057759894122825
sys026,utt138,wav/vmc2026-track3-sys026-utt138.wav,wav/vmc2026-track3-sys019-utt137.wav,3.7109523583246693
sys024,utt320,wav/vmc2026-track3-sys024-utt320.wav,wav/vmc2026-track3-sys019-utt319.wav,3.984462619746108
sys013,utt220,wav/vmc2026-track3-sys013-utt220.wav,wav/vmc2026-track3-sys019-utt219.wav,4.332113535992286
sys006,utt204,wav/vmc2026-track3-sys006-utt204.wav,wav/vmc2026-track3-sys019-utt203.wav,4.237463239711737
sys013,utt200,wav/vmc2026-track3-sys013-utt200.wav,wav/vmc2026-track3-sys019-utt199.wav,4.1105816528884604
sys016,utt160,wav/vmc2026-track3-sys016-utt160.wav,wav/vmc2026-track3-sys019-utt159.wav,3.88083298683946
sys001,utt312,wav/vmc2026-track3-sys001-utt312.wav,wav/vmc2026-track3-sys019-utt311.wav,4.2462303092588725
sys011,utt268,wav/vmc2026-track3-sys011-utt268.wav,wav/vmc2026-track3-sys019-utt267.wav,3.8925595667852124
sys016,utt148,wav/vmc2026-track3-sys016-utt148.wav,wav/vmc2026-track3-sys019-utt147.wav,3.308440522373949
sys008,utt294,wav/vmc2026-track3-sys008-utt294.wav,wav/vmc2026-track3-sys019-utt293.wav,4.416056924387467
sys025,utt006,wav/vmc2026-track3-sys025-utt006.wav,wav/vmc2026-track3-sys019-utt005.wav,3.9457915278739857
sys012,utt110,wav/vmc2026-track3-sys012-utt110.wav,wav/vmc2026-track3-sys019-utt109.wav,4.499754728718333
sys012,utt150,wav/vmc2026-track3-sys012-utt150.wav,wav/vmc2026-track3-sys019-utt149.wav,3.4680997969543537
sys018,utt262,wav/vmc2026-track3-sys018-utt262.wav,wav/vmc2026-track3-sys019-utt261.wav,3.952374346676477
sys020,utt114,wav/vmc2026-track3-sys020-utt114.wav,wav/vmc2026-track3-sys019-utt113.wav,3.2853817245803416
sys014,utt266,wav/vmc2026-track3-sys014-utt266.wav,wav/vmc2026-track3-sys019-utt265.wav,4.389055457734764
sys016,utt218,wav/vmc2026-track3-sys016-utt218.wav,wav/vmc2026-track3-sys019-utt217.wav,3.9504712056065956
sys016,utt268,wav/vmc2026-track3-sys016-utt268.wav,wav/vmc2026-track3-sys019-utt267.wav,4.064042895444078
sys014,utt016,wav/vmc2026-track3-sys014-utt016.wav,wav/vmc2026-track3-sys019-utt015.wav,4.4602743792134465
sys010,utt040,wav/vmc2026-track3-sys010-utt040.wav,wav/vmc2026-track3-sys019-utt039.wav,4.0101635183484
sys002,utt286,wav/vmc2026-track3-sys002-utt286.wav,wav/vmc2026-track3-sys019-utt285.wav,4.287792822897375
sys014,utt178,wav/vmc2026-track3-sys014-utt178.wav,wav/vmc2026-track3-sys019-utt177.wav,4.110782709912058
sys016,utt226,wav/vmc2026-track3-sys016-utt226.wav,wav/vmc2026-track3-sys019-utt225.wav,3.6754081504021396
sys002,utt050,wav/vmc2026-track3-sys002-utt050.wav,wav/vmc2026-track3-sys019-utt049.wav,4.635045846630405
sys016,utt234,wav/vmc2026-track3-sys016-utt234.wav,wav/vmc2026-track3-sys019-utt233.wav,3.7855335434313617
sys008,utt128,wav/vmc2026-track3-sys008-utt128.wav,wav/vmc2026-track3-sys019-utt127.wav,4.163372522635817
sys008,utt130,wav/vmc2026-track3-sys008-utt130.wav,wav/vmc2026-track3-sys019-utt129.wav,4.329604628188478
sys008,utt318,wav/vmc2026-track3-sys008-utt318.wav,wav/vmc2026-track3-sys019-utt317.wav,4.687947438583207
sys017,utt064,wav/vmc2026-track3-sys017-utt064.wav,wav/vmc2026-track3-sys019-utt063.wav,3.3700640902562364
sys005,utt004,wav/vmc2026-track3-sys005-utt004.wav,wav/vmc2026-track3-sys019-utt003.wav,3.916466462200949
sys002,utt206,wav/vmc2026-track3-sys002-utt206.wav,wav/vmc2026-track3-sys019-utt205.wav,4.406167886112835
sys023,utt230,wav/vmc2026-track3-sys023-utt230.wav,wav/vmc2026-track3-sys019-utt229.wav,4.661292088743181
sys017,utt126,wav/vmc2026-track3-sys017-utt126.wav,wav/vmc2026-track3-sys019-utt125.wav,3.8448018346369963
sys001,utt030,wav/vmc2026-track3-sys001-utt030.wav,wav/vmc2026-track3-sys019-utt029.wav,4.09825601147937
sys009,utt316,wav/vmc2026-track3-sys009-utt316.wav,wav/vmc2026-track3-sys019-utt315.wav,4.395243723378484
sys008,utt126,wav/vmc2026-track3-sys008-utt126.wav,wav/vmc2026-track3-sys019-utt125.wav,4.4867943546561815
sys005,utt268,wav/vmc2026-track3-sys005-utt268.wav,wav/vmc2026-track3-sys019-utt267.wav,4.209871187557128
sys025,utt270,wav/vmc2026-track3-sys025-utt270.wav,wav/vmc2026-track3-sys019-utt269.wav,4.014478669088951
sys024,utt032,wav/vmc2026-track3-sys024-utt032.wav,wav/vmc2026-track3-sys019-utt031.wav,3.5487973051548423
sys020,utt106,wav/vmc2026-track3-sys020-utt106.wav,wav/vmc2026-track3-sys019-utt105.wav,4.104860288247881
sys001,utt280,wav/vmc2026-track3-sys001-utt280.wav,wav/vmc2026-track3-sys019-utt279.wav,4.515103208197932
sys016,utt296,wav/vmc2026-track3-sys016-utt296.wav,wav/vmc2026-track3-sys019-utt295.wav,4.267436990700055
sys007,utt278,wav/vmc2026-track3-sys007-utt278.wav,wav/vmc2026-track3-sys019-utt277.wav,3.4227078939115962
sys017,utt104,wav/vmc2026-track3-sys017-utt104.wav,wav/vmc2026-track3-sys019-utt103.wav,4.363650002530018
sys025,utt320,wav/vmc2026-track3-sys025-utt320.wav,wav/vmc2026-track3-sys019-utt319.wav,3.5152068114967063
sys002,utt282,wav/vmc2026-track3-sys002-utt282.wav,wav/vmc2026-track3-sys019-utt281.wav,4.658249573024753
sys009,utt014,wav/vmc2026-track3-sys009-utt014.wav,wav/vmc2026-track3-sys019-utt013.wav,4.548570305505793
sys006,utt116,wav/vmc2026-track3-sys006-utt116.wav,wav/vmc2026-track3-sys019-utt115.wav,3.8015923817797534
sys025,utt224,wav/vmc2026-track3-sys025-utt224.wav,wav/vmc2026-track3-sys019-utt223.wav,3.6546774024232236
sys006,utt114,wav/vmc2026-track3-sys006-utt114.wav,wav/vmc2026-track3-sys019-utt113.wav,3.7028902282680156
sys010,utt116,wav/vmc2026-track3-sys010-utt116.wav,wav/vmc2026-track3-sys019-utt115.wav,3.537172792469
sys017,utt128,wav/vmc2026-track3-sys017-utt128.wav,wav/vmc2026-track3-sys019-utt127.wav,3.778771031824088
sys011,utt084,wav/vmc2026-track3-sys011-utt084.wav,wav/vmc2026-track3-sys019-utt083.wav,4.022253057689263
sys007,utt136,wav/vmc2026-track3-sys007-utt136.wav,wav/vmc2026-track3-sys019-utt135.wav,3.864805674884023
sys006,utt040,wav/vmc2026-track3-sys006-utt040.wav,wav/vmc2026-track3-sys019-utt039.wav,4.296828169725185
sys002,utt130,wav/vmc2026-track3-sys002-utt130.wav,wav/vmc2026-track3-sys019-utt129.wav,3.955733549555997
sys022,utt320,wav/vmc2026-track3-sys022-utt320.wav,wav/vmc2026-track3-sys019-utt319.wav,4.15494626052999
sys014,utt200,wav/vmc2026-track3-sys014-utt200.wav,wav/vmc2026-track3-sys019-utt199.wav,4.6597737325748545
sys011,utt006,wav/vmc2026-track3-sys011-utt006.wav,wav/vmc2026-track3-sys019-utt005.wav,4.140713336005581
sys008,utt288,wav/vmc2026-track3-sys008-utt288.wav,wav/vmc2026-track3-sys019-utt287.wav,3.992335252693868
sys025,utt216,wav/vmc2026-track3-sys025-utt216.wav,wav/vmc2026-track3-sys019-utt215.wav,4.285115981120609
sys009,utt296,wav/vmc2026-track3-sys009-utt296.wav,wav/vmc2026-track3-sys019-utt295.wav,4.540547462185925
sys016,utt196,wav/vmc2026-track3-sys016-utt196.wav,wav/vmc2026-track3-sys019-utt195.wav,3.9034412176539544
sys005,utt144,wav/vmc2026-track3-sys005-utt144.wav,wav/vmc2026-track3-sys019-utt143.wav,3.9822706218924857
sys022,utt002,wav/vmc2026-track3-sys022-utt002.wav,wav/vmc2026-track3-sys019-utt001.wav,3.937211580169159
sys011,utt228,wav/vmc2026-track3-sys011-utt228.wav,wav/vmc2026-track3-sys019-utt227.wav,4.392867469549236
sys010,utt232,wav/vmc2026-track3-sys010-utt232.wav,wav/vmc2026-track3-sys019-utt231.wav,4.126498456352296
sys008,utt086,wav/vmc2026-track3-sys008-utt086.wav,wav/vmc2026-track3-sys019-utt085.wav,3.8040507923573075
sys011,utt180,wav/vmc2026-track3-sys011-utt180.wav,wav/vmc2026-track3-sys019-utt179.wav,3.8810754684043167
sys011,utt038,wav/vmc2026-track3-sys011-utt038.wav,wav/vmc2026-track3-sys019-utt037.wav,3.851403018592567
sys005,utt010,wav/vmc2026-track3-sys005-utt010.wav,wav/vmc2026-track3-sys019-utt009.wav,4.1990496457636
sys017,utt084,wav/vmc2026-track3-sys017-utt084.wav,wav/vmc2026-track3-sys019-utt083.wav,3.5434041122882367
sys014,utt290,wav/vmc2026-track3-sys014-utt290.wav,wav/vmc2026-track3-sys019-utt289.wav,4.49297994805808
sys023,utt026,wav/vmc2026-track3-sys023-utt026.wav,wav/vmc2026-track3-sys019-utt025.wav,4.094482025961508
sys005,utt148,wav/vmc2026-track3-sys005-utt148.wav,wav/vmc2026-track3-sys019-utt147.wav,3.7993036182912396
sys013,utt116,wav/vmc2026-track3-sys013-utt116.wav,wav/vmc2026-track3-sys019-utt115.wav,3.7942090155164703
sys024,utt120,wav/vmc2026-track3-sys024-utt120.wav,wav/vmc2026-track3-sys019-utt119.wav,3.6581331076415995
sys014,utt154,wav/vmc2026-track3-sys014-utt154.wav,wav/vmc2026-track3-sys019-utt153.wav,4.829794590572083
sys008,utt088,wav/vmc2026-track3-sys008-utt088.wav,wav/vmc2026-track3-sys019-utt087.wav,3.5590437940519393
sys006,utt312,wav/vmc2026-track3-sys006-utt312.wav,wav/vmc2026-track3-sys019-utt311.wav,4.5075667605592145
sys002,utt220,wav/vmc2026-track3-sys002-utt220.wav,wav/vmc2026-track3-sys019-utt219.wav,4.357938919729618
sys006,utt286,wav/vmc2026-track3-sys006-utt286.wav,wav/vmc2026-track3-sys019-utt285.wav,4.217037563165069
sys025,utt142,wav/vmc2026-track3-sys025-utt142.wav,wav/vmc2026-track3-sys019-utt141.wav,3.299560815343185
sys025,utt278,wav/vmc2026-track3-sys025-utt278.wav,wav/vmc2026-track3-sys019-utt277.wav,3.2110146367065533
sys020,utt250,wav/vmc2026-track3-sys020-utt250.wav,wav/vmc2026-track3-sys019-utt249.wav,3.5362000014764936
sys002,utt128,wav/vmc2026-track3-sys002-utt128.wav,wav/vmc2026-track3-sys019-utt127.wav,4.365522314528055
sys005,utt012,wav/vmc2026-track3-sys005-utt012.wav,wav/vmc2026-track3-sys019-utt011.wav,3.6101809139424956
sys023,utt222,wav/vmc2026-track3-sys023-utt222.wav,wav/vmc2026-track3-sys019-utt221.wav,4.503178455718096
sys009,utt226,wav/vmc2026-track3-sys009-utt226.wav,wav/vmc2026-track3-sys019-utt225.wav,4.91781567078138
sys025,utt222,wav/vmc2026-track3-sys025-utt222.wav,wav/vmc2026-track3-sys019-utt221.wav,3.7350798796683597
sys001,utt154,wav/vmc2026-track3-sys001-utt154.wav,wav/vmc2026-track3-sys019-utt153.wav,4.414531284589757
sys007,utt158,wav/vmc2026-track3-sys007-utt158.wav,wav/vmc2026-track3-sys019-utt157.wav,4.667523305227273
sys006,utt236,wav/vmc2026-track3-sys006-utt236.wav,wav/vmc2026-track3-sys019-utt235.wav,4.44321782400687
sys014,utt020,wav/vmc2026-track3-sys014-utt020.wav,wav/vmc2026-track3-sys019-utt019.wav,4.018495132506581
sys005,utt314,wav/vmc2026-track3-sys005-utt314.wav,wav/vmc2026-track3-sys019-utt313.wav,4.09464514714073
sys022,utt042,wav/vmc2026-track3-sys022-utt042.wav,wav/vmc2026-track3-sys019-utt041.wav,4.025223995810394
sys025,utt312,wav/vmc2026-track3-sys025-utt312.wav,wav/vmc2026-track3-sys019-utt311.wav,3.616518707064706
sys014,utt086,wav/vmc2026-track3-sys014-utt086.wav,wav/vmc2026-track3-sys019-utt085.wav,3.827703385054664
sys020,utt024,wav/vmc2026-track3-sys020-utt024.wav,wav/vmc2026-track3-sys019-utt023.wav,3.3609404283657125
sys002,utt148,wav/vmc2026-track3-sys002-utt148.wav,wav/vmc2026-track3-sys019-utt147.wav,4.180633352370861
sys009,utt116,wav/vmc2026-track3-sys009-utt116.wav,wav/vmc2026-track3-sys019-utt115.wav,4.197129654053571
sys007,utt120,wav/vmc2026-track3-sys007-utt120.wav,wav/vmc2026-track3-sys019-utt119.wav,3.4860712591217746
sys007,utt274,wav/vmc2026-track3-sys007-utt274.wav,wav/vmc2026-track3-sys019-utt273.wav,4.229805388553975
sys008,utt072,wav/vmc2026-track3-sys008-utt072.wav,wav/vmc2026-track3-sys019-utt071.wav,4.130759290902544
sys005,utt264,wav/vmc2026-track3-sys005-utt264.wav,wav/vmc2026-track3-sys019-utt263.wav,4.10857152354517
sys011,utt118,wav/vmc2026-track3-sys011-utt118.wav,wav/vmc2026-track3-sys019-utt117.wav,3.9052234671379566
sys023,utt210,wav/vmc2026-track3-sys023-utt210.wav,wav/vmc2026-track3-sys019-utt209.wav,4.310620075056599
sys009,utt038,wav/vmc2026-track3-sys009-utt038.wav,wav/vmc2026-track3-sys019-utt037.wav,4.137718828966482
sys011,utt140,wav/vmc2026-track3-sys011-utt140.wav,wav/vmc2026-track3-sys019-utt139.wav,4.196093299923883
sys016,utt044,wav/vmc2026-track3-sys016-utt044.wav,wav/vmc2026-track3-sys019-utt043.wav,3.752069271078082
sys008,utt102,wav/vmc2026-track3-sys008-utt102.wav,wav/vmc2026-track3-sys019-utt101.wav,4.499951852966138
sys009,utt050,wav/vmc2026-track3-sys009-utt050.wav,wav/vmc2026-track3-sys019-utt049.wav,4.60346440219863
sys025,utt046,wav/vmc2026-track3-sys025-utt046.wav,wav/vmc2026-track3-sys019-utt045.wav,3.6437287021686906
sys018,utt016,wav/vmc2026-track3-sys018-utt016.wav,wav/vmc2026-track3-sys019-utt015.wav,3.13936185971064
sys006,utt068,wav/vmc2026-track3-sys006-utt068.wav,wav/vmc2026-track3-sys019-utt067.wav,4.0709129866909395
sys014,utt278,wav/vmc2026-track3-sys014-utt278.wav,wav/vmc2026-track3-sys019-utt277.wav,4.358962263061854
sys020,utt182,wav/vmc2026-track3-sys020-utt182.wav,wav/vmc2026-track3-sys019-utt181.wav,3.651782778538222
sys017,utt136,wav/vmc2026-track3-sys017-utt136.wav,wav/vmc2026-track3-sys019-utt135.wav,3.6420387659569475
sys025,utt146,wav/vmc2026-track3-sys025-utt146.wav,wav/vmc2026-track3-sys019-utt145.wav,3.5032142696645487
sys002,utt152,wav/vmc2026-track3-sys002-utt152.wav,wav/vmc2026-track3-sys019-utt151.wav,4.583001376867692
sys014,utt182,wav/vmc2026-track3-sys014-utt182.wav,wav/vmc2026-track3-sys019-utt181.wav,4.430984633111487
sys002,utt180,wav/vmc2026-track3-sys002-utt180.wav,wav/vmc2026-track3-sys019-utt179.wav,3.62839813250406
sys014,utt010,wav/vmc2026-track3-sys014-utt010.wav,wav/vmc2026-track3-sys019-utt009.wav,4.5594354792748675
sys008,utt276,wav/vmc2026-track3-sys008-utt276.wav,wav/vmc2026-track3-sys019-utt275.wav,4.324456593023206
sys009,utt246,wav/vmc2026-track3-sys009-utt246.wav,wav/vmc2026-track3-sys019-utt245.wav,4.548389296276655
sys026,utt176,wav/vmc2026-track3-sys026-utt176.wav,wav/vmc2026-track3-sys019-utt175.wav,3.6114102957149417
sys024,utt082,wav/vmc2026-track3-sys024-utt082.wav,wav/vmc2026-track3-sys019-utt081.wav,3.5341807177511204
sys011,utt028,wav/vmc2026-track3-sys011-utt028.wav,wav/vmc2026-track3-sys019-utt027.wav,4.452185899030026
sys005,utt266,wav/vmc2026-track3-sys005-utt266.wav,wav/vmc2026-track3-sys019-utt265.wav,4.184376349672175
sys013,utt288,wav/vmc2026-track3-sys013-utt288.wav,wav/vmc2026-track3-sys019-utt287.wav,4.182369089865902
sys024,utt298,wav/vmc2026-track3-sys024-utt298.wav,wav/vmc2026-track3-sys019-utt297.wav,4.145118890223396
sys007,utt266,wav/vmc2026-track3-sys007-utt266.wav,wav/vmc2026-track3-sys019-utt265.wav,4.066954882233017
sys024,utt278,wav/vmc2026-track3-sys024-utt278.wav,wav/vmc2026-track3-sys019-utt277.wav,4.196124854244912
sys014,utt238,wav/vmc2026-track3-sys014-utt238.wav,wav/vmc2026-track3-sys019-utt237.wav,3.923427382895052
sys008,utt232,wav/vmc2026-track3-sys008-utt232.wav,wav/vmc2026-track3-sys019-utt231.wav,4.160094852047379
sys001,utt196,wav/vmc2026-track3-sys001-utt196.wav,wav/vmc2026-track3-sys019-utt195.wav,3.897403406118453
sys020,utt268,wav/vmc2026-track3-sys020-utt268.wav,wav/vmc2026-track3-sys019-utt267.wav,3.79890138730851
sys012,utt232,wav/vmc2026-track3-sys012-utt232.wav,wav/vmc2026-track3-sys019-utt231.wav,3.8406729792862166
sys017,utt280,wav/vmc2026-track3-sys017-utt280.wav,wav/vmc2026-track3-sys019-utt279.wav,4.023432095637919
sys011,utt012,wav/vmc2026-track3-sys011-utt012.wav,wav/vmc2026-track3-sys019-utt011.wav,4.4346228909542695
sys010,utt298,wav/vmc2026-track3-sys010-utt298.wav,wav/vmc2026-track3-sys019-utt297.wav,4.213841467061808
sys001,utt150,wav/vmc2026-track3-sys001-utt150.wav,wav/vmc2026-track3-sys019-utt149.wav,3.4343210583028005
sys014,utt040,wav/vmc2026-track3-sys014-utt040.wav,wav/vmc2026-track3-sys019-utt039.wav,4.179309501620492
sys013,utt010,wav/vmc2026-track3-sys013-utt010.wav,wav/vmc2026-track3-sys019-utt009.wav,4.078911346171309
sys011,utt172,wav/vmc2026-track3-sys011-utt172.wav,wav/vmc2026-track3-sys019-utt171.wav,3.754289815149385
sys023,utt216,wav/vmc2026-track3-sys023-utt216.wav,wav/vmc2026-track3-sys019-utt215.wav,4.4888484000974165
sys008,utt266,wav/vmc2026-track3-sys008-utt266.wav,wav/vmc2026-track3-sys019-utt265.wav,4.343406158172987
sys008,utt006,wav/vmc2026-track3-sys008-utt006.wav,wav/vmc2026-track3-sys019-utt005.wav,4.192704732994221
sys023,utt152,wav/vmc2026-track3-sys023-utt152.wav,wav/vmc2026-track3-sys019-utt151.wav,4.21873980770879
sys016,utt224,wav/vmc2026-track3-sys016-utt224.wav,wav/vmc2026-track3-sys019-utt223.wav,3.6345549705964757
sys023,utt132,wav/vmc2026-track3-sys023-utt132.wav,wav/vmc2026-track3-sys019-utt131.wav,3.8228970638205304
sys011,utt284,wav/vmc2026-track3-sys011-utt284.wav,wav/vmc2026-track3-sys019-utt283.wav,4.276625136928001
sys011,utt136,wav/vmc2026-track3-sys011-utt136.wav,wav/vmc2026-track3-sys019-utt135.wav,4.443845274607978
sys017,utt116,wav/vmc2026-track3-sys017-utt116.wav,wav/vmc2026-track3-sys019-utt115.wav,3.4046742187247534
sys007,utt080,wav/vmc2026-track3-sys007-utt080.wav,wav/vmc2026-track3-sys019-utt079.wav,3.737871195240986
sys026,utt200,wav/vmc2026-track3-sys026-utt200.wav,wav/vmc2026-track3-sys019-utt199.wav,4.72946974010282
sys006,utt120,wav/vmc2026-track3-sys006-utt120.wav,wav/vmc2026-track3-sys019-utt119.wav,4.158075069367567
sys014,utt242,wav/vmc2026-track3-sys014-utt242.wav,wav/vmc2026-track3-sys019-utt241.wav,4.57413691538591
sys023,utt220,wav/vmc2026-track3-sys023-utt220.wav,wav/vmc2026-track3-sys019-utt219.wav,4.356783380130321
sys013,utt272,wav/vmc2026-track3-sys013-utt272.wav,wav/vmc2026-track3-sys019-utt271.wav,4.4061015869530005
sys023,utt214,wav/vmc2026-track3-sys023-utt214.wav,wav/vmc2026-track3-sys019-utt213.wav,4.539027736968536
sys006,utt192,wav/vmc2026-track3-sys006-utt192.wav,wav/vmc2026-track3-sys019-utt191.wav,4.2710916232760034
sys014,utt262,wav/vmc2026-track3-sys014-utt262.wav,wav/vmc2026-track3-sys019-utt261.wav,4.575976655184122
sys005,utt070,wav/vmc2026-track3-sys005-utt070.wav,wav/vmc2026-track3-sys019-utt069.wav,4.089204306866573
sys008,utt238,wav/vmc2026-track3-sys008-utt238.wav,wav/vmc2026-track3-sys019-utt237.wav,4.2841721970101
sys025,utt304,wav/vmc2026-track3-sys025-utt304.wav,wav/vmc2026-track3-sys019-utt303.wav,4.218959339316038
sys016,utt086,wav/vmc2026-track3-sys016-utt086.wav,wav/vmc2026-track3-sys019-utt085.wav,3.7240972035890256
sys013,utt238,wav/vmc2026-track3-sys013-utt238.wav,wav/vmc2026-track3-sys019-utt237.wav,4.167541687494652
sys007,utt232,wav/vmc2026-track3-sys007-utt232.wav,wav/vmc2026-track3-sys019-utt231.wav,4.055200276616464
sys010,utt174,wav/vmc2026-track3-sys010-utt174.wav,wav/vmc2026-track3-sys019-utt173.wav,4.244532340218243
sys007,utt310,wav/vmc2026-track3-sys007-utt310.wav,wav/vmc2026-track3-sys019-utt309.wav,3.939703327815908
sys022,utt114,wav/vmc2026-track3-sys022-utt114.wav,wav/vmc2026-track3-sys019-utt113.wav,3.6678620403070035
sys025,utt176,wav/vmc2026-track3-sys025-utt176.wav,wav/vmc2026-track3-sys019-utt175.wav,3.6400451528392175
sys017,utt114,wav/vmc2026-track3-sys017-utt114.wav,wav/vmc2026-track3-sys019-utt113.wav,3.1301371894331336
sys009,utt278,wav/vmc2026-track3-sys009-utt278.wav,wav/vmc2026-track3-sys019-utt277.wav,4.526352760676052
sys014,utt146,wav/vmc2026-track3-sys014-utt146.wav,wav/vmc2026-track3-sys019-utt145.wav,4.539567716703334
sys009,utt080,wav/vmc2026-track3-sys009-utt080.wav,wav/vmc2026-track3-sys019-utt079.wav,4.281963341876439
sys006,utt224,wav/vmc2026-track3-sys006-utt224.wav,wav/vmc2026-track3-sys019-utt223.wav,4.743507256562298
sys009,utt148,wav/vmc2026-track3-sys009-utt148.wav,wav/vmc2026-track3-sys019-utt147.wav,4.4486673342755685
sys010,utt220,wav/vmc2026-track3-sys010-utt220.wav,wav/vmc2026-track3-sys019-utt219.wav,4.01100710568802
sys006,utt074,wav/vmc2026-track3-sys006-utt074.wav,wav/vmc2026-track3-sys019-utt073.wav,4.380945463413739
sys025,utt084,wav/vmc2026-track3-sys025-utt084.wav,wav/vmc2026-track3-sys019-utt083.wav,3.8570369732752487
sys013,utt304,wav/vmc2026-track3-sys013-utt304.wav,wav/vmc2026-track3-sys019-utt303.wav,3.9131005898000457
sys022,utt214,wav/vmc2026-track3-sys022-utt214.wav,wav/vmc2026-track3-sys019-utt213.wav,4.605982463661025
sys012,utt134,wav/vmc2026-track3-sys012-utt134.wav,wav/vmc2026-track3-sys019-utt133.wav,3.1958447699791503
sys012,utt308,wav/vmc2026-track3-sys012-utt308.wav,wav/vmc2026-track3-sys019-utt307.wav,4.159279838909142
sys018,utt034,wav/vmc2026-track3-sys018-utt034.wav,wav/vmc2026-track3-sys019-utt033.wav,3.4910487090985236
sys007,utt186,wav/vmc2026-track3-sys007-utt186.wav,wav/vmc2026-track3-sys019-utt185.wav,3.673534286605543
sys012,utt086,wav/vmc2026-track3-sys012-utt086.wav,wav/vmc2026-track3-sys019-utt085.wav,4.228745893396326
sys001,utt226,wav/vmc2026-track3-sys001-utt226.wav,wav/vmc2026-track3-sys019-utt225.wav,4.563710076425471
sys016,utt208,wav/vmc2026-track3-sys016-utt208.wav,wav/vmc2026-track3-sys019-utt207.wav,3.731538528410455
sys016,utt178,wav/vmc2026-track3-sys016-utt178.wav,wav/vmc2026-track3-sys019-utt177.wav,3.8725348835798092
sys024,utt090,wav/vmc2026-track3-sys024-utt090.wav,wav/vmc2026-track3-sys019-utt089.wav,3.620653420233192
sys012,utt024,wav/vmc2026-track3-sys012-utt024.wav,wav/vmc2026-track3-sys019-utt023.wav,3.59874809975285
sys018,utt266,wav/vmc2026-track3-sys018-utt266.wav,wav/vmc2026-track3-sys019-utt265.wav,3.911806492532037
sys006,utt238,wav/vmc2026-track3-sys006-utt238.wav,wav/vmc2026-track3-sys019-utt237.wav,4.344580001843828
sys006,utt226,wav/vmc2026-track3-sys006-utt226.wav,wav/vmc2026-track3-sys019-utt225.wav,4.763364740571394
sys016,utt250,wav/vmc2026-track3-sys016-utt250.wav,wav/vmc2026-track3-sys019-utt249.wav,4.050710018779199
sys023,utt110,wav/vmc2026-track3-sys023-utt110.wav,wav/vmc2026-track3-sys019-utt109.wav,4.639201377130232
sys006,utt062,wav/vmc2026-track3-sys006-utt062.wav,wav/vmc2026-track3-sys019-utt061.wav,3.9666320985770605
sys017,utt312,wav/vmc2026-track3-sys017-utt312.wav,wav/vmc2026-track3-sys019-utt311.wav,3.934661405692419
sys012,utt282,wav/vmc2026-track3-sys012-utt282.wav,wav/vmc2026-track3-sys019-utt281.wav,4.211379533248887
sys001,utt138,wav/vmc2026-track3-sys001-utt138.wav,wav/vmc2026-track3-sys019-utt137.wav,3.271550923659839
sys001,utt248,wav/vmc2026-track3-sys001-utt248.wav,wav/vmc2026-track3-sys019-utt247.wav,4.444424900587969
sys026,utt300,wav/vmc2026-track3-sys026-utt300.wav,wav/vmc2026-track3-sys019-utt299.wav,4.335810336302409
sys023,utt104,wav/vmc2026-track3-sys023-utt104.wav,wav/vmc2026-track3-sys019-utt103.wav,4.470330887712702
sys002,utt146,wav/vmc2026-track3-sys002-utt146.wav,wav/vmc2026-track3-sys019-utt145.wav,4.223680617872684
sys023,utt314,wav/vmc2026-track3-sys023-utt314.wav,wav/vmc2026-track3-sys019-utt313.wav,4.288320920441439
sys014,utt024,wav/vmc2026-track3-sys014-utt024.wav,wav/vmc2026-track3-sys019-utt023.wav,4.253391465077384
sys005,utt040,wav/vmc2026-track3-sys005-utt040.wav,wav/vmc2026-track3-sys019-utt039.wav,3.8397499778608424
sys009,utt120,wav/vmc2026-track3-sys009-utt120.wav,wav/vmc2026-track3-sys019-utt119.wav,3.8660154761962398
sys011,utt264,wav/vmc2026-track3-sys011-utt264.wav,wav/vmc2026-track3-sys019-utt263.wav,4.250851474335395
sys025,utt126,wav/vmc2026-track3-sys025-utt126.wav,wav/vmc2026-track3-sys019-utt125.wav,3.904621501863467
sys020,utt302,wav/vmc2026-track3-sys020-utt302.wav,wav/vmc2026-track3-sys019-utt301.wav,3.553481492441901
sys023,utt078,wav/vmc2026-track3-sys023-utt078.wav,wav/vmc2026-track3-sys019-utt077.wav,4.533621082986939
sys002,utt222,wav/vmc2026-track3-sys002-utt222.wav,wav/vmc2026-track3-sys019-utt221.wav,4.7317299381820055
sys010,utt082,wav/vmc2026-track3-sys010-utt082.wav,wav/vmc2026-track3-sys019-utt081.wav,3.3855952931410287
sys025,utt066,wav/vmc2026-track3-sys025-utt066.wav,wav/vmc2026-track3-sys019-utt065.wav,4.088798421829269
sys009,utt196,wav/vmc2026-track3-sys009-utt196.wav,wav/vmc2026-track3-sys019-utt195.wav,4.538216847164058
sys001,utt012,wav/vmc2026-track3-sys001-utt012.wav,wav/vmc2026-track3-sys019-utt011.wav,4.299552609138526
sys022,utt268,wav/vmc2026-track3-sys022-utt268.wav,wav/vmc2026-track3-sys019-utt267.wav,3.4689341868379313
sys005,utt236,wav/vmc2026-track3-sys005-utt236.wav,wav/vmc2026-track3-sys019-utt235.wav,3.806257115231016
sys014,utt150,wav/vmc2026-track3-sys014-utt150.wav,wav/vmc2026-track3-sys019-utt149.wav,4.254858210846504
sys017,utt068,wav/vmc2026-track3-sys017-utt068.wav,wav/vmc2026-track3-sys019-utt067.wav,3.865700490049596
sys026,utt032,wav/vmc2026-track3-sys026-utt032.wav,wav/vmc2026-track3-sys019-utt031.wav,3.5887048957526164
sys010,utt304,wav/vmc2026-track3-sys010-utt304.wav,wav/vmc2026-track3-sys019-utt303.wav,4.64882578247964
sys013,utt156,wav/vmc2026-track3-sys013-utt156.wav,wav/vmc2026-track3-sys019-utt155.wav,4.467726287327141
sys006,utt142,wav/vmc2026-track3-sys006-utt142.wav,wav/vmc2026-track3-sys019-utt141.wav,4.198140443809338
sys016,utt310,wav/vmc2026-track3-sys016-utt310.wav,wav/vmc2026-track3-sys019-utt309.wav,3.5348764821977525
sys020,utt012,wav/vmc2026-track3-sys020-utt012.wav,wav/vmc2026-track3-sys019-utt011.wav,3.279718863486263
sys011,utt208,wav/vmc2026-track3-sys011-utt208.wav,wav/vmc2026-track3-sys019-utt207.wav,4.296382432173102
sys024,utt204,wav/vmc2026-track3-sys024-utt204.wav,wav/vmc2026-track3-sys019-utt203.wav,3.927558219613666
sys010,utt008,wav/vmc2026-track3-sys010-utt008.wav,wav/vmc2026-track3-sys019-utt007.wav,4.445778381398234
sys011,utt074,wav/vmc2026-track3-sys011-utt074.wav,wav/vmc2026-track3-sys019-utt073.wav,4.08679819503981
sys018,utt320,wav/vmc2026-track3-sys018-utt320.wav,wav/vmc2026-track3-sys019-utt319.wav,3.651843011724057
sys023,utt208,wav/vmc2026-track3-sys023-utt208.wav,wav/vmc2026-track3-sys019-utt207.wav,4.48081189963264
sys017,utt028,wav/vmc2026-track3-sys017-utt028.wav,wav/vmc2026-track3-sys019-utt027.wav,4.348298538129948
sys001,utt220,wav/vmc2026-track3-sys001-utt220.wav,wav/vmc2026-track3-sys019-utt219.wav,4.561200519138184
sys026,utt224,wav/vmc2026-track3-sys026-utt224.wav,wav/vmc2026-track3-sys019-utt223.wav,4.273890736174915
sys007,utt184,wav/vmc2026-track3-sys007-utt184.wav,wav/vmc2026-track3-sys019-utt183.wav,4.195524175305001
sys010,utt016,wav/vmc2026-track3-sys010-utt016.wav,wav/vmc2026-track3-sys019-utt015.wav,4.1495358280738355
sys005,utt146,wav/vmc2026-track3-sys005-utt146.wav,wav/vmc2026-track3-sys019-utt145.wav,4.062859516281021
sys008,utt210,wav/vmc2026-track3-sys008-utt210.wav,wav/vmc2026-track3-sys019-utt209.wav,4.393801815589116
sys020,utt042,wav/vmc2026-track3-sys020-utt042.wav,wav/vmc2026-track3-sys019-utt041.wav,3.6343746976891826
sys011,utt272,wav/vmc2026-track3-sys011-utt272.wav,wav/vmc2026-track3-sys019-utt271.wav,4.533522430686733
sys008,utt182,wav/vmc2026-track3-sys008-utt182.wav,wav/vmc2026-track3-sys019-utt181.wav,4.572304091472497
sys001,utt140,wav/vmc2026-track3-sys001-utt140.wav,wav/vmc2026-track3-sys019-utt139.wav,3.173934096838569
sys005,utt042,wav/vmc2026-track3-sys005-utt042.wav,wav/vmc2026-track3-sys019-utt041.wav,4.200692007021051
sys023,utt218,wav/vmc2026-track3-sys023-utt218.wav,wav/vmc2026-track3-sys019-utt217.wav,4.797701269832835
sys012,utt304,wav/vmc2026-track3-sys012-utt304.wav,wav/vmc2026-track3-sys019-utt303.wav,4.366725378913956
sys020,utt034,wav/vmc2026-track3-sys020-utt034.wav,wav/vmc2026-track3-sys019-utt033.wav,3.2379623610484893
sys022,utt306,wav/vmc2026-track3-sys022-utt306.wav,wav/vmc2026-track3-sys019-utt305.wav,3.9565998253165797
sys009,utt274,wav/vmc2026-track3-sys009-utt274.wav,wav/vmc2026-track3-sys019-utt273.wav,4.764088424793804
sys006,utt314,wav/vmc2026-track3-sys006-utt314.wav,wav/vmc2026-track3-sys019-utt313.wav,4.34530898583017
sys012,utt228,wav/vmc2026-track3-sys012-utt228.wav,wav/vmc2026-track3-sys019-utt227.wav,3.8290989878928507
sys018,utt304,wav/vmc2026-track3-sys018-utt304.wav,wav/vmc2026-track3-sys019-utt303.wav,3.5310341932077436
sys025,utt236,wav/vmc2026-track3-sys025-utt236.wav,wav/vmc2026-track3-sys019-utt235.wav,3.3809898578919686
sys001,utt288,wav/vmc2026-track3-sys001-utt288.wav,wav/vmc2026-track3-sys019-utt287.wav,3.632098085084105
sys014,utt208,wav/vmc2026-track3-sys014-utt208.wav,wav/vmc2026-track3-sys019-utt207.wav,4.2222403398192725
sys007,utt042,wav/vmc2026-track3-sys007-utt042.wav,wav/vmc2026-track3-sys019-utt041.wav,4.110922884692706
sys009,utt104,wav/vmc2026-track3-sys009-utt104.wav,wav/vmc2026-track3-sys019-utt103.wav,5.0
sys007,utt110,wav/vmc2026-track3-sys007-utt110.wav,wav/vmc2026-track3-sys019-utt109.wav,4.182521570032514
sys012,utt286,wav/vmc2026-track3-sys012-utt286.wav,wav/vmc2026-track3-sys019-utt285.wav,4.16306776248393
sys023,utt036,wav/vmc2026-track3-sys023-utt036.wav,wav/vmc2026-track3-sys019-utt035.wav,3.6075247953974494
sys010,utt204,wav/vmc2026-track3-sys010-utt204.wav,wav/vmc2026-track3-sys019-utt203.wav,3.497423316721598
sys008,utt268,wav/vmc2026-track3-sys008-utt268.wav,wav/vmc2026-track3-sys019-utt267.wav,4.3461337050154505
sys022,utt238,wav/vmc2026-track3-sys022-utt238.wav,wav/vmc2026-track3-sys019-utt237.wav,4.013759655167615
sys020,utt192,wav/vmc2026-track3-sys020-utt192.wav,wav/vmc2026-track3-sys019-utt191.wav,3.619143234374148
sys022,utt084,wav/vmc2026-track3-sys022-utt084.wav,wav/vmc2026-track3-sys019-utt083.wav,3.8680165365658516
sys006,utt156,wav/vmc2026-track3-sys006-utt156.wav,wav/vmc2026-track3-sys019-utt155.wav,4.776993970230325
sys022,utt046,wav/vmc2026-track3-sys022-utt046.wav,wav/vmc2026-track3-sys019-utt045.wav,4.124304870293516
sys001,utt134,wav/vmc2026-track3-sys001-utt134.wav,wav/vmc2026-track3-sys019-utt133.wav,3.7774423617867203
sys012,utt004,wav/vmc2026-track3-sys012-utt004.wav,wav/vmc2026-track3-sys019-utt003.wav,4.4285641854690665
sys016,utt246,wav/vmc2026-track3-sys016-utt246.wav,wav/vmc2026-track3-sys019-utt245.wav,3.7682759089532634
sys005,utt284,wav/vmc2026-track3-sys005-utt284.wav,wav/vmc2026-track3-sys019-utt283.wav,3.4404655691734947
sys008,utt140,wav/vmc2026-track3-sys008-utt140.wav,wav/vmc2026-track3-sys019-utt139.wav,4.109013842592641
sys010,utt134,wav/vmc2026-track3-sys010-utt134.wav,wav/vmc2026-track3-sys019-utt133.wav,3.3886885992718163
sys018,utt224,wav/vmc2026-track3-sys018-utt224.wav,wav/vmc2026-track3-sys019-utt223.wav,3.9595681156952973
sys022,utt118,wav/vmc2026-track3-sys022-utt118.wav,wav/vmc2026-track3-sys019-utt117.wav,3.821103632022198
sys023,utt202,wav/vmc2026-track3-sys023-utt202.wav,wav/vmc2026-track3-sys019-utt201.wav,4.203417762765604
sys016,utt066,wav/vmc2026-track3-sys016-utt066.wav,wav/vmc2026-track3-sys019-utt065.wav,3.569469225492145
sys005,utt280,wav/vmc2026-track3-sys005-utt280.wav,wav/vmc2026-track3-sys019-utt279.wav,3.792200885819397
sys001,utt032,wav/vmc2026-track3-sys001-utt032.wav,wav/vmc2026-track3-sys019-utt031.wav,3.3841954374702445
sys013,utt082,wav/vmc2026-track3-sys013-utt082.wav,wav/vmc2026-track3-sys019-utt081.wav,3.6325132809754628
sys014,utt300,wav/vmc2026-track3-sys014-utt300.wav,wav/vmc2026-track3-sys019-utt299.wav,4.074284760297521
sys012,utt280,wav/vmc2026-track3-sys012-utt280.wav,wav/vmc2026-track3-sys019-utt279.wav,4.246879224537292
sys023,utt250,wav/vmc2026-track3-sys023-utt250.wav,wav/vmc2026-track3-sys019-utt249.wav,4.679862032949866
sys012,utt268,wav/vmc2026-track3-sys012-utt268.wav,wav/vmc2026-track3-sys019-utt267.wav,4.080872146782049
sys001,utt104,wav/vmc2026-track3-sys001-utt104.wav,wav/vmc2026-track3-sys019-utt103.wav,4.0867112140261455
sys002,utt176,wav/vmc2026-track3-sys002-utt176.wav,wav/vmc2026-track3-sys019-utt175.wav,3.046698437976108
sys001,utt108,wav/vmc2026-track3-sys001-utt108.wav,wav/vmc2026-track3-sys019-utt107.wav,4.111300484094706
sys018,utt194,wav/vmc2026-track3-sys018-utt194.wav,wav/vmc2026-track3-sys019-utt193.wav,4.063347844299122
sys012,utt122,wav/vmc2026-track3-sys012-utt122.wav,wav/vmc2026-track3-sys019-utt121.wav,4.083042460358108
sys005,utt176,wav/vmc2026-track3-sys005-utt176.wav,wav/vmc2026-track3-sys019-utt175.wav,3.2816767057338283
sys020,utt312,wav/vmc2026-track3-sys020-utt312.wav,wav/vmc2026-track3-sys019-utt311.wav,3.377509714356018
sys020,utt124,wav/vmc2026-track3-sys020-utt124.wav,wav/vmc2026-track3-sys019-utt123.wav,3.010397447680672
sys026,utt308,wav/vmc2026-track3-sys026-utt308.wav,wav/vmc2026-track3-sys019-utt307.wav,4.401606303765815
sys005,utt102,wav/vmc2026-track3-sys005-utt102.wav,wav/vmc2026-track3-sys019-utt101.wav,4.151029739345801
sys012,utt210,wav/vmc2026-track3-sys012-utt210.wav,wav/vmc2026-track3-sys019-utt209.wav,4.209056132854777
sys012,utt274,wav/vmc2026-track3-sys012-utt274.wav,wav/vmc2026-track3-sys019-utt273.wav,4.266040984919282
sys023,utt086,wav/vmc2026-track3-sys023-utt086.wav,wav/vmc2026-track3-sys019-utt085.wav,4.210727861298957
sys008,utt132,wav/vmc2026-track3-sys008-utt132.wav,wav/vmc2026-track3-sys019-utt131.wav,3.6998371775367116
sys005,utt026,wav/vmc2026-track3-sys005-utt026.wav,wav/vmc2026-track3-sys019-utt025.wav,3.4272922037968234
sys009,utt310,wav/vmc2026-track3-sys009-utt310.wav,wav/vmc2026-track3-sys019-utt309.wav,4.594343761379496
sys007,utt284,wav/vmc2026-track3-sys007-utt284.wav,wav/vmc2026-track3-sys019-utt283.wav,3.818435474762202
sys009,utt134,wav/vmc2026-track3-sys009-utt134.wav,wav/vmc2026-track3-sys019-utt133.wav,4.369751698290015
sys025,utt014,wav/vmc2026-track3-sys025-utt014.wav,wav/vmc2026-track3-sys019-utt013.wav,4.317600371447429
sys014,utt066,wav/vmc2026-track3-sys014-utt066.wav,wav/vmc2026-track3-sys019-utt065.wav,4.515060777339258
sys025,utt238,wav/vmc2026-track3-sys025-utt238.wav,wav/vmc2026-track3-sys019-utt237.wav,3.6710249920776636
sys006,utt212,wav/vmc2026-track3-sys006-utt212.wav,wav/vmc2026-track3-sys019-utt211.wav,4.586783336086085
sys010,utt114,wav/vmc2026-track3-sys010-utt114.wav,wav/vmc2026-track3-sys019-utt113.wav,3.0953797504216074
sys023,utt070,wav/vmc2026-track3-sys023-utt070.wav,wav/vmc2026-track3-sys019-utt069.wav,4.309052181411044
sys009,utt020,wav/vmc2026-track3-sys009-utt020.wav,wav/vmc2026-track3-sys019-utt019.wav,4.8328407072784225
sys026,utt062,wav/vmc2026-track3-sys026-utt062.wav,wav/vmc2026-track3-sys019-utt061.wav,3.9911358982766485
sys011,utt310,wav/vmc2026-track3-sys011-utt310.wav,wav/vmc2026-track3-sys019-utt309.wav,4.225300748461033
sys007,utt022,wav/vmc2026-track3-sys007-utt022.wav,wav/vmc2026-track3-sys019-utt021.wav,3.7904547747395916
sys008,utt230,wav/vmc2026-track3-sys008-utt230.wav,wav/vmc2026-track3-sys019-utt229.wav,4.80656566772502
sys024,utt276,wav/vmc2026-track3-sys024-utt276.wav,wav/vmc2026-track3-sys019-utt275.wav,3.859965774414062
sys006,utt008,wav/vmc2026-track3-sys006-utt008.wav,wav/vmc2026-track3-sys019-utt007.wav,4.7090297487773904
sys002,utt234,wav/vmc2026-track3-sys002-utt234.wav,wav/vmc2026-track3-sys019-utt233.wav,4.121799681951917
sys014,utt008,wav/vmc2026-track3-sys014-utt008.wav,wav/vmc2026-track3-sys019-utt007.wav,4.197032329423809
sys006,utt288,wav/vmc2026-track3-sys006-utt288.wav,wav/vmc2026-track3-sys019-utt287.wav,4.184252306315867
sys010,utt320,wav/vmc2026-track3-sys010-utt320.wav,wav/vmc2026-track3-sys019-utt319.wav,3.7140371241057974
sys008,utt108,wav/vmc2026-track3-sys008-utt108.wav,wav/vmc2026-track3-sys019-utt107.wav,4.796856160490623
sys014,utt046,wav/vmc2026-track3-sys014-utt046.wav,wav/vmc2026-track3-sys019-utt045.wav,4.538152315033765
sys014,utt286,wav/vmc2026-track3-sys014-utt286.wav,wav/vmc2026-track3-sys019-utt285.wav,4.504139584798652
sys024,utt242,wav/vmc2026-track3-sys024-utt242.wav,wav/vmc2026-track3-sys019-utt241.wav,4.488543926986034
sys020,utt066,wav/vmc2026-track3-sys020-utt066.wav,wav/vmc2026-track3-sys019-utt065.wav,3.931113687187494
sys020,utt294,wav/vmc2026-track3-sys020-utt294.wav,wav/vmc2026-track3-sys019-utt293.wav,3.827406550414288
sys002,utt046,wav/vmc2026-track3-sys002-utt046.wav,wav/vmc2026-track3-sys019-utt045.wav,4.374041938076518
sys022,utt186,wav/vmc2026-track3-sys022-utt186.wav,wav/vmc2026-track3-sys019-utt185.wav,3.7881074992413697
sys018,utt006,wav/vmc2026-track3-sys018-utt006.wav,wav/vmc2026-track3-sys019-utt005.wav,3.3794757828254203
sys018,utt176,wav/vmc2026-track3-sys018-utt176.wav,wav/vmc2026-track3-sys019-utt175.wav,2.851048572999523
sys026,utt182,wav/vmc2026-track3-sys026-utt182.wav,wav/vmc2026-track3-sys019-utt181.wav,4.462358943634721
sys024,utt148,wav/vmc2026-track3-sys024-utt148.wav,wav/vmc2026-track3-sys019-utt147.wav,3.4552060795933848
sys016,utt142,wav/vmc2026-track3-sys016-utt142.wav,wav/vmc2026-track3-sys019-utt141.wav,3.4844333410891477
sys023,utt284,wav/vmc2026-track3-sys023-utt284.wav,wav/vmc2026-track3-sys019-utt283.wav,4.299004085926534
sys022,utt234,wav/vmc2026-track3-sys022-utt234.wav,wav/vmc2026-track3-sys019-utt233.wav,3.531431776390451
sys001,utt088,wav/vmc2026-track3-sys001-utt088.wav,wav/vmc2026-track3-sys019-utt087.wav,4.03875880751077
sys022,utt076,wav/vmc2026-track3-sys022-utt076.wav,wav/vmc2026-track3-sys019-utt075.wav,4.069057251789421
sys023,utt172,wav/vmc2026-track3-sys023-utt172.wav,wav/vmc2026-track3-sys019-utt171.wav,3.979815997355207
sys016,utt122,wav/vmc2026-track3-sys016-utt122.wav,wav/vmc2026-track3-sys019-utt121.wav,3.504347224663158
sys024,utt212,wav/vmc2026-track3-sys024-utt212.wav,wav/vmc2026-track3-sys019-utt211.wav,4.395232035731558
sys017,utt226,wav/vmc2026-track3-sys017-utt226.wav,wav/vmc2026-track3-sys019-utt225.wav,4.637876999478804
sys008,utt142,wav/vmc2026-track3-sys008-utt142.wav,wav/vmc2026-track3-sys019-utt141.wav,3.752941130250227
sys009,utt062,wav/vmc2026-track3-sys009-utt062.wav,wav/vmc2026-track3-sys019-utt061.wav,4.069407482200034
sys007,utt146,wav/vmc2026-track3-sys007-utt146.wav,wav/vmc2026-track3-sys019-utt145.wav,4.056964530916325
sys018,utt214,wav/vmc2026-track3-sys018-utt214.wav,wav/vmc2026-track3-sys019-utt213.wav,3.336814051369862
sys001,utt318,wav/vmc2026-track3-sys001-utt318.wav,wav/vmc2026-track3-sys019-utt317.wav,4.104788194983367
sys026,utt172,wav/vmc2026-track3-sys026-utt172.wav,wav/vmc2026-track3-sys019-utt171.wav,4.080481115402212
sys022,utt022,wav/vmc2026-track3-sys022-utt022.wav,wav/vmc2026-track3-sys019-utt021.wav,3.848012994420361
sys024,utt274,wav/vmc2026-track3-sys024-utt274.wav,wav/vmc2026-track3-sys019-utt273.wav,4.59167387345817
sys018,utt022,wav/vmc2026-track3-sys018-utt022.wav,wav/vmc2026-track3-sys019-utt021.wav,3.8379261800452427
sys023,utt126,wav/vmc2026-track3-sys023-utt126.wav,wav/vmc2026-track3-sys019-utt125.wav,4.040036807156228
sys023,utt044,wav/vmc2026-track3-sys023-utt044.wav,wav/vmc2026-track3-sys019-utt043.wav,4.386578748444139
sys005,utt104,wav/vmc2026-track3-sys005-utt104.wav,wav/vmc2026-track3-sys019-utt103.wav,4.167346933477925
sys020,utt286,wav/vmc2026-track3-sys020-utt286.wav,wav/vmc2026-track3-sys019-utt285.wav,3.064943764183568
sys001,utt208,wav/vmc2026-track3-sys001-utt208.wav,wav/vmc2026-track3-sys019-utt207.wav,3.7214190443682678
sys008,utt270,wav/vmc2026-track3-sys008-utt270.wav,wav/vmc2026-track3-sys019-utt269.wav,4.4619362251386585
sys005,utt072,wav/vmc2026-track3-sys005-utt072.wav,wav/vmc2026-track3-sys019-utt071.wav,3.385078612632438
sys009,utt238,wav/vmc2026-track3-sys009-utt238.wav,wav/vmc2026-track3-sys019-utt237.wav,4.375696634743166
sys006,utt106,wav/vmc2026-track3-sys006-utt106.wav,wav/vmc2026-track3-sys019-utt105.wav,4.395668107574676
sys025,utt300,wav/vmc2026-track3-sys025-utt300.wav,wav/vmc2026-track3-sys019-utt299.wav,4.064092303701963
sys008,utt136,wav/vmc2026-track3-sys008-utt136.wav,wav/vmc2026-track3-sys019-utt135.wav,4.200641268172456
sys010,utt088,wav/vmc2026-track3-sys010-utt088.wav,wav/vmc2026-track3-sys019-utt087.wav,3.527977510080346
sys018,utt108,wav/vmc2026-track3-sys018-utt108.wav,wav/vmc2026-track3-sys019-utt107.wav,4.07120190125488
sys025,utt244,wav/vmc2026-track3-sys025-utt244.wav,wav/vmc2026-track3-sys019-utt243.wav,4.18579022353649
sys006,utt034,wav/vmc2026-track3-sys006-utt034.wav,wav/vmc2026-track3-sys019-utt033.wav,4.248998891137898
sys018,utt274,wav/vmc2026-track3-sys018-utt274.wav,wav/vmc2026-track3-sys019-utt273.wav,3.4320884300167416
sys009,utt318,wav/vmc2026-track3-sys009-utt318.wav,wav/vmc2026-track3-sys019-utt317.wav,4.697213374115064
sys008,utt022,wav/vmc2026-track3-sys008-utt022.wav,wav/vmc2026-track3-sys019-utt021.wav,4.468845452405396
sys024,utt036,wav/vmc2026-track3-sys024-utt036.wav,wav/vmc2026-track3-sys019-utt035.wav,3.31391823918246
sys022,utt080,wav/vmc2026-track3-sys022-utt080.wav,wav/vmc2026-track3-sys019-utt079.wav,3.6190108516751684
sys010,utt130,wav/vmc2026-track3-sys010-utt130.wav,wav/vmc2026-track3-sys019-utt129.wav,3.9926174780321957
sys017,utt072,wav/vmc2026-track3-sys017-utt072.wav,wav/vmc2026-track3-sys019-utt071.wav,3.889175894945259
sys016,utt308,wav/vmc2026-track3-sys016-utt308.wav,wav/vmc2026-track3-sys019-utt307.wav,3.360553343520273
sys017,utt156,wav/vmc2026-track3-sys017-utt156.wav,wav/vmc2026-track3-sys019-utt155.wav,4.732004934786803
sys008,utt154,wav/vmc2026-track3-sys008-utt154.wav,wav/vmc2026-track3-sys019-utt153.wav,4.744994941427133
sys001,utt126,wav/vmc2026-track3-sys001-utt126.wav,wav/vmc2026-track3-sys019-utt125.wav,4.154083330141224
sys016,utt202,wav/vmc2026-track3-sys016-utt202.wav,wav/vmc2026-track3-sys019-utt201.wav,3.632233630611316
sys014,utt206,wav/vmc2026-track3-sys014-utt206.wav,wav/vmc2026-track3-sys019-utt205.wav,4.268272095514733
sys001,utt302,wav/vmc2026-track3-sys001-utt302.wav,wav/vmc2026-track3-sys019-utt301.wav,4.1817960381577866
sys020,utt110,wav/vmc2026-track3-sys020-utt110.wav,wav/vmc2026-track3-sys019-utt109.wav,3.8061736688156125
sys025,utt024,wav/vmc2026-track3-sys025-utt024.wav,wav/vmc2026-track3-sys019-utt023.wav,4.015545806391172
sys020,utt014,wav/vmc2026-track3-sys020-utt014.wav,wav/vmc2026-track3-sys019-utt013.wav,2.8019394742605046
sys009,utt160,wav/vmc2026-track3-sys009-utt160.wav,wav/vmc2026-track3-sys019-utt159.wav,4.644283868504784
sys010,utt302,wav/vmc2026-track3-sys010-utt302.wav,wav/vmc2026-track3-sys019-utt301.wav,4.312334197273648
sys020,utt006,wav/vmc2026-track3-sys020-utt006.wav,wav/vmc2026-track3-sys019-utt005.wav,3.580090345424298
sys010,utt230,wav/vmc2026-track3-sys010-utt230.wav,wav/vmc2026-track3-sys019-utt229.wav,4.29656379855273
sys005,utt156,wav/vmc2026-track3-sys005-utt156.wav,wav/vmc2026-track3-sys019-utt155.wav,4.339837419999062
sys007,utt074,wav/vmc2026-track3-sys007-utt074.wav,wav/vmc2026-track3-sys019-utt073.wav,3.7045702843790442
sys002,utt070,wav/vmc2026-track3-sys002-utt070.wav,wav/vmc2026-track3-sys019-utt069.wav,4.225816732008799
sys008,utt148,wav/vmc2026-track3-sys008-utt148.wav,wav/vmc2026-track3-sys019-utt147.wav,3.9901149352568046
sys020,utt236,wav/vmc2026-track3-sys020-utt236.wav,wav/vmc2026-track3-sys019-utt235.wav,3.231438639998996
sys026,utt078,wav/vmc2026-track3-sys026-utt078.wav,wav/vmc2026-track3-sys019-utt077.wav,4.293843430693346
sys017,utt110,wav/vmc2026-track3-sys017-utt110.wav,wav/vmc2026-track3-sys019-utt109.wav,3.739209059593764
sys026,utt262,wav/vmc2026-track3-sys026-utt262.wav,wav/vmc2026-track3-sys019-utt261.wav,4.321764393565903
sys008,utt030,wav/vmc2026-track3-sys008-utt030.wav,wav/vmc2026-track3-sys019-utt029.wav,4.307367061956702
sys026,utt148,wav/vmc2026-track3-sys026-utt148.wav,wav/vmc2026-track3-sys019-utt147.wav,3.938100066670539
sys007,utt204,wav/vmc2026-track3-sys007-utt204.wav,wav/vmc2026-track3-sys019-utt203.wav,3.530357624353486
sys026,utt028,wav/vmc2026-track3-sys026-utt028.wav,wav/vmc2026-track3-sys019-utt027.wav,4.337010333343387
sys012,utt140,wav/vmc2026-track3-sys012-utt140.wav,wav/vmc2026-track3-sys019-utt139.wav,3.446914704482288
sys025,utt274,wav/vmc2026-track3-sys025-utt274.wav,wav/vmc2026-track3-sys019-utt273.wav,4.450694823209857
sys002,utt310,wav/vmc2026-track3-sys002-utt310.wav,wav/vmc2026-track3-sys019-utt309.wav,4.618439491603181
sys007,utt040,wav/vmc2026-track3-sys007-utt040.wav,wav/vmc2026-track3-sys019-utt039.wav,3.982135113171954
sys011,utt040,wav/vmc2026-track3-sys011-utt040.wav,wav/vmc2026-track3-sys019-utt039.wav,3.581525087884003
sys005,utt172,wav/vmc2026-track3-sys005-utt172.wav,wav/vmc2026-track3-sys019-utt171.wav,3.6438151814976463
sys006,utt024,wav/vmc2026-track3-sys006-utt024.wav,wav/vmc2026-track3-sys019-utt023.wav,4.574858906058208
sys016,utt024,wav/vmc2026-track3-sys016-utt024.wav,wav/vmc2026-track3-sys019-utt023.wav,3.550640780157587
sys008,utt134,wav/vmc2026-track3-sys008-utt134.wav,wav/vmc2026-track3-sys019-utt133.wav,4.241444064459982
sys005,utt002,wav/vmc2026-track3-sys005-utt002.wav,wav/vmc2026-track3-sys019-utt001.wav,4.091163352356217
sys025,utt128,wav/vmc2026-track3-sys025-utt128.wav,wav/vmc2026-track3-sys019-utt127.wav,3.841537270063645
sys010,utt076,wav/vmc2026-track3-sys010-utt076.wav,wav/vmc2026-track3-sys019-utt075.wav,4.087423107218871
sys008,utt024,wav/vmc2026-track3-sys008-utt024.wav,wav/vmc2026-track3-sys019-utt023.wav,4.298088785985651
sys020,utt296,wav/vmc2026-track3-sys020-utt296.wav,wav/vmc2026-track3-sys019-utt295.wav,3.4655569911821127
sys001,utt064,wav/vmc2026-track3-sys001-utt064.wav,wav/vmc2026-track3-sys019-utt063.wav,3.927141456838861
sys017,utt006,wav/vmc2026-track3-sys017-utt006.wav,wav/vmc2026-track3-sys019-utt005.wav,4.259933317324495
sys012,utt080,wav/vmc2026-track3-sys012-utt080.wav,wav/vmc2026-track3-sys019-utt079.wav,3.7672437770161715
sys011,utt282,wav/vmc2026-track3-sys011-utt282.wav,wav/vmc2026-track3-sys019-utt281.wav,4.294825700413391
sys017,utt038,wav/vmc2026-track3-sys017-utt038.wav,wav/vmc2026-track3-sys019-utt037.wav,3.3904063034123264
sys026,utt084,wav/vmc2026-track3-sys026-utt084.wav,wav/vmc2026-track3-sys019-utt083.wav,3.726541947523014
sys010,utt032,wav/vmc2026-track3-sys010-utt032.wav,wav/vmc2026-track3-sys019-utt031.wav,3.0789691517504525
sys014,utt002,wav/vmc2026-track3-sys014-utt002.wav,wav/vmc2026-track3-sys019-utt001.wav,4.558316800686628
sys014,utt204,wav/vmc2026-track3-sys014-utt204.wav,wav/vmc2026-track3-sys019-utt203.wav,4.190740830663985
sys002,utt074,wav/vmc2026-track3-sys002-utt074.wav,wav/vmc2026-track3-sys019-utt073.wav,4.146598688311459
sys025,utt186,wav/vmc2026-track3-sys025-utt186.wav,wav/vmc2026-track3-sys019-utt185.wav,3.9668827250585816
sys022,utt016,wav/vmc2026-track3-sys022-utt016.wav,wav/vmc2026-track3-sys019-utt015.wav,4.245976939649082
sys026,utt114,wav/vmc2026-track3-sys026-utt114.wav,wav/vmc2026-track3-sys019-utt113.wav,3.766483569382951
sys026,utt320,wav/vmc2026-track3-sys026-utt320.wav,wav/vmc2026-track3-sys019-utt319.wav,4.27428057336732
sys023,utt004,wav/vmc2026-track3-sys023-utt004.wav,wav/vmc2026-track3-sys019-utt003.wav,4.4869009341613575
sys011,utt062,wav/vmc2026-track3-sys011-utt062.wav,wav/vmc2026-track3-sys019-utt061.wav,4.215016440551905
sys025,utt234,wav/vmc2026-track3-sys025-utt234.wav,wav/vmc2026-track3-sys019-utt233.wav,3.289878192654066
sys006,utt272,wav/vmc2026-track3-sys006-utt272.wav,wav/vmc2026-track3-sys019-utt271.wav,4.41218792275998
sys023,utt154,wav/vmc2026-track3-sys023-utt154.wav,wav/vmc2026-track3-sys019-utt153.wav,4.32574131847106
sys011,utt044,wav/vmc2026-track3-sys011-utt044.wav,wav/vmc2026-track3-sys019-utt043.wav,4.576541053563153
sys011,utt104,wav/vmc2026-track3-sys011-utt104.wav,wav/vmc2026-track3-sys019-utt103.wav,4.55411843968134
sys024,utt122,wav/vmc2026-track3-sys024-utt122.wav,wav/vmc2026-track3-sys019-utt121.wav,4.107603965901329
sys005,utt200,wav/vmc2026-track3-sys005-utt200.wav,wav/vmc2026-track3-sys019-utt199.wav,3.9486628646069373
sys009,utt208,wav/vmc2026-track3-sys009-utt208.wav,wav/vmc2026-track3-sys019-utt207.wav,4.08581565275309
sys001,utt200,wav/vmc2026-track3-sys001-utt200.wav,wav/vmc2026-track3-sys019-utt199.wav,4.379027492658668
sys017,utt210,wav/vmc2026-track3-sys017-utt210.wav,wav/vmc2026-track3-sys019-utt209.wav,3.9581674408152203
sys022,utt228,wav/vmc2026-track3-sys022-utt228.wav,wav/vmc2026-track3-sys019-utt227.wav,4.248656595944386
sys005,utt048,wav/vmc2026-track3-sys005-utt048.wav,wav/vmc2026-track3-sys019-utt047.wav,4.151011895491989
sys020,utt134,wav/vmc2026-track3-sys020-utt134.wav,wav/vmc2026-track3-sys019-utt133.wav,3.1519196267078113
sys005,utt150,wav/vmc2026-track3-sys005-utt150.wav,wav/vmc2026-track3-sys019-utt149.wav,3.802979888141722
sys026,utt142,wav/vmc2026-track3-sys026-utt142.wav,wav/vmc2026-track3-sys019-utt141.wav,3.2110929855933676
sys011,utt302,wav/vmc2026-track3-sys011-utt302.wav,wav/vmc2026-track3-sys019-utt301.wav,3.6371095132445252
sys013,utt120,wav/vmc2026-track3-sys013-utt120.wav,wav/vmc2026-track3-sys019-utt119.wav,3.953345955269255
sys006,utt012,wav/vmc2026-track3-sys006-utt012.wav,wav/vmc2026-track3-sys019-utt011.wav,4.434946281080539
sys016,utt146,wav/vmc2026-track3-sys016-utt146.wav,wav/vmc2026-track3-sys019-utt145.wav,3.790844185996418
sys020,utt108,wav/vmc2026-track3-sys020-utt108.wav,wav/vmc2026-track3-sys019-utt107.wav,3.0197976642655777
sys025,utt022,wav/vmc2026-track3-sys025-utt022.wav,wav/vmc2026-track3-sys019-utt021.wav,3.234001391178661
sys020,utt210,wav/vmc2026-track3-sys020-utt210.wav,wav/vmc2026-track3-sys019-utt209.wav,3.4353126945115284
sys017,utt016,wav/vmc2026-track3-sys017-utt016.wav,wav/vmc2026-track3-sys019-utt015.wav,3.872932488327548
sys001,utt042,wav/vmc2026-track3-sys001-utt042.wav,wav/vmc2026-track3-sys019-utt041.wav,3.7369284165126433
sys016,utt114,wav/vmc2026-track3-sys016-utt114.wav,wav/vmc2026-track3-sys019-utt113.wav,2.955268303568976
sys008,utt224,wav/vmc2026-track3-sys008-utt224.wav,wav/vmc2026-track3-sys019-utt223.wav,4.7753913316565
sys022,utt018,wav/vmc2026-track3-sys022-utt018.wav,wav/vmc2026-track3-sys019-utt017.wav,3.993295692541741
sys009,utt004,wav/vmc2026-track3-sys009-utt004.wav,wav/vmc2026-track3-sys019-utt003.wav,4.672919114196395
sys024,utt272,wav/vmc2026-track3-sys024-utt272.wav,wav/vmc2026-track3-sys019-utt271.wav,4.115609405282999
sys022,utt110,wav/vmc2026-track3-sys022-utt110.wav,wav/vmc2026-track3-sys019-utt109.wav,3.924660805377064
sys016,utt080,wav/vmc2026-track3-sys016-utt080.wav,wav/vmc2026-track3-sys019-utt079.wav,3.2760124124559487
sys024,utt050,wav/vmc2026-track3-sys024-utt050.wav,wav/vmc2026-track3-sys019-utt049.wav,4.1977098359306275
sys026,utt180,wav/vmc2026-track3-sys026-utt180.wav,wav/vmc2026-track3-sys019-utt179.wav,3.2043386554672186
sys025,utt016,wav/vmc2026-track3-sys025-utt016.wav,wav/vmc2026-track3-sys019-utt015.wav,3.1662826636211685
sys006,utt196,wav/vmc2026-track3-sys006-utt196.wav,wav/vmc2026-track3-sys019-utt195.wav,4.575681309023619
sys022,utt160,wav/vmc2026-track3-sys022-utt160.wav,wav/vmc2026-track3-sys019-utt159.wav,4.333077901931824
sys011,utt106,wav/vmc2026-track3-sys011-utt106.wav,wav/vmc2026-track3-sys019-utt105.wav,4.362778293336044
sys001,utt120,wav/vmc2026-track3-sys001-utt120.wav,wav/vmc2026-track3-sys019-utt119.wav,4.061501201902227
sys009,utt206,wav/vmc2026-track3-sys009-utt206.wav,wav/vmc2026-track3-sys019-utt205.wav,4.51379891513455
sys002,utt280,wav/vmc2026-track3-sys002-utt280.wav,wav/vmc2026-track3-sys019-utt279.wav,4.343009656056234
sys016,utt210,wav/vmc2026-track3-sys016-utt210.wav,wav/vmc2026-track3-sys019-utt209.wav,3.8538067907271376
sys018,utt010,wav/vmc2026-track3-sys018-utt010.wav,wav/vmc2026-track3-sys019-utt009.wav,4.01624329939786
sys009,utt174,wav/vmc2026-track3-sys009-utt174.wav,wav/vmc2026-track3-sys019-utt173.wav,3.8851226089688558
sys026,utt306,wav/vmc2026-track3-sys026-utt306.wav,wav/vmc2026-track3-sys019-utt305.wav,4.413814253747214
sys016,utt272,wav/vmc2026-track3-sys016-utt272.wav,wav/vmc2026-track3-sys019-utt271.wav,4.244201572342853
sys007,utt128,wav/vmc2026-track3-sys007-utt128.wav,wav/vmc2026-track3-sys019-utt127.wav,4.192568668178477
sys010,utt314,wav/vmc2026-track3-sys010-utt314.wav,wav/vmc2026-track3-sys019-utt313.wav,3.8048305536326934
sys001,utt046,wav/vmc2026-track3-sys001-utt046.wav,wav/vmc2026-track3-sys019-utt045.wav,4.145743845739732
sys001,utt282,wav/vmc2026-track3-sys001-utt282.wav,wav/vmc2026-track3-sys019-utt281.wav,4.092904982440169
sys024,utt262,wav/vmc2026-track3-sys024-utt262.wav,wav/vmc2026-track3-sys019-utt261.wav,4.535646322619295
sys008,utt002,wav/vmc2026-track3-sys008-utt002.wav,wav/vmc2026-track3-sys019-utt001.wav,4.330164158002228
sys022,utt026,wav/vmc2026-track3-sys022-utt026.wav,wav/vmc2026-track3-sys019-utt025.wav,2.6860882658388556
sys013,utt106,wav/vmc2026-track3-sys013-utt106.wav,wav/vmc2026-track3-sys019-utt105.wav,4.367666424884299
sys026,utt314,wav/vmc2026-track3-sys026-utt314.wav,wav/vmc2026-track3-sys019-utt313.wav,3.85604770627469
sys011,utt016,wav/vmc2026-track3-sys011-utt016.wav,wav/vmc2026-track3-sys019-utt015.wav,4.4836158278233835
sys006,utt318,wav/vmc2026-track3-sys006-utt318.wav,wav/vmc2026-track3-sys019-utt317.wav,4.374805961697581
sys014,utt274,wav/vmc2026-track3-sys014-utt274.wav,wav/vmc2026-track3-sys019-utt273.wav,4.59036722322451
sys008,utt218,wav/vmc2026-track3-sys008-utt218.wav,wav/vmc2026-track3-sys019-utt217.wav,4.7980230153484325
sys020,utt222,wav/vmc2026-track3-sys020-utt222.wav,wav/vmc2026-track3-sys019-utt221.wav,3.4429081042891987
sys020,utt180,wav/vmc2026-track3-sys020-utt180.wav,wav/vmc2026-track3-sys019-utt179.wav,2.9799031572396566
sys013,utt222,wav/vmc2026-track3-sys013-utt222.wav,wav/vmc2026-track3-sys019-utt221.wav,3.520817537916639
sys002,utt024,wav/vmc2026-track3-sys002-utt024.wav,wav/vmc2026-track3-sys019-utt023.wav,4.202674470891728
sys023,utt074,wav/vmc2026-track3-sys023-utt074.wav,wav/vmc2026-track3-sys019-utt073.wav,4.1352153925472015
sys026,utt024,wav/vmc2026-track3-sys026-utt024.wav,wav/vmc2026-track3-sys019-utt023.wav,4.3523775773969975
sys002,utt184,wav/vmc2026-track3-sys002-utt184.wav,wav/vmc2026-track3-sys019-utt183.wav,4.459901437773642
sys017,utt230,wav/vmc2026-track3-sys017-utt230.wav,wav/vmc2026-track3-sys019-utt229.wav,4.4539727575277395
sys006,utt088,wav/vmc2026-track3-sys006-utt088.wav,wav/vmc2026-track3-sys019-utt087.wav,4.230242876685212
sys010,utt200,wav/vmc2026-track3-sys010-utt200.wav,wav/vmc2026-track3-sys019-utt199.wav,4.275033433651709
sys017,utt042,wav/vmc2026-track3-sys017-utt042.wav,wav/vmc2026-track3-sys019-utt041.wav,4.354001265209194
sys025,utt248,wav/vmc2026-track3-sys025-utt248.wav,wav/vmc2026-track3-sys019-utt247.wav,4.361557473544381
sys010,utt034,wav/vmc2026-track3-sys010-utt034.wav,wav/vmc2026-track3-sys019-utt033.wav,4.008196671935511
sys012,utt202,wav/vmc2026-track3-sys012-utt202.wav,wav/vmc2026-track3-sys019-utt201.wav,3.9626268772565942
sys014,utt018,wav/vmc2026-track3-sys014-utt018.wav,wav/vmc2026-track3-sys019-utt017.wav,3.9919660640331935
sys026,utt010,wav/vmc2026-track3-sys026-utt010.wav,wav/vmc2026-track3-sys019-utt009.wav,4.357256925002359
sys023,utt270,wav/vmc2026-track3-sys023-utt270.wav,wav/vmc2026-track3-sys019-utt269.wav,4.377955911680217
sys005,utt016,wav/vmc2026-track3-sys005-utt016.wav,wav/vmc2026-track3-sys019-utt015.wav,4.020867754300601
sys018,utt114,wav/vmc2026-track3-sys018-utt114.wav,wav/vmc2026-track3-sys019-utt113.wav,2.98743372767594
sys016,utt214,wav/vmc2026-track3-sys016-utt214.wav,wav/vmc2026-track3-sys019-utt213.wav,4.25556361657963
sys002,utt026,wav/vmc2026-track3-sys002-utt026.wav,wav/vmc2026-track3-sys019-utt025.wav,4.705865312951975
sys011,utt068,wav/vmc2026-track3-sys011-utt068.wav,wav/vmc2026-track3-sys019-utt067.wav,4.000773595129903
sys016,utt154,wav/vmc2026-track3-sys016-utt154.wav,wav/vmc2026-track3-sys019-utt153.wav,3.9469680477236224
sys001,utt206,wav/vmc2026-track3-sys001-utt206.wav,wav/vmc2026-track3-sys019-utt205.wav,3.806114971962344
sys014,utt214,wav/vmc2026-track3-sys014-utt214.wav,wav/vmc2026-track3-sys019-utt213.wav,4.526345853723685
sys001,utt076,wav/vmc2026-track3-sys001-utt076.wav,wav/vmc2026-track3-sys019-utt075.wav,4.398162292604759
sys007,utt290,wav/vmc2026-track3-sys007-utt290.wav,wav/vmc2026-track3-sys019-utt289.wav,3.321869624088868
sys014,utt314,wav/vmc2026-track3-sys014-utt314.wav,wav/vmc2026-track3-sys019-utt313.wav,4.27484788245992
sys013,utt266,wav/vmc2026-track3-sys013-utt266.wav,wav/vmc2026-track3-sys019-utt265.wav,3.9188223112562235
sys023,utt206,wav/vmc2026-track3-sys023-utt206.wav,wav/vmc2026-track3-sys019-utt205.wav,4.149544860825407
sys006,utt078,wav/vmc2026-track3-sys006-utt078.wav,wav/vmc2026-track3-sys019-utt077.wav,4.404815104969464
sys005,utt272,wav/vmc2026-track3-sys005-utt272.wav,wav/vmc2026-track3-sys019-utt271.wav,4.114983449156595
sys017,utt264,wav/vmc2026-track3-sys017-utt264.wav,wav/vmc2026-track3-sys019-utt263.wav,4.075670919209098
sys014,utt078,wav/vmc2026-track3-sys014-utt078.wav,wav/vmc2026-track3-sys019-utt077.wav,4.464670673607588
sys020,utt262,wav/vmc2026-track3-sys020-utt262.wav,wav/vmc2026-track3-sys019-utt261.wav,3.623346447976846
sys017,utt148,wav/vmc2026-track3-sys017-utt148.wav,wav/vmc2026-track3-sys019-utt147.wav,3.5607744171126616
sys012,utt102,wav/vmc2026-track3-sys012-utt102.wav,wav/vmc2026-track3-sys019-utt101.wav,3.9060441433500346
sys011,utt304,wav/vmc2026-track3-sys011-utt304.wav,wav/vmc2026-track3-sys019-utt303.wav,3.9398379698800605
sys009,utt070,wav/vmc2026-track3-sys009-utt070.wav,wav/vmc2026-track3-sys019-utt069.wav,4.105152190050538
sys018,utt156,wav/vmc2026-track3-sys018-utt156.wav,wav/vmc2026-track3-sys019-utt155.wav,3.820798575656971
sys007,utt272,wav/vmc2026-track3-sys007-utt272.wav,wav/vmc2026-track3-sys019-utt271.wav,3.863659698714826
sys012,utt318,wav/vmc2026-track3-sys012-utt318.wav,wav/vmc2026-track3-sys019-utt317.wav,3.9616896767976346
sys025,utt308,wav/vmc2026-track3-sys025-utt308.wav,wav/vmc2026-track3-sys019-utt307.wav,3.791489224461648
sys001,utt038,wav/vmc2026-track3-sys001-utt038.wav,wav/vmc2026-track3-sys019-utt037.wav,3.832793108333837
sys023,utt062,wav/vmc2026-track3-sys023-utt062.wav,wav/vmc2026-track3-sys019-utt061.wav,3.934641288562877
sys007,utt218,wav/vmc2026-track3-sys007-utt218.wav,wav/vmc2026-track3-sys019-utt217.wav,4.372586099811592
sys013,utt214,wav/vmc2026-track3-sys013-utt214.wav,wav/vmc2026-track3-sys019-utt213.wav,4.001652385642594
sys011,utt178,wav/vmc2026-track3-sys011-utt178.wav,wav/vmc2026-track3-sys019-utt177.wav,4.04720300195449
sys020,utt186,wav/vmc2026-track3-sys020-utt186.wav,wav/vmc2026-track3-sys019-utt185.wav,3.3313600473396456
sys002,utt042,wav/vmc2026-track3-sys002-utt042.wav,wav/vmc2026-track3-sys019-utt041.wav,4.158582500726618
sys001,utt130,wav/vmc2026-track3-sys001-utt130.wav,wav/vmc2026-track3-sys019-utt129.wav,4.509451181709873
sys013,utt148,wav/vmc2026-track3-sys013-utt148.wav,wav/vmc2026-track3-sys019-utt147.wav,3.8106117166705022
sys010,utt318,wav/vmc2026-track3-sys010-utt318.wav,wav/vmc2026-track3-sys019-utt317.wav,3.675090494897716
sys016,utt302,wav/vmc2026-track3-sys016-utt302.wav,wav/vmc2026-track3-sys019-utt301.wav,3.6070125903687713
sys010,utt236,wav/vmc2026-track3-sys010-utt236.wav,wav/vmc2026-track3-sys019-utt235.wav,3.9078653708642572
sys026,utt298,wav/vmc2026-track3-sys026-utt298.wav,wav/vmc2026-track3-sys019-utt297.wav,4.2702545362744395
sys013,utt068,wav/vmc2026-track3-sys013-utt068.wav,wav/vmc2026-track3-sys019-utt067.wav,3.8262864657152904
sys013,utt184,wav/vmc2026-track3-sys013-utt184.wav,wav/vmc2026-track3-sys019-utt183.wav,4.18859204769772
sys002,utt200,wav/vmc2026-track3-sys002-utt200.wav,wav/vmc2026-track3-sys019-utt199.wav,4.752308027496954
sys005,utt228,wav/vmc2026-track3-sys005-utt228.wav,wav/vmc2026-track3-sys019-utt227.wav,4.390650917671002
sys026,utt286,wav/vmc2026-track3-sys026-utt286.wav,wav/vmc2026-track3-sys019-utt285.wav,3.56580071828207
sys010,utt244,wav/vmc2026-track3-sys010-utt244.wav,wav/vmc2026-track3-sys019-utt243.wav,4.484866000251321
sys014,utt280,wav/vmc2026-track3-sys014-utt280.wav,wav/vmc2026-track3-sys019-utt279.wav,4.467479634562001
sys001,utt174,wav/vmc2026-track3-sys001-utt174.wav,wav/vmc2026-track3-sys019-utt173.wav,3.850668143005561
sys012,utt248,wav/vmc2026-track3-sys012-utt248.wav,wav/vmc2026-track3-sys019-utt247.wav,4.297067807785367
sys025,utt184,wav/vmc2026-track3-sys025-utt184.wav,wav/vmc2026-track3-sys019-utt183.wav,3.838167161069602
sys024,utt270,wav/vmc2026-track3-sys024-utt270.wav,wav/vmc2026-track3-sys019-utt269.wav,4.343463769290034
sys010,utt004,wav/vmc2026-track3-sys010-utt004.wav,wav/vmc2026-track3-sys019-utt003.wav,4.110862379723411
sys018,utt044,wav/vmc2026-track3-sys018-utt044.wav,wav/vmc2026-track3-sys019-utt043.wav,3.1224805179366424
sys012,utt106,wav/vmc2026-track3-sys012-utt106.wav,wav/vmc2026-track3-sys019-utt105.wav,3.774720179953427
sys013,utt236,wav/vmc2026-track3-sys013-utt236.wav,wav/vmc2026-track3-sys019-utt235.wav,4.043922114377913
sys007,utt102,wav/vmc2026-track3-sys007-utt102.wav,wav/vmc2026-track3-sys019-utt101.wav,3.8813454462991848
sys007,utt078,wav/vmc2026-track3-sys007-utt078.wav,wav/vmc2026-track3-sys019-utt077.wav,4.1718785672731515
sys024,utt078,wav/vmc2026-track3-sys024-utt078.wav,wav/vmc2026-track3-sys019-utt077.wav,4.429945809510264
sys016,utt016,wav/vmc2026-track3-sys016-utt016.wav,wav/vmc2026-track3-sys019-utt015.wav,3.886626079292639
sys011,utt082,wav/vmc2026-track3-sys011-utt082.wav,wav/vmc2026-track3-sys019-utt081.wav,3.977490476738985
sys014,utt116,wav/vmc2026-track3-sys014-utt116.wav,wav/vmc2026-track3-sys019-utt115.wav,3.7712016306689558
sys026,utt076,wav/vmc2026-track3-sys026-utt076.wav,wav/vmc2026-track3-sys019-utt075.wav,4.0924658997790715
sys005,utt108,wav/vmc2026-track3-sys005-utt108.wav,wav/vmc2026-track3-sys019-utt107.wav,3.447768931983711
sys008,utt174,wav/vmc2026-track3-sys008-utt174.wav,wav/vmc2026-track3-sys019-utt173.wav,3.6930845050563685
sys001,utt152,wav/vmc2026-track3-sys001-utt152.wav,wav/vmc2026-track3-sys019-utt151.wav,4.016900375522489
sys002,utt028,wav/vmc2026-track3-sys002-utt028.wav,wav/vmc2026-track3-sys019-utt027.wav,4.337506927218825
sys024,utt302,wav/vmc2026-track3-sys024-utt302.wav,wav/vmc2026-track3-sys019-utt301.wav,4.15432465222505
sys023,utt274,wav/vmc2026-track3-sys023-utt274.wav,wav/vmc2026-track3-sys019-utt273.wav,3.438927552969895
sys011,utt160,wav/vmc2026-track3-sys011-utt160.wav,wav/vmc2026-track3-sys019-utt159.wav,4.467636499502024
sys011,utt020,wav/vmc2026-track3-sys011-utt020.wav,wav/vmc2026-track3-sys019-utt019.wav,4.389114396343879
sys017,utt140,wav/vmc2026-track3-sys017-utt140.wav,wav/vmc2026-track3-sys019-utt139.wav,3.4037796775833504
sys007,utt104,wav/vmc2026-track3-sys007-utt104.wav,wav/vmc2026-track3-sys019-utt103.wav,4.1878215052004135
sys013,utt282,wav/vmc2026-track3-sys013-utt282.wav,wav/vmc2026-track3-sys019-utt281.wav,4.238031954502258
sys011,utt204,wav/vmc2026-track3-sys011-utt204.wav,wav/vmc2026-track3-sys019-utt203.wav,3.8053303632839315
sys025,utt218,wav/vmc2026-track3-sys025-utt218.wav,wav/vmc2026-track3-sys019-utt217.wav,4.412410797921797
sys008,utt290,wav/vmc2026-track3-sys008-utt290.wav,wav/vmc2026-track3-sys019-utt289.wav,4.257048333527035
sys018,utt130,wav/vmc2026-track3-sys018-utt130.wav,wav/vmc2026-track3-sys019-utt129.wav,3.9234252703333365
sys002,utt154,wav/vmc2026-track3-sys002-utt154.wav,wav/vmc2026-track3-sys019-utt153.wav,4.580367343273785
sys024,utt128,wav/vmc2026-track3-sys024-utt128.wav,wav/vmc2026-track3-sys019-utt127.wav,3.8951665476812116
sys012,utt276,wav/vmc2026-track3-sys012-utt276.wav,wav/vmc2026-track3-sys019-utt275.wav,3.653341158302493
sys001,utt024,wav/vmc2026-track3-sys001-utt024.wav,wav/vmc2026-track3-sys019-utt023.wav,4.377638410180198
sys014,utt110,wav/vmc2026-track3-sys014-utt110.wav,wav/vmc2026-track3-sys019-utt109.wav,4.755650110322671
sys002,utt218,wav/vmc2026-track3-sys002-utt218.wav,wav/vmc2026-track3-sys019-utt217.wav,4.754228050413219
sys022,utt222,wav/vmc2026-track3-sys022-utt222.wav,wav/vmc2026-track3-sys019-utt221.wav,4.43395690515876
sys023,utt150,wav/vmc2026-track3-sys023-utt150.wav,wav/vmc2026-track3-sys019-utt149.wav,3.5494773938516944
sys007,utt024,wav/vmc2026-track3-sys007-utt024.wav,wav/vmc2026-track3-sys019-utt023.wav,3.662253719362189
sys020,utt036,wav/vmc2026-track3-sys020-utt036.wav,wav/vmc2026-track3-sys019-utt035.wav,3.344983523850236
sys009,utt248,wav/vmc2026-track3-sys009-utt248.wav,wav/vmc2026-track3-sys019-utt247.wav,4.572489032277383
sys008,utt314,wav/vmc2026-track3-sys008-utt314.wav,wav/vmc2026-track3-sys019-utt313.wav,4.205743086670334
sys018,utt028,wav/vmc2026-track3-sys018-utt028.wav,wav/vmc2026-track3-sys019-utt027.wav,3.7327949508742417
sys025,utt314,wav/vmc2026-track3-sys025-utt314.wav,wav/vmc2026-track3-sys019-utt313.wav,3.7464537045011386
sys007,utt018,wav/vmc2026-track3-sys007-utt018.wav,wav/vmc2026-track3-sys019-utt017.wav,4.026862723386201
sys016,utt320,wav/vmc2026-track3-sys016-utt320.wav,wav/vmc2026-track3-sys019-utt319.wav,2.509870424924438
sys022,utt082,wav/vmc2026-track3-sys022-utt082.wav,wav/vmc2026-track3-sys019-utt081.wav,3.5583766706619837
sys009,utt036,wav/vmc2026-track3-sys009-utt036.wav,wav/vmc2026-track3-sys019-utt035.wav,3.4269388454887064
sys022,utt210,wav/vmc2026-track3-sys022-utt210.wav,wav/vmc2026-track3-sys019-utt209.wav,3.874534370047151
sys022,utt130,wav/vmc2026-track3-sys022-utt130.wav,wav/vmc2026-track3-sys019-utt129.wav,3.7933197892479718
sys018,utt134,wav/vmc2026-track3-sys018-utt134.wav,wav/vmc2026-track3-sys019-utt133.wav,3.010734770906636
sys024,utt314,wav/vmc2026-track3-sys024-utt314.wav,wav/vmc2026-track3-sys019-utt313.wav,4.13033731833646
sys007,utt202,wav/vmc2026-track3-sys007-utt202.wav,wav/vmc2026-track3-sys019-utt201.wav,4.085828723375699
sys008,utt208,wav/vmc2026-track3-sys008-utt208.wav,wav/vmc2026-track3-sys019-utt207.wav,4.19162254896347
sys013,utt216,wav/vmc2026-track3-sys013-utt216.wav,wav/vmc2026-track3-sys019-utt215.wav,4.1853715069544215
sys018,utt160,wav/vmc2026-track3-sys018-utt160.wav,wav/vmc2026-track3-sys019-utt159.wav,4.2854618386573735
sys022,utt112,wav/vmc2026-track3-sys022-utt112.wav,wav/vmc2026-track3-sys019-utt111.wav,3.3105704992752094
sys011,utt036,wav/vmc2026-track3-sys011-utt036.wav,wav/vmc2026-track3-sys019-utt035.wav,3.4108710276873344
sys018,utt238,wav/vmc2026-track3-sys018-utt238.wav,wav/vmc2026-track3-sys019-utt237.wav,3.8232821712097356
sys026,utt294,wav/vmc2026-track3-sys026-utt294.wav,wav/vmc2026-track3-sys019-utt293.wav,4.212266338356621
sys005,utt246,wav/vmc2026-track3-sys005-utt246.wav,wav/vmc2026-track3-sys019-utt245.wav,3.6806400257376115
sys018,utt172,wav/vmc2026-track3-sys018-utt172.wav,wav/vmc2026-track3-sys019-utt171.wav,3.3338659829545647
sys006,utt112,wav/vmc2026-track3-sys006-utt112.wav,wav/vmc2026-track3-sys019-utt111.wav,3.997247562279749
sys008,utt272,wav/vmc2026-track3-sys008-utt272.wav,wav/vmc2026-track3-sys019-utt271.wav,4.484219341884103
sys023,utt316,wav/vmc2026-track3-sys023-utt316.wav,wav/vmc2026-track3-sys019-utt315.wav,4.354361861668024
sys002,utt036,wav/vmc2026-track3-sys002-utt036.wav,wav/vmc2026-track3-sys019-utt035.wav,3.104522238981751
sys006,utt274,wav/vmc2026-track3-sys006-utt274.wav,wav/vmc2026-track3-sys019-utt273.wav,4.42130434047657
sys022,utt172,wav/vmc2026-track3-sys022-utt172.wav,wav/vmc2026-track3-sys019-utt171.wav,3.0271998991322286
sys001,utt128,wav/vmc2026-track3-sys001-utt128.wav,wav/vmc2026-track3-sys019-utt127.wav,4.2251708774053744
sys010,utt106,wav/vmc2026-track3-sys010-utt106.wav,wav/vmc2026-track3-sys019-utt105.wav,4.330644927960731
sys023,utt080,wav/vmc2026-track3-sys023-utt080.wav,wav/vmc2026-track3-sys019-utt079.wav,3.5661938298581233
sys009,utt146,wav/vmc2026-track3-sys009-utt146.wav,wav/vmc2026-track3-sys019-utt145.wav,4.402093068217995
sys017,utt314,wav/vmc2026-track3-sys017-utt314.wav,wav/vmc2026-track3-sys019-utt313.wav,3.9112725620934814
sys010,utt248,wav/vmc2026-track3-sys010-utt248.wav,wav/vmc2026-track3-sys019-utt247.wav,4.591528801946065
sys008,utt212,wav/vmc2026-track3-sys008-utt212.wav,wav/vmc2026-track3-sys019-utt211.wav,4.477970929452071
sys022,utt108,wav/vmc2026-track3-sys022-utt108.wav,wav/vmc2026-track3-sys019-utt107.wav,3.732452292806169
sys017,utt004,wav/vmc2026-track3-sys017-utt004.wav,wav/vmc2026-track3-sys019-utt003.wav,3.942936778555972
sys022,utt024,wav/vmc2026-track3-sys022-utt024.wav,wav/vmc2026-track3-sys019-utt023.wav,3.738189148716194
sys001,utt146,wav/vmc2026-track3-sys001-utt146.wav,wav/vmc2026-track3-sys019-utt145.wav,3.44921556244525
sys026,utt070,wav/vmc2026-track3-sys026-utt070.wav,wav/vmc2026-track3-sys019-utt069.wav,3.9998789864545268
sys024,utt068,wav/vmc2026-track3-sys024-utt068.wav,wav/vmc2026-track3-sys019-utt067.wav,3.9916861976519122
sys009,utt230,wav/vmc2026-track3-sys009-utt230.wav,wav/vmc2026-track3-sys019-utt229.wav,4.777382402359485
sys010,utt050,wav/vmc2026-track3-sys010-utt050.wav,wav/vmc2026-track3-sys019-utt049.wav,3.9349999155897333
sys018,utt030,wav/vmc2026-track3-sys018-utt030.wav,wav/vmc2026-track3-sys019-utt029.wav,3.8072414900373555
sys018,utt122,wav/vmc2026-track3-sys018-utt122.wav,wav/vmc2026-track3-sys019-utt121.wav,3.7192311300170946
sys016,utt300,wav/vmc2026-track3-sys016-utt300.wav,wav/vmc2026-track3-sys019-utt299.wav,4.137807093238728
sys025,utt154,wav/vmc2026-track3-sys025-utt154.wav,wav/vmc2026-track3-sys019-utt153.wav,4.350555423203798
sys025,utt228,wav/vmc2026-track3-sys025-utt228.wav,wav/vmc2026-track3-sys019-utt227.wav,3.4710858431697074
sys024,utt244,wav/vmc2026-track3-sys024-utt244.wav,wav/vmc2026-track3-sys019-utt243.wav,4.281736317615658
sys013,utt158,wav/vmc2026-track3-sys013-utt158.wav,wav/vmc2026-track3-sys019-utt157.wav,4.496883054497143
sys008,utt200,wav/vmc2026-track3-sys008-utt200.wav,wav/vmc2026-track3-sys019-utt199.wav,4.655690721278421
sys022,utt176,wav/vmc2026-track3-sys022-utt176.wav,wav/vmc2026-track3-sys019-utt175.wav,3.7200167915193485
sys013,utt268,wav/vmc2026-track3-sys013-utt268.wav,wav/vmc2026-track3-sys019-utt267.wav,4.124215281782762
sys013,utt180,wav/vmc2026-track3-sys013-utt180.wav,wav/vmc2026-track3-sys019-utt179.wav,3.700096390742189
sys005,utt302,wav/vmc2026-track3-sys005-utt302.wav,wav/vmc2026-track3-sys019-utt301.wav,3.950994101909988
sys025,utt208,wav/vmc2026-track3-sys025-utt208.wav,wav/vmc2026-track3-sys019-utt207.wav,3.1445265673034033
sys023,utt304,wav/vmc2026-track3-sys023-utt304.wav,wav/vmc2026-track3-sys019-utt303.wav,4.331790698426855
sys020,utt300,wav/vmc2026-track3-sys020-utt300.wav,wav/vmc2026-track3-sys019-utt299.wav,3.375373761957312
sys006,utt144,wav/vmc2026-track3-sys006-utt144.wav,wav/vmc2026-track3-sys019-utt143.wav,4.171763970152266
sys024,utt088,wav/vmc2026-track3-sys024-utt088.wav,wav/vmc2026-track3-sys019-utt087.wav,3.98026000146562
sys010,utt012,wav/vmc2026-track3-sys010-utt012.wav,wav/vmc2026-track3-sys019-utt011.wav,4.045471365550401
sys005,utt008,wav/vmc2026-track3-sys005-utt008.wav,wav/vmc2026-track3-sys019-utt007.wav,4.133721178159355
sys007,utt312,wav/vmc2026-track3-sys007-utt312.wav,wav/vmc2026-track3-sys019-utt311.wav,3.7351429727699754
sys012,utt174,wav/vmc2026-track3-sys012-utt174.wav,wav/vmc2026-track3-sys019-utt173.wav,3.128073894023732
sys011,utt224,wav/vmc2026-track3-sys011-utt224.wav,wav/vmc2026-track3-sys019-utt223.wav,4.667664799767058
sys009,utt178,wav/vmc2026-track3-sys009-utt178.wav,wav/vmc2026-track3-sys019-utt177.wav,4.303888262447451
sys005,utt068,wav/vmc2026-track3-sys005-utt068.wav,wav/vmc2026-track3-sys019-utt067.wav,3.6426438611436294
sys007,utt306,wav/vmc2026-track3-sys007-utt306.wav,wav/vmc2026-track3-sys019-utt305.wav,4.1762729384776005
sys013,utt202,wav/vmc2026-track3-sys013-utt202.wav,wav/vmc2026-track3-sys019-utt201.wav,3.775915814277372
sys014,utt296,wav/vmc2026-track3-sys014-utt296.wav,wav/vmc2026-track3-sys019-utt295.wav,4.615585343190865
sys014,utt144,wav/vmc2026-track3-sys014-utt144.wav,wav/vmc2026-track3-sys019-utt143.wav,3.8963362756121236
sys008,utt048,wav/vmc2026-track3-sys008-utt048.wav,wav/vmc2026-track3-sys019-utt047.wav,4.480903569129244
sys007,utt198,wav/vmc2026-track3-sys007-utt198.wav,wav/vmc2026-track3-sys019-utt197.wav,4.124796692757381
sys018,utt116,wav/vmc2026-track3-sys018-utt116.wav,wav/vmc2026-track3-sys019-utt115.wav,3.2693275073675965
sys016,utt014,wav/vmc2026-track3-sys016-utt014.wav,wav/vmc2026-track3-sys019-utt013.wav,3.9228223822394104
sys010,utt178,wav/vmc2026-track3-sys010-utt178.wav,wav/vmc2026-track3-sys019-utt177.wav,3.5798136669243763
sys023,utt046,wav/vmc2026-track3-sys023-utt046.wav,wav/vmc2026-track3-sys019-utt045.wav,4.451473544575132
sys014,utt004,wav/vmc2026-track3-sys014-utt004.wav,wav/vmc2026-track3-sys019-utt003.wav,4.80501056399126
sys020,utt152,wav/vmc2026-track3-sys020-utt152.wav,wav/vmc2026-track3-sys019-utt151.wav,3.791375135042849
sys025,utt004,wav/vmc2026-track3-sys025-utt004.wav,wav/vmc2026-track3-sys019-utt003.wav,3.916970446957071
sys010,utt090,wav/vmc2026-track3-sys010-utt090.wav,wav/vmc2026-track3-sys019-utt089.wav,3.621415601954517
sys013,utt294,wav/vmc2026-track3-sys013-utt294.wav,wav/vmc2026-track3-sys019-utt293.wav,4.536018633074703
sys016,utt010,wav/vmc2026-track3-sys016-utt010.wav,wav/vmc2026-track3-sys019-utt009.wav,4.442890105849232
sys007,utt076,wav/vmc2026-track3-sys007-utt076.wav,wav/vmc2026-track3-sys019-utt075.wav,4.274024256676105
sys020,utt318,wav/vmc2026-track3-sys020-utt318.wav,wav/vmc2026-track3-sys019-utt317.wav,3.6759890903430135
sys006,utt244,wav/vmc2026-track3-sys006-utt244.wav,wav/vmc2026-track3-sys019-utt243.wav,4.806381733643014
sys009,utt072,wav/vmc2026-track3-sys009-utt072.wav,wav/vmc2026-track3-sys019-utt071.wav,4.543950699705605
sys024,utt048,wav/vmc2026-track3-sys024-utt048.wav,wav/vmc2026-track3-sys019-utt047.wav,4.289073068217886
sys005,utt316,wav/vmc2026-track3-sys005-utt316.wav,wav/vmc2026-track3-sys019-utt315.wav,3.3494310369860023
sys022,utt122,wav/vmc2026-track3-sys022-utt122.wav,wav/vmc2026-track3-sys019-utt121.wav,3.9604115405139573
sys014,utt106,wav/vmc2026-track3-sys014-utt106.wav,wav/vmc2026-track3-sys019-utt105.wav,4.456635063384571
sys011,utt132,wav/vmc2026-track3-sys011-utt132.wav,wav/vmc2026-track3-sys019-utt131.wav,4.094817639496559
sys006,utt194,wav/vmc2026-track3-sys006-utt194.wav,wav/vmc2026-track3-sys019-utt193.wav,4.486791391485906
sys011,utt276,wav/vmc2026-track3-sys011-utt276.wav,wav/vmc2026-track3-sys019-utt275.wav,4.1708380524097945
sys006,utt208,wav/vmc2026-track3-sys006-utt208.wav,wav/vmc2026-track3-sys019-utt207.wav,3.6806679902744412
sys022,utt068,wav/vmc2026-track3-sys022-utt068.wav,wav/vmc2026-track3-sys019-utt067.wav,3.7347076456915396
sys014,utt202,wav/vmc2026-track3-sys014-utt202.wav,wav/vmc2026-track3-sys019-utt201.wav,4.306649446740566
sys017,utt132,wav/vmc2026-track3-sys017-utt132.wav,wav/vmc2026-track3-sys019-utt131.wav,3.301863841361959
sys023,utt034,wav/vmc2026-track3-sys023-utt034.wav,wav/vmc2026-track3-sys019-utt033.wav,4.350693571809414
sys002,utt312,wav/vmc2026-track3-sys002-utt312.wav,wav/vmc2026-track3-sys019-utt311.wav,4.414462855050247
sys010,utt156,wav/vmc2026-track3-sys010-utt156.wav,wav/vmc2026-track3-sys019-utt155.wav,4.4772205188213565
sys026,utt046,wav/vmc2026-track3-sys026-utt046.wav,wav/vmc2026-track3-sys019-utt045.wav,4.347511071249263
sys010,utt182,wav/vmc2026-track3-sys010-utt182.wav,wav/vmc2026-track3-sys019-utt181.wav,4.2124774245738426
sys007,utt068,wav/vmc2026-track3-sys007-utt068.wav,wav/vmc2026-track3-sys019-utt067.wav,3.786009255724939
sys008,utt300,wav/vmc2026-track3-sys008-utt300.wav,wav/vmc2026-track3-sys019-utt299.wav,4.452346284316251
sys018,utt204,wav/vmc2026-track3-sys018-utt204.wav,wav/vmc2026-track3-sys019-utt203.wav,3.41694602168465
sys017,utt216,wav/vmc2026-track3-sys017-utt216.wav,wav/vmc2026-track3-sys019-utt215.wav,4.405334215105711
sys025,utt212,wav/vmc2026-track3-sys025-utt212.wav,wav/vmc2026-track3-sys019-utt211.wav,4.107257400062324
sys016,utt174,wav/vmc2026-track3-sys016-utt174.wav,wav/vmc2026-track3-sys019-utt173.wav,3.247305895836968
sys016,utt042,wav/vmc2026-track3-sys016-utt042.wav,wav/vmc2026-track3-sys019-utt041.wav,3.6511856469418427
sys013,utt112,wav/vmc2026-track3-sys013-utt112.wav,wav/vmc2026-track3-sys019-utt111.wav,2.993976465141458
sys005,utt090,wav/vmc2026-track3-sys005-utt090.wav,wav/vmc2026-track3-sys019-utt089.wav,3.6460151008020127
sys024,utt064,wav/vmc2026-track3-sys024-utt064.wav,wav/vmc2026-track3-sys019-utt063.wav,3.736045003825753
sys025,utt008,wav/vmc2026-track3-sys025-utt008.wav,wav/vmc2026-track3-sys019-utt007.wav,3.9427163844053466
sys026,utt264,wav/vmc2026-track3-sys026-utt264.wav,wav/vmc2026-track3-sys019-utt263.wav,4.280642237554494
sys022,utt116,wav/vmc2026-track3-sys022-utt116.wav,wav/vmc2026-track3-sys019-utt115.wav,3.2189070346017292
sys016,utt030,wav/vmc2026-track3-sys016-utt030.wav,wav/vmc2026-track3-sys019-utt029.wav,4.024491145176309
sys006,utt132,wav/vmc2026-track3-sys006-utt132.wav,wav/vmc2026-track3-sys019-utt131.wav,3.8960320862910494
sys020,utt150,wav/vmc2026-track3-sys020-utt150.wav,wav/vmc2026-track3-sys019-utt149.wav,3.3892692833656355
sys020,utt290,wav/vmc2026-track3-sys020-utt290.wav,wav/vmc2026-track3-sys019-utt289.wav,3.3207807391051127
sys005,utt216,wav/vmc2026-track3-sys005-utt216.wav,wav/vmc2026-track3-sys019-utt215.wav,3.994004533442445
sys017,utt022,wav/vmc2026-track3-sys017-utt022.wav,wav/vmc2026-track3-sys019-utt021.wav,3.9266742047557237
sys020,utt088,wav/vmc2026-track3-sys020-utt088.wav,wav/vmc2026-track3-sys019-utt087.wav,2.9807924935662573
sys016,utt088,wav/vmc2026-track3-sys016-utt088.wav,wav/vmc2026-track3-sys019-utt087.wav,3.4173187990350016
sys017,utt220,wav/vmc2026-track3-sys017-utt220.wav,wav/vmc2026-track3-sys019-utt219.wav,4.092213769463331
sys011,utt308,wav/vmc2026-track3-sys011-utt308.wav,wav/vmc2026-track3-sys019-utt307.wav,3.930109452533899
sys025,utt072,wav/vmc2026-track3-sys025-utt072.wav,wav/vmc2026-track3-sys019-utt071.wav,3.059248589134074
sys002,utt084,wav/vmc2026-track3-sys002-utt084.wav,wav/vmc2026-track3-sys019-utt083.wav,3.9774514099953397
sys018,utt272,wav/vmc2026-track3-sys018-utt272.wav,wav/vmc2026-track3-sys019-utt271.wav,4.1082994370345665
sys006,utt158,wav/vmc2026-track3-sys006-utt158.wav,wav/vmc2026-track3-sys019-utt157.wav,4.593302618002957
sys006,utt248,wav/vmc2026-track3-sys006-utt248.wav,wav/vmc2026-track3-sys019-utt247.wav,4.69323382663513
sys007,utt226,wav/vmc2026-track3-sys007-utt226.wav,wav/vmc2026-track3-sys019-utt225.wav,3.7486063350537804
sys009,utt276,wav/vmc2026-track3-sys009-utt276.wav,wav/vmc2026-track3-sys019-utt275.wav,4.550505633769711
sys006,utt178,wav/vmc2026-track3-sys006-utt178.wav,wav/vmc2026-track3-sys019-utt177.wav,4.14942594461225
sys001,utt268,wav/vmc2026-track3-sys001-utt268.wav,wav/vmc2026-track3-sys019-utt267.wav,3.9343304639689336
sys017,utt036,wav/vmc2026-track3-sys017-utt036.wav,wav/vmc2026-track3-sys019-utt035.wav,2.9210514617361465
sys009,utt114,wav/vmc2026-track3-sys009-utt114.wav,wav/vmc2026-track3-sys019-utt113.wav,4.187423189633885
sys024,utt138,wav/vmc2026-track3-sys024-utt138.wav,wav/vmc2026-track3-sys019-utt137.wav,3.903081732541521
sys017,utt020,wav/vmc2026-track3-sys017-utt020.wav,wav/vmc2026-track3-sys019-utt019.wav,3.5993261362932754
sys001,utt072,wav/vmc2026-track3-sys001-utt072.wav,wav/vmc2026-track3-sys019-utt071.wav,4.115946773525245
sys025,utt294,wav/vmc2026-track3-sys025-utt294.wav,wav/vmc2026-track3-sys019-utt293.wav,4.387775910865072
sys016,utt152,wav/vmc2026-track3-sys016-utt152.wav,wav/vmc2026-track3-sys019-utt151.wav,3.7584982517579566
sys020,utt172,wav/vmc2026-track3-sys020-utt172.wav,wav/vmc2026-track3-sys019-utt171.wav,2.5768361151559187
sys011,utt046,wav/vmc2026-track3-sys011-utt046.wav,wav/vmc2026-track3-sys019-utt045.wav,4.4722854990880085
sys023,utt174,wav/vmc2026-track3-sys023-utt174.wav,wav/vmc2026-track3-sys019-utt173.wav,3.7101901645273943
sys009,utt128,wav/vmc2026-track3-sys009-utt128.wav,wav/vmc2026-track3-sys019-utt127.wav,4.315946303749643
sys024,utt144,wav/vmc2026-track3-sys024-utt144.wav,wav/vmc2026-track3-sys019-utt143.wav,3.9710179625225135
sys009,utt320,wav/vmc2026-track3-sys009-utt320.wav,wav/vmc2026-track3-sys019-utt319.wav,4.505182101619219
sys005,utt066,wav/vmc2026-track3-sys005-utt066.wav,wav/vmc2026-track3-sys019-utt065.wav,4.116904181144234
sys020,utt026,wav/vmc2026-track3-sys020-utt026.wav,wav/vmc2026-track3-sys019-utt025.wav,3.1829230451209853
sys022,utt090,wav/vmc2026-track3-sys022-utt090.wav,wav/vmc2026-track3-sys019-utt089.wav,3.694677946170616
sys012,utt246,wav/vmc2026-track3-sys012-utt246.wav,wav/vmc2026-track3-sys019-utt245.wav,3.969812539473022
sys007,utt156,wav/vmc2026-track3-sys007-utt156.wav,wav/vmc2026-track3-sys019-utt155.wav,4.2534165915495485
sys026,utt196,wav/vmc2026-track3-sys026-utt196.wav,wav/vmc2026-track3-sys019-utt195.wav,4.167857003169854
sys002,utt144,wav/vmc2026-track3-sys002-utt144.wav,wav/vmc2026-track3-sys019-utt143.wav,3.9505606988660644
sys008,utt114,wav/vmc2026-track3-sys008-utt114.wav,wav/vmc2026-track3-sys019-utt113.wav,3.5336210070139904
sys010,utt140,wav/vmc2026-track3-sys010-utt140.wav,wav/vmc2026-track3-sys019-utt139.wav,2.8562729698637424
sys012,utt176,wav/vmc2026-track3-sys012-utt176.wav,wav/vmc2026-track3-sys019-utt175.wav,3.279181235718418
sys016,utt028,wav/vmc2026-track3-sys016-utt028.wav,wav/vmc2026-track3-sys019-utt027.wav,3.8557105849467055
sys025,utt276,wav/vmc2026-track3-sys025-utt276.wav,wav/vmc2026-track3-sys019-utt275.wav,3.8270124458611074
sys012,utt208,wav/vmc2026-track3-sys012-utt208.wav,wav/vmc2026-track3-sys019-utt207.wav,3.523495507711974
sys008,utt196,wav/vmc2026-track3-sys008-utt196.wav,wav/vmc2026-track3-sys019-utt195.wav,4.485270790073481
sys008,utt204,wav/vmc2026-track3-sys008-utt204.wav,wav/vmc2026-track3-sys019-utt203.wav,4.5008827127302515
sys005,utt290,wav/vmc2026-track3-sys005-utt290.wav,wav/vmc2026-track3-sys019-utt289.wav,3.733699243626939
sys017,utt158,wav/vmc2026-track3-sys017-utt158.wav,wav/vmc2026-track3-sys019-utt157.wav,4.172348537333309
sys002,utt068,wav/vmc2026-track3-sys002-utt068.wav,wav/vmc2026-track3-sys019-utt067.wav,4.435528471221546
sys009,utt198,wav/vmc2026-track3-sys009-utt198.wav,wav/vmc2026-track3-sys019-utt197.wav,4.731746008724104
sys025,utt246,wav/vmc2026-track3-sys025-utt246.wav,wav/vmc2026-track3-sys019-utt245.wav,4.249038240893057
sys001,utt186,wav/vmc2026-track3-sys001-utt186.wav,wav/vmc2026-track3-sys019-utt185.wav,4.540939785292036
sys014,utt082,wav/vmc2026-track3-sys014-utt082.wav,wav/vmc2026-track3-sys019-utt081.wav,3.8488093515717465
sys025,utt138,wav/vmc2026-track3-sys025-utt138.wav,wav/vmc2026-track3-sys019-utt137.wav,3.726474591414244
sys005,utt226,wav/vmc2026-track3-sys005-utt226.wav,wav/vmc2026-track3-sys019-utt225.wav,4.378751023241998
sys016,utt072,wav/vmc2026-track3-sys016-utt072.wav,wav/vmc2026-track3-sys019-utt071.wav,4.087032851526724
sys025,utt266,wav/vmc2026-track3-sys025-utt266.wav,wav/vmc2026-track3-sys019-utt265.wav,3.3715848653226983
sys005,utt140,wav/vmc2026-track3-sys005-utt140.wav,wav/vmc2026-track3-sys019-utt139.wav,3.4471099659310744
sys012,utt298,wav/vmc2026-track3-sys012-utt298.wav,wav/vmc2026-track3-sys019-utt297.wav,3.8800563408188715
sys020,utt230,wav/vmc2026-track3-sys020-utt230.wav,wav/vmc2026-track3-sys019-utt229.wav,3.3951802368505435
sys011,utt280,wav/vmc2026-track3-sys011-utt280.wav,wav/vmc2026-track3-sys019-utt279.wav,4.867134927483165
sys025,utt232,wav/vmc2026-track3-sys025-utt232.wav,wav/vmc2026-track3-sys019-utt231.wav,3.920633959849741
sys009,utt026,wav/vmc2026-track3-sys009-utt026.wav,wav/vmc2026-track3-sys019-utt025.wav,4.560443123988773
sys008,utt008,wav/vmc2026-track3-sys008-utt008.wav,wav/vmc2026-track3-sys019-utt007.wav,4.685523198230712
sys017,utt012,wav/vmc2026-track3-sys017-utt012.wav,wav/vmc2026-track3-sys019-utt011.wav,3.7334426181722713
sys001,utt068,wav/vmc2026-track3-sys001-utt068.wav,wav/vmc2026-track3-sys019-utt067.wav,3.9295359229932294
sys018,utt152,wav/vmc2026-track3-sys018-utt152.wav,wav/vmc2026-track3-sys019-utt151.wav,3.421305922673844
sys014,utt134,wav/vmc2026-track3-sys014-utt134.wav,wav/vmc2026-track3-sys019-utt133.wav,4.01925038223965
sys026,utt064,wav/vmc2026-track3-sys026-utt064.wav,wav/vmc2026-track3-sys019-utt063.wav,4.338136181381226
sys016,utt204,wav/vmc2026-track3-sys016-utt204.wav,wav/vmc2026-track3-sys019-utt203.wav,3.7820391221003953
sys012,utt306,wav/vmc2026-track3-sys012-utt306.wav,wav/vmc2026-track3-sys019-utt305.wav,3.604940976428545
sys005,utt282,wav/vmc2026-track3-sys005-utt282.wav,wav/vmc2026-track3-sys019-utt281.wav,4.085993986101732
sys011,utt014,wav/vmc2026-track3-sys011-utt014.wav,wav/vmc2026-track3-sys019-utt013.wav,4.345870253245793
sys025,utt306,wav/vmc2026-track3-sys025-utt306.wav,wav/vmc2026-track3-sys019-utt305.wav,3.8310321615785052
sys001,utt182,wav/vmc2026-track3-sys001-utt182.wav,wav/vmc2026-track3-sys019-utt181.wav,4.014055045335613
sys007,utt116,wav/vmc2026-track3-sys007-utt116.wav,wav/vmc2026-track3-sys019-utt115.wav,3.272002537309226
sys025,utt074,wav/vmc2026-track3-sys025-utt074.wav,wav/vmc2026-track3-sys019-utt073.wav,3.8415930419947055
sys016,utt314,wav/vmc2026-track3-sys016-utt314.wav,wav/vmc2026-track3-sys019-utt313.wav,3.8995631356888607
sys006,utt148,wav/vmc2026-track3-sys006-utt148.wav,wav/vmc2026-track3-sys019-utt147.wav,3.8329580885587413
sys020,utt158,wav/vmc2026-track3-sys020-utt158.wav,wav/vmc2026-track3-sys019-utt157.wav,3.6594350485234037
sys013,utt310,wav/vmc2026-track3-sys013-utt310.wav,wav/vmc2026-track3-sys019-utt309.wav,4.512908746201829
sys005,utt020,wav/vmc2026-track3-sys005-utt020.wav,wav/vmc2026-track3-sys019-utt019.wav,3.9584165200263755
sys005,utt230,wav/vmc2026-track3-sys005-utt230.wav,wav/vmc2026-track3-sys019-utt229.wav,3.9226104015190524
sys017,utt250,wav/vmc2026-track3-sys017-utt250.wav,wav/vmc2026-track3-sys019-utt249.wav,4.008707746271894
sys020,utt176,wav/vmc2026-track3-sys020-utt176.wav,wav/vmc2026-track3-sys019-utt175.wav,2.7067629369374346
sys006,utt140,wav/vmc2026-track3-sys006-utt140.wav,wav/vmc2026-track3-sys019-utt139.wav,4.00590226771625
sys011,utt214,wav/vmc2026-track3-sys011-utt214.wav,wav/vmc2026-track3-sys019-utt213.wav,4.2342240633373365
sys020,utt082,wav/vmc2026-track3-sys020-utt082.wav,wav/vmc2026-track3-sys019-utt081.wav,2.647939071368407
sys026,utt124,wav/vmc2026-track3-sys026-utt124.wav,wav/vmc2026-track3-sys019-utt123.wav,4.037482741397743
sys013,utt292,wav/vmc2026-track3-sys013-utt292.wav,wav/vmc2026-track3-sys019-utt291.wav,4.556635249080435
sys025,utt114,wav/vmc2026-track3-sys025-utt114.wav,wav/vmc2026-track3-sys019-utt113.wav,3.456786172470083
sys016,utt034,wav/vmc2026-track3-sys016-utt034.wav,wav/vmc2026-track3-sys019-utt033.wav,3.3662128802491726
sys002,utt174,wav/vmc2026-track3-sys002-utt174.wav,wav/vmc2026-track3-sys019-utt173.wav,3.9127085290310335
sys013,utt080,wav/vmc2026-track3-sys013-utt080.wav,wav/vmc2026-track3-sys019-utt079.wav,3.8383951685068465
sys013,utt018,wav/vmc2026-track3-sys013-utt018.wav,wav/vmc2026-track3-sys019-utt017.wav,4.334355790899411
sys018,utt310,wav/vmc2026-track3-sys018-utt310.wav,wav/vmc2026-track3-sys019-utt309.wav,3.6724083159853014
sys018,utt148,wav/vmc2026-track3-sys018-utt148.wav,wav/vmc2026-track3-sys019-utt147.wav,3.625836171488285
sys026,utt234,wav/vmc2026-track3-sys026-utt234.wav,wav/vmc2026-track3-sys019-utt233.wav,3.7716623480741323
sys012,utt244,wav/vmc2026-track3-sys012-utt244.wav,wav/vmc2026-track3-sys019-utt243.wav,3.8401298782087374
sys002,utt090,wav/vmc2026-track3-sys002-utt090.wav,wav/vmc2026-track3-sys019-utt089.wav,3.6031904216603126
sys022,utt062,wav/vmc2026-track3-sys022-utt062.wav,wav/vmc2026-track3-sys019-utt061.wav,3.8067910077594127
sys012,utt312,wav/vmc2026-track3-sys012-utt312.wav,wav/vmc2026-track3-sys019-utt311.wav,3.8962228696905234
sys010,utt214,wav/vmc2026-track3-sys010-utt214.wav,wav/vmc2026-track3-sys019-utt213.wav,4.495900287971139
sys018,utt078,wav/vmc2026-track3-sys018-utt078.wav,wav/vmc2026-track3-sys019-utt077.wav,3.771846955479832
sys014,utt176,wav/vmc2026-track3-sys014-utt176.wav,wav/vmc2026-track3-sys019-utt175.wav,3.8005321262365896
sys014,utt088,wav/vmc2026-track3-sys014-utt088.wav,wav/vmc2026-track3-sys019-utt087.wav,3.980755821557385
sys010,utt072,wav/vmc2026-track3-sys010-utt072.wav,wav/vmc2026-track3-sys019-utt071.wav,3.9733038312840443
sys018,utt018,wav/vmc2026-track3-sys018-utt018.wav,wav/vmc2026-track3-sys019-utt017.wav,4.047186419558396
sys022,utt304,wav/vmc2026-track3-sys022-utt304.wav,wav/vmc2026-track3-sys019-utt303.wav,4.3013301186129445
sys016,utt192,wav/vmc2026-track3-sys016-utt192.wav,wav/vmc2026-track3-sys019-utt191.wav,4.126325791077825
sys009,utt154,wav/vmc2026-track3-sys009-utt154.wav,wav/vmc2026-track3-sys019-utt153.wav,4.805170196196259
sys014,utt220,wav/vmc2026-track3-sys014-utt220.wav,wav/vmc2026-track3-sys019-utt219.wav,4.332036713237786
sys014,utt048,wav/vmc2026-track3-sys014-utt048.wav,wav/vmc2026-track3-sys019-utt047.wav,4.582519846799845
sys022,utt142,wav/vmc2026-track3-sys022-utt142.wav,wav/vmc2026-track3-sys019-utt141.wav,3.502106827413815
sys008,utt090,wav/vmc2026-track3-sys008-utt090.wav,wav/vmc2026-track3-sys019-utt089.wav,3.7724015612665673
sys026,utt038,wav/vmc2026-track3-sys026-utt038.wav,wav/vmc2026-track3-sys019-utt037.wav,3.8282692850013
sys018,utt222,wav/vmc2026-track3-sys018-utt222.wav,wav/vmc2026-track3-sys019-utt221.wav,2.8810886782745615
sys018,utt198,wav/vmc2026-track3-sys018-utt198.wav,wav/vmc2026-track3-sys019-utt197.wav,3.904654940509032
sys008,utt018,wav/vmc2026-track3-sys008-utt018.wav,wav/vmc2026-track3-sys019-utt017.wav,4.244725289838728
sys024,utt136,wav/vmc2026-track3-sys024-utt136.wav,wav/vmc2026-track3-sys019-utt135.wav,3.546882104159126
sys013,utt152,wav/vmc2026-track3-sys013-utt152.wav,wav/vmc2026-track3-sys019-utt151.wav,4.466228341263448
sys014,utt044,wav/vmc2026-track3-sys014-utt044.wav,wav/vmc2026-track3-sys019-utt043.wav,4.5248716633398995
sys017,utt062,wav/vmc2026-track3-sys017-utt062.wav,wav/vmc2026-track3-sys019-utt061.wav,3.4064469541434663
sys014,utt224,wav/vmc2026-track3-sys014-utt224.wav,wav/vmc2026-track3-sys019-utt223.wav,4.865109576097409
sys022,utt308,wav/vmc2026-track3-sys022-utt308.wav,wav/vmc2026-track3-sys019-utt307.wav,3.730028983692632
sys018,utt070,wav/vmc2026-track3-sys018-utt070.wav,wav/vmc2026-track3-sys019-utt069.wav,3.3061782265283166
sys009,utt068,wav/vmc2026-track3-sys009-utt068.wav,wav/vmc2026-track3-sys019-utt067.wav,4.188740925124765
sys007,utt230,wav/vmc2026-track3-sys007-utt230.wav,wav/vmc2026-track3-sys019-utt229.wav,4.395096129834508
sys024,utt198,wav/vmc2026-track3-sys024-utt198.wav,wav/vmc2026-track3-sys019-utt197.wav,4.573702042541035
sys007,utt010,wav/vmc2026-track3-sys007-utt010.wav,wav/vmc2026-track3-sys019-utt009.wav,4.421552108475449
sys016,utt290,wav/vmc2026-track3-sys016-utt290.wav,wav/vmc2026-track3-sys019-utt289.wav,3.2249085173479513
sys005,utt034,wav/vmc2026-track3-sys005-utt034.wav,wav/vmc2026-track3-sys019-utt033.wav,3.686549469810104
sys001,utt234,wav/vmc2026-track3-sys001-utt234.wav,wav/vmc2026-track3-sys019-utt233.wav,3.7587797593490264
sys006,utt152,wav/vmc2026-track3-sys006-utt152.wav,wav/vmc2026-track3-sys019-utt151.wav,4.67559535990976
sys022,utt276,wav/vmc2026-track3-sys022-utt276.wav,wav/vmc2026-track3-sys019-utt275.wav,4.072909156660221
sys026,utt178,wav/vmc2026-track3-sys026-utt178.wav,wav/vmc2026-track3-sys019-utt177.wav,4.154248429205293
sys024,utt182,wav/vmc2026-track3-sys024-utt182.wav,wav/vmc2026-track3-sys019-utt181.wav,3.9837912710211376
sys012,utt066,wav/vmc2026-track3-sys012-utt066.wav,wav/vmc2026-track3-sys019-utt065.wav,4.220873429074124
sys017,utt278,wav/vmc2026-track3-sys017-utt278.wav,wav/vmc2026-track3-sys019-utt277.wav,4.022408671426669
sys010,utt078,wav/vmc2026-track3-sys010-utt078.wav,wav/vmc2026-track3-sys019-utt077.wav,4.323528923147328
sys007,utt150,wav/vmc2026-track3-sys007-utt150.wav,wav/vmc2026-track3-sys019-utt149.wav,3.699539325902607
sys002,utt066,wav/vmc2026-track3-sys002-utt066.wav,wav/vmc2026-track3-sys019-utt065.wav,4.622778074706502
sys013,utt132,wav/vmc2026-track3-sys013-utt132.wav,wav/vmc2026-track3-sys019-utt131.wav,3.9573056718195283
sys023,utt198,wav/vmc2026-track3-sys023-utt198.wav,wav/vmc2026-track3-sys019-utt197.wav,4.4976023748226535
sys013,utt208,wav/vmc2026-track3-sys013-utt208.wav,wav/vmc2026-track3-sys019-utt207.wav,3.7363013314241442
sys011,utt232,wav/vmc2026-track3-sys011-utt232.wav,wav/vmc2026-track3-sys019-utt231.wav,3.987023291100181
sys010,utt184,wav/vmc2026-track3-sys010-utt184.wav,wav/vmc2026-track3-sys019-utt183.wav,4.175561785503382
sys022,utt232,wav/vmc2026-track3-sys022-utt232.wav,wav/vmc2026-track3-sys019-utt231.wav,4.0489077241185285
sys009,utt012,wav/vmc2026-track3-sys009-utt012.wav,wav/vmc2026-track3-sys019-utt011.wav,4.461183284486512
sys012,utt264,wav/vmc2026-track3-sys012-utt264.wav,wav/vmc2026-track3-sys019-utt263.wav,4.495385963749093
sys020,utt084,wav/vmc2026-track3-sys020-utt084.wav,wav/vmc2026-track3-sys019-utt083.wav,2.697710041119588
sys024,utt306,wav/vmc2026-track3-sys024-utt306.wav,wav/vmc2026-track3-sys019-utt305.wav,4.292746588818061
sys006,utt020,wav/vmc2026-track3-sys006-utt020.wav,wav/vmc2026-track3-sys019-utt019.wav,4.043913013613724
sys011,utt274,wav/vmc2026-track3-sys011-utt274.wav,wav/vmc2026-track3-sys019-utt273.wav,4.277366223987217
sys010,utt196,wav/vmc2026-track3-sys010-utt196.wav,wav/vmc2026-track3-sys019-utt195.wav,3.722580718946007
sys011,utt130,wav/vmc2026-track3-sys011-utt130.wav,wav/vmc2026-track3-sys019-utt129.wav,4.242834953265674
sys013,utt284,wav/vmc2026-track3-sys013-utt284.wav,wav/vmc2026-track3-sys019-utt283.wav,4.005192863184709
sys002,utt270,wav/vmc2026-track3-sys002-utt270.wav,wav/vmc2026-track3-sys019-utt269.wav,4.668936124291959
sys002,utt034,wav/vmc2026-track3-sys002-utt034.wav,wav/vmc2026-track3-sys019-utt033.wav,3.774111903742527
sys023,utt030,wav/vmc2026-track3-sys023-utt030.wav,wav/vmc2026-track3-sys019-utt029.wav,4.0838235935823946
sys026,utt102,wav/vmc2026-track3-sys026-utt102.wav,wav/vmc2026-track3-sys019-utt101.wav,3.884070800230134
sys020,utt004,wav/vmc2026-track3-sys020-utt004.wav,wav/vmc2026-track3-sys019-utt003.wav,3.6095784892356724
sys010,utt308,wav/vmc2026-track3-sys010-utt308.wav,wav/vmc2026-track3-sys019-utt307.wav,4.080018520185843
sys012,utt320,wav/vmc2026-track3-sys012-utt320.wav,wav/vmc2026-track3-sys019-utt319.wav,3.908136141641746
sys025,utt268,wav/vmc2026-track3-sys025-utt268.wav,wav/vmc2026-track3-sys019-utt267.wav,3.820628021836776
sys008,utt284,wav/vmc2026-track3-sys008-utt284.wav,wav/vmc2026-track3-sys019-utt283.wav,4.327466345893344
sys002,utt290,wav/vmc2026-track3-sys002-utt290.wav,wav/vmc2026-track3-sys019-utt289.wav,4.52868454158376
sys016,utt176,wav/vmc2026-track3-sys016-utt176.wav,wav/vmc2026-track3-sys019-utt175.wav,3.8646117596448204
sys013,utt196,wav/vmc2026-track3-sys013-utt196.wav,wav/vmc2026-track3-sys019-utt195.wav,4.109879562303459
sys010,utt222,wav/vmc2026-track3-sys010-utt222.wav,wav/vmc2026-track3-sys019-utt221.wav,4.472305123036136
sys020,utt246,wav/vmc2026-track3-sys020-utt246.wav,wav/vmc2026-track3-sys019-utt245.wav,3.1767286766646126
sys009,utt262,wav/vmc2026-track3-sys009-utt262.wav,wav/vmc2026-track3-sys019-utt261.wav,4.740869373804965
sys024,utt224,wav/vmc2026-track3-sys024-utt224.wav,wav/vmc2026-track3-sys019-utt223.wav,4.360658539894746
sys026,utt110,wav/vmc2026-track3-sys026-utt110.wav,wav/vmc2026-track3-sys019-utt109.wav,4.865908325190412
sys011,utt206,wav/vmc2026-track3-sys011-utt206.wav,wav/vmc2026-track3-sys019-utt205.wav,4.116115440649455
sys016,utt242,wav/vmc2026-track3-sys016-utt242.wav,wav/vmc2026-track3-sys019-utt241.wav,3.987175078546674
sys007,utt002,wav/vmc2026-track3-sys007-utt002.wav,wav/vmc2026-track3-sys019-utt001.wav,3.8634459759949156
sys014,utt026,wav/vmc2026-track3-sys014-utt026.wav,wav/vmc2026-track3-sys019-utt025.wav,4.420282444215013
sys024,utt026,wav/vmc2026-track3-sys024-utt026.wav,wav/vmc2026-track3-sys019-utt025.wav,3.7047144464967157
sys009,utt220,wav/vmc2026-track3-sys009-utt220.wav,wav/vmc2026-track3-sys019-utt219.wav,4.640553470962501
sys001,utt212,wav/vmc2026-track3-sys001-utt212.wav,wav/vmc2026-track3-sys019-utt211.wav,4.269824653000026
sys014,utt070,wav/vmc2026-track3-sys014-utt070.wav,wav/vmc2026-track3-sys019-utt069.wav,4.380910028892411
sys010,utt068,wav/vmc2026-track3-sys010-utt068.wav,wav/vmc2026-track3-sys019-utt067.wav,3.9627437683347426
sys002,utt228,wav/vmc2026-track3-sys002-utt228.wav,wav/vmc2026-track3-sys019-utt227.wav,4.508621652460517
sys001,utt276,wav/vmc2026-track3-sys001-utt276.wav,wav/vmc2026-track3-sys019-utt275.wav,4.194373837085567
sys002,utt318,wav/vmc2026-track3-sys002-utt318.wav,wav/vmc2026-track3-sys019-utt317.wav,4.71286237692484
sys007,utt318,wav/vmc2026-track3-sys007-utt318.wav,wav/vmc2026-track3-sys019-utt317.wav,4.202163986521659
sys024,utt008,wav/vmc2026-track3-sys024-utt008.wav,wav/vmc2026-track3-sys019-utt007.wav,4.352565667136814
sys009,utt152,wav/vmc2026-track3-sys009-utt152.wav,wav/vmc2026-track3-sys019-utt151.wav,4.736022872829814
sys011,utt226,wav/vmc2026-track3-sys011-utt226.wav,wav/vmc2026-track3-sys019-utt225.wav,4.914331635209193
sys026,utt210,wav/vmc2026-track3-sys026-utt210.wav,wav/vmc2026-track3-sys019-utt209.wav,3.7625828157915526
sys023,utt176,wav/vmc2026-track3-sys023-utt176.wav,wav/vmc2026-track3-sys019-utt175.wav,3.7555603877921
sys026,utt284,wav/vmc2026-track3-sys026-utt284.wav,wav/vmc2026-track3-sys019-utt283.wav,4.023115253688698
sys011,utt248,wav/vmc2026-track3-sys011-utt248.wav,wav/vmc2026-track3-sys019-utt247.wav,4.610273749699324
sys008,utt220,wav/vmc2026-track3-sys008-utt220.wav,wav/vmc2026-track3-sys019-utt219.wav,4.4888958209967464
sys024,utt062,wav/vmc2026-track3-sys024-utt062.wav,wav/vmc2026-track3-sys019-utt061.wav,3.6469026022371036
sys018,utt230,wav/vmc2026-track3-sys018-utt230.wav,wav/vmc2026-track3-sys019-utt229.wav,3.9435213209843387
sys008,utt034,wav/vmc2026-track3-sys008-utt034.wav,wav/vmc2026-track3-sys019-utt033.wav,4.342805756173075
sys005,utt320,wav/vmc2026-track3-sys005-utt320.wav,wav/vmc2026-track3-sys019-utt319.wav,4.1150215641477494
sys008,utt032,wav/vmc2026-track3-sys008-utt032.wav,wav/vmc2026-track3-sys019-utt031.wav,3.8727872761897744
sys005,utt006,wav/vmc2026-track3-sys005-utt006.wav,wav/vmc2026-track3-sys019-utt005.wav,3.9786583866612073
sys001,utt148,wav/vmc2026-track3-sys001-utt148.wav,wav/vmc2026-track3-sys019-utt147.wav,3.786562480275787
sys014,utt034,wav/vmc2026-track3-sys014-utt034.wav,wav/vmc2026-track3-sys019-utt033.wav,3.67434289380582
sys022,utt020,wav/vmc2026-track3-sys022-utt020.wav,wav/vmc2026-track3-sys019-utt019.wav,4.002204078025666
sys026,utt128,wav/vmc2026-track3-sys026-utt128.wav,wav/vmc2026-track3-sys019-utt127.wav,4.142347411563631
sys010,utt272,wav/vmc2026-track3-sys010-utt272.wav,wav/vmc2026-track3-sys019-utt271.wav,4.291525161507892
sys016,utt280,wav/vmc2026-track3-sys016-utt280.wav,wav/vmc2026-track3-sys019-utt279.wav,3.7228538745945583
sys024,utt214,wav/vmc2026-track3-sys024-utt214.wav,wav/vmc2026-track3-sys019-utt213.wav,4.555232084571149
sys007,utt148,wav/vmc2026-track3-sys007-utt148.wav,wav/vmc2026-track3-sys019-utt147.wav,3.1597867852797568
sys014,utt032,wav/vmc2026-track3-sys014-utt032.wav,wav/vmc2026-track3-sys019-utt031.wav,3.6986731424633494
sys026,utt218,wav/vmc2026-track3-sys026-utt218.wav,wav/vmc2026-track3-sys019-utt217.wav,4.477857710722786
sys022,utt144,wav/vmc2026-track3-sys022-utt144.wav,wav/vmc2026-track3-sys019-utt143.wav,3.3111340825537092
sys016,utt130,wav/vmc2026-track3-sys016-utt130.wav,wav/vmc2026-track3-sys019-utt129.wav,3.95026981751388
sys026,utt184,wav/vmc2026-track3-sys026-utt184.wav,wav/vmc2026-track3-sys019-utt183.wav,4.228158021741461
sys014,utt198,wav/vmc2026-track3-sys014-utt198.wav,wav/vmc2026-track3-sys019-utt197.wav,4.578890200702834
sys014,utt108,wav/vmc2026-track3-sys014-utt108.wav,wav/vmc2026-track3-sys019-utt107.wav,4.335557282948674
sys017,utt212,wav/vmc2026-track3-sys017-utt212.wav,wav/vmc2026-track3-sys019-utt211.wav,4.384838040657103
sys017,utt292,wav/vmc2026-track3-sys017-utt292.wav,wav/vmc2026-track3-sys019-utt291.wav,3.9722090181568737
sys020,utt074,wav/vmc2026-track3-sys020-utt074.wav,wav/vmc2026-track3-sys019-utt073.wav,3.31848020739253
sys011,utt296,wav/vmc2026-track3-sys011-utt296.wav,wav/vmc2026-track3-sys019-utt295.wav,4.654783668493692
sys024,utt294,wav/vmc2026-track3-sys024-utt294.wav,wav/vmc2026-track3-sys019-utt293.wav,4.425170792540556
sys009,utt222,wav/vmc2026-track3-sys009-utt222.wav,wav/vmc2026-track3-sys019-utt221.wav,4.687745651937042
sys025,utt174,wav/vmc2026-track3-sys025-utt174.wav,wav/vmc2026-track3-sys019-utt173.wav,3.3380049996187457
sys026,utt212,wav/vmc2026-track3-sys026-utt212.wav,wav/vmc2026-track3-sys019-utt211.wav,4.02360550730463
sys001,utt050,wav/vmc2026-track3-sys001-utt050.wav,wav/vmc2026-track3-sys019-utt049.wav,4.311535586023245
sys010,utt018,wav/vmc2026-track3-sys010-utt018.wav,wav/vmc2026-track3-sys019-utt017.wav,4.335289171982302
sys016,utt138,wav/vmc2026-track3-sys016-utt138.wav,wav/vmc2026-track3-sys019-utt137.wav,2.8652650360007983
sys020,utt050,wav/vmc2026-track3-sys020-utt050.wav,wav/vmc2026-track3-sys019-utt049.wav,3.2700578071470594
sys007,utt236,wav/vmc2026-track3-sys007-utt236.wav,wav/vmc2026-track3-sys019-utt235.wav,3.8998817392936607
sys011,utt064,wav/vmc2026-track3-sys011-utt064.wav,wav/vmc2026-track3-sys019-utt063.wav,4.257503982783396
sys025,utt134,wav/vmc2026-track3-sys025-utt134.wav,wav/vmc2026-track3-sys019-utt133.wav,3.30184632320362
sys014,utt124,wav/vmc2026-track3-sys014-utt124.wav,wav/vmc2026-track3-sys019-utt123.wav,4.042593757537165
sys012,utt220,wav/vmc2026-track3-sys012-utt220.wav,wav/vmc2026-track3-sys019-utt219.wav,4.484889293355674
sys020,utt116,wav/vmc2026-track3-sys020-utt116.wav,wav/vmc2026-track3-sys019-utt115.wav,3.153888546616025
sys018,utt066,wav/vmc2026-track3-sys018-utt066.wav,wav/vmc2026-track3-sys019-utt065.wav,3.5382678486256878
sys013,utt276,wav/vmc2026-track3-sys013-utt276.wav,wav/vmc2026-track3-sys019-utt275.wav,4.229460178955558
sys020,utt064,wav/vmc2026-track3-sys020-utt064.wav,wav/vmc2026-track3-sys019-utt063.wav,3.395989299476866
sys018,utt004,wav/vmc2026-track3-sys018-utt004.wav,wav/vmc2026-track3-sys019-utt003.wav,3.484471240286738
sys023,utt236,wav/vmc2026-track3-sys023-utt236.wav,wav/vmc2026-track3-sys019-utt235.wav,4.078596545751586
sys018,utt120,wav/vmc2026-track3-sys018-utt120.wav,wav/vmc2026-track3-sys019-utt119.wav,3.8149894183587754
sys008,utt250,wav/vmc2026-track3-sys008-utt250.wav,wav/vmc2026-track3-sys019-utt249.wav,4.7671639208570245
sys018,utt202,wav/vmc2026-track3-sys018-utt202.wav,wav/vmc2026-track3-sys019-utt201.wav,3.7735183585983787
sys001,utt026,wav/vmc2026-track3-sys001-utt026.wav,wav/vmc2026-track3-sys019-utt025.wav,3.5665039950374373
sys013,utt150,wav/vmc2026-track3-sys013-utt150.wav,wav/vmc2026-track3-sys019-utt149.wav,3.9516071229075784
sys002,utt136,wav/vmc2026-track3-sys002-utt136.wav,wav/vmc2026-track3-sys019-utt135.wav,4.508124050090746
sys012,utt070,wav/vmc2026-track3-sys012-utt070.wav,wav/vmc2026-track3-sys019-utt069.wav,4.329566165675062
sys023,utt302,wav/vmc2026-track3-sys023-utt302.wav,wav/vmc2026-track3-sys019-utt301.wav,4.214151273559371
sys011,utt174,wav/vmc2026-track3-sys011-utt174.wav,wav/vmc2026-track3-sys019-utt173.wav,4.172307027525368
sys006,utt184,wav/vmc2026-track3-sys006-utt184.wav,wav/vmc2026-track3-sys019-utt183.wav,4.292293634471607
sys024,utt118,wav/vmc2026-track3-sys024-utt118.wav,wav/vmc2026-track3-sys019-utt117.wav,3.9123299621922554
sys022,utt242,wav/vmc2026-track3-sys022-utt242.wav,wav/vmc2026-track3-sys019-utt241.wav,4.026272061310151
sys011,utt200,wav/vmc2026-track3-sys011-utt200.wav,wav/vmc2026-track3-sys019-utt199.wav,4.6458042641270625
sys023,utt122,wav/vmc2026-track3-sys023-utt122.wav,wav/vmc2026-track3-sys019-utt121.wav,4.364332750409791
sys013,utt218,wav/vmc2026-track3-sys013-utt218.wav,wav/vmc2026-track3-sys019-utt217.wav,4.531170091489692
sys002,utt278,wav/vmc2026-track3-sys002-utt278.wav,wav/vmc2026-track3-sys019-utt277.wav,4.421458576514019
sys025,utt048,wav/vmc2026-track3-sys025-utt048.wav,wav/vmc2026-track3-sys019-utt047.wav,3.602908929759492
sys018,utt132,wav/vmc2026-track3-sys018-utt132.wav,wav/vmc2026-track3-sys019-utt131.wav,3.5005997750460303
sys024,utt022,wav/vmc2026-track3-sys024-utt022.wav,wav/vmc2026-track3-sys019-utt021.wav,3.9813754402998627
sys009,utt156,wav/vmc2026-track3-sys009-utt156.wav,wav/vmc2026-track3-sys019-utt155.wav,4.668130198971199
sys011,utt032,wav/vmc2026-track3-sys011-utt032.wav,wav/vmc2026-track3-sys019-utt031.wav,3.557947482640084
sys012,utt008,wav/vmc2026-track3-sys012-utt008.wav,wav/vmc2026-track3-sys019-utt007.wav,4.018164873724939
sys013,utt198,wav/vmc2026-track3-sys013-utt198.wav,wav/vmc2026-track3-sys019-utt197.wav,4.1969262102670095
sys011,utt102,wav/vmc2026-track3-sys011-utt102.wav,wav/vmc2026-track3-sys019-utt101.wav,3.9790822469236047
sys022,utt286,wav/vmc2026-track3-sys022-utt286.wav,wav/vmc2026-track3-sys019-utt285.wav,4.023450310258472
sys024,utt112,wav/vmc2026-track3-sys024-utt112.wav,wav/vmc2026-track3-sys019-utt111.wav,3.667242409074775
sys022,utt078,wav/vmc2026-track3-sys022-utt078.wav,wav/vmc2026-track3-sys019-utt077.wav,4.000378734758272
sys001,utt244,wav/vmc2026-track3-sys001-utt244.wav,wav/vmc2026-track3-sys019-utt243.wav,3.985200664980668
sys025,utt104,wav/vmc2026-track3-sys025-utt104.wav,wav/vmc2026-track3-sys019-utt103.wav,3.593005043690181
sys022,utt284,wav/vmc2026-track3-sys022-utt284.wav,wav/vmc2026-track3-sys019-utt283.wav,4.121654397935142
sys001,utt176,wav/vmc2026-track3-sys001-utt176.wav,wav/vmc2026-track3-sys019-utt175.wav,3.4814266897298443
sys023,utt020,wav/vmc2026-track3-sys023-utt020.wav,wav/vmc2026-track3-sys019-utt019.wav,4.481316503504534
sys018,utt026,wav/vmc2026-track3-sys018-utt026.wav,wav/vmc2026-track3-sys019-utt025.wav,4.012702630688262
sys022,utt230,wav/vmc2026-track3-sys022-utt230.wav,wav/vmc2026-track3-sys019-utt229.wav,4.037621865332777
sys005,utt288,wav/vmc2026-track3-sys005-utt288.wav,wav/vmc2026-track3-sys019-utt287.wav,3.6611458656141402
sys010,utt194,wav/vmc2026-track3-sys010-utt194.wav,wav/vmc2026-track3-sys019-utt193.wav,3.80416190950492
sys025,utt204,wav/vmc2026-track3-sys025-utt204.wav,wav/vmc2026-track3-sys019-utt203.wav,3.836400305746962
sys009,utt102,wav/vmc2026-track3-sys009-utt102.wav,wav/vmc2026-track3-sys019-utt101.wav,4.721146037483461
sys013,utt128,wav/vmc2026-track3-sys013-utt128.wav,wav/vmc2026-track3-sys019-utt127.wav,4.346857842733517
sys014,utt316,wav/vmc2026-track3-sys014-utt316.wav,wav/vmc2026-track3-sys019-utt315.wav,4.331866404519502
sys001,utt074,wav/vmc2026-track3-sys001-utt074.wav,wav/vmc2026-track3-sys019-utt073.wav,3.9702826726274036
sys001,utt022,wav/vmc2026-track3-sys001-utt022.wav,wav/vmc2026-track3-sys019-utt021.wav,4.080351140922176
sys022,utt030,wav/vmc2026-track3-sys022-utt030.wav,wav/vmc2026-track3-sys019-utt029.wav,3.7777023071350624
sys009,utt314,wav/vmc2026-track3-sys009-utt314.wav,wav/vmc2026-track3-sys019-utt313.wav,4.3031337026387435
sys020,utt206,wav/vmc2026-track3-sys020-utt206.wav,wav/vmc2026-track3-sys019-utt205.wav,3.34140969741433
sys007,utt216,wav/vmc2026-track3-sys007-utt216.wav,wav/vmc2026-track3-sys019-utt215.wav,4.246559489098652
sys026,utt014,wav/vmc2026-track3-sys026-utt014.wav,wav/vmc2026-track3-sys019-utt013.wav,4.381369718567365
sys011,utt230,wav/vmc2026-track3-sys011-utt230.wav,wav/vmc2026-track3-sys019-utt229.wav,4.37103574973206
sys006,utt280,wav/vmc2026-track3-sys006-utt280.wav,wav/vmc2026-track3-sys019-utt279.wav,4.582074370603249
sys005,utt212,wav/vmc2026-track3-sys005-utt212.wav,wav/vmc2026-track3-sys019-utt211.wav,4.0017482279373455
sys011,utt010,wav/vmc2026-track3-sys011-utt010.wav,wav/vmc2026-track3-sys019-utt009.wav,4.3941963031812605
sys022,utt012,wav/vmc2026-track3-sys022-utt012.wav,wav/vmc2026-track3-sys019-utt011.wav,4.148924180321035
sys014,utt304,wav/vmc2026-track3-sys014-utt304.wav,wav/vmc2026-track3-sys019-utt303.wav,4.551507200179532
sys023,utt040,wav/vmc2026-track3-sys023-utt040.wav,wav/vmc2026-track3-sys019-utt039.wav,4.188949558367307
sys011,utt234,wav/vmc2026-track3-sys011-utt234.wav,wav/vmc2026-track3-sys019-utt233.wav,4.147024162467412
sys001,utt160,wav/vmc2026-track3-sys001-utt160.wav,wav/vmc2026-track3-sys019-utt159.wav,4.273134628965057
sys024,utt266,wav/vmc2026-track3-sys024-utt266.wav,wav/vmc2026-track3-sys019-utt265.wav,4.535778981548158
sys016,utt216,wav/vmc2026-track3-sys016-utt216.wav,wav/vmc2026-track3-sys019-utt215.wav,4.41942406770731
sys008,utt236,wav/vmc2026-track3-sys008-utt236.wav,wav/vmc2026-track3-sys019-utt235.wav,4.308926116969079
sys022,utt204,wav/vmc2026-track3-sys022-utt204.wav,wav/vmc2026-track3-sys019-utt203.wav,3.531879002013816
sys007,utt064,wav/vmc2026-track3-sys007-utt064.wav,wav/vmc2026-track3-sys019-utt063.wav,3.685531248567522
sys006,utt046,wav/vmc2026-track3-sys006-utt046.wav,wav/vmc2026-track3-sys019-utt045.wav,4.685756052938063
sys017,utt014,wav/vmc2026-track3-sys017-utt014.wav,wav/vmc2026-track3-sys019-utt013.wav,4.266683767661562
sys014,utt064,wav/vmc2026-track3-sys014-utt064.wav,wav/vmc2026-track3-sys019-utt063.wav,4.076932670142816
sys012,utt114,wav/vmc2026-track3-sys012-utt114.wav,wav/vmc2026-track3-sys019-utt113.wav,2.951849629877031
sys011,utt244,wav/vmc2026-track3-sys011-utt244.wav,wav/vmc2026-track3-sys019-utt243.wav,4.70374315308228
sys016,utt018,wav/vmc2026-track3-sys016-utt018.wav,wav/vmc2026-track3-sys019-utt017.wav,4.4345834467678005
sys005,utt274,wav/vmc2026-track3-sys005-utt274.wav,wav/vmc2026-track3-sys019-utt273.wav,4.17915458901253
sys001,utt014,wav/vmc2026-track3-sys001-utt014.wav,wav/vmc2026-track3-sys019-utt013.wav,4.379366898065849
sys025,utt206,wav/vmc2026-track3-sys025-utt206.wav,wav/vmc2026-track3-sys019-utt205.wav,4.146761783538294
sys006,utt128,wav/vmc2026-track3-sys006-utt128.wav,wav/vmc2026-track3-sys019-utt127.wav,4.118301404394097
sys017,utt204,wav/vmc2026-track3-sys017-utt204.wav,wav/vmc2026-track3-sys019-utt203.wav,3.7506739192309038
sys008,utt016,wav/vmc2026-track3-sys008-utt016.wav,wav/vmc2026-track3-sys019-utt015.wav,4.305287257785334
sys009,utt074,wav/vmc2026-track3-sys009-utt074.wav,wav/vmc2026-track3-sys019-utt073.wav,4.707917632711125
sys017,utt040,wav/vmc2026-track3-sys017-utt040.wav,wav/vmc2026-track3-sys019-utt039.wav,3.6243060259881372
sys016,utt064,wav/vmc2026-track3-sys016-utt064.wav,wav/vmc2026-track3-sys019-utt063.wav,3.4150494570095593
sys016,utt172,wav/vmc2026-track3-sys016-utt172.wav,wav/vmc2026-track3-sys019-utt171.wav,3.6633193101906576
sys026,utt280,wav/vmc2026-track3-sys026-utt280.wav,wav/vmc2026-track3-sys019-utt279.wav,4.440932249502765
sys014,utt122,wav/vmc2026-track3-sys014-utt122.wav,wav/vmc2026-track3-sys019-utt121.wav,4.4671899191763895
sys020,utt274,wav/vmc2026-track3-sys020-utt274.wav,wav/vmc2026-track3-sys019-utt273.wav,3.627243712168352
sys022,utt014,wav/vmc2026-track3-sys022-utt014.wav,wav/vmc2026-track3-sys019-utt013.wav,4.040816449712866
sys002,utt294,wav/vmc2026-track3-sys002-utt294.wav,wav/vmc2026-track3-sys019-utt293.wav,4.663517426108173
sys026,utt216,wav/vmc2026-track3-sys026-utt216.wav,wav/vmc2026-track3-sys019-utt215.wav,4.613425444927234
sys001,utt082,wav/vmc2026-track3-sys001-utt082.wav,wav/vmc2026-track3-sys019-utt081.wav,3.9757718984900494
sys009,utt022,wav/vmc2026-track3-sys009-utt022.wav,wav/vmc2026-track3-sys019-utt021.wav,4.47674560960503
sys002,utt114,wav/vmc2026-track3-sys002-utt114.wav,wav/vmc2026-track3-sys019-utt113.wav,3.768569958678215
sys026,utt048,wav/vmc2026-track3-sys026-utt048.wav,wav/vmc2026-track3-sys019-utt047.wav,4.3985037368600395
sys006,utt070,wav/vmc2026-track3-sys006-utt070.wav,wav/vmc2026-track3-sys019-utt069.wav,4.020114392853228
sys025,utt158,wav/vmc2026-track3-sys025-utt158.wav,wav/vmc2026-track3-sys019-utt157.wav,4.38870598548414
sys007,utt300,wav/vmc2026-track3-sys007-utt300.wav,wav/vmc2026-track3-sys019-utt299.wav,3.8577630198297483
sys025,utt210,wav/vmc2026-track3-sys025-utt210.wav,wav/vmc2026-track3-sys019-utt209.wav,3.418565284007429
sys023,utt272,wav/vmc2026-track3-sys023-utt272.wav,wav/vmc2026-track3-sys019-utt271.wav,4.5331071327764185
sys001,utt114,wav/vmc2026-track3-sys001-utt114.wav,wav/vmc2026-track3-sys019-utt113.wav,3.8699914761952567
sys010,utt046,wav/vmc2026-track3-sys010-utt046.wav,wav/vmc2026-track3-sys019-utt045.wav,4.313910144513797
sys023,utt066,wav/vmc2026-track3-sys023-utt066.wav,wav/vmc2026-track3-sys019-utt065.wav,4.364507271330552
sys025,utt226,wav/vmc2026-track3-sys025-utt226.wav,wav/vmc2026-track3-sys019-utt225.wav,3.5454528192233474
sys006,utt298,wav/vmc2026-track3-sys006-utt298.wav,wav/vmc2026-track3-sys019-utt297.wav,4.386943133671513
sys011,utt312,wav/vmc2026-track3-sys011-utt312.wav,wav/vmc2026-track3-sys019-utt311.wav,4.310733097290676
sys010,utt278,wav/vmc2026-track3-sys010-utt278.wav,wav/vmc2026-track3-sys019-utt277.wav,3.7456224466876438
sys025,utt140,wav/vmc2026-track3-sys025-utt140.wav,wav/vmc2026-track3-sys019-utt139.wav,3.0874701272727325
sys006,utt284,wav/vmc2026-track3-sys006-utt284.wav,wav/vmc2026-track3-sys019-utt283.wav,4.566333942124506
sys011,utt070,wav/vmc2026-track3-sys011-utt070.wav,wav/vmc2026-track3-sys019-utt069.wav,4.217993694416593
sys025,utt202,wav/vmc2026-track3-sys025-utt202.wav,wav/vmc2026-track3-sys019-utt201.wav,3.666942158105906
sys011,utt250,wav/vmc2026-track3-sys011-utt250.wav,wav/vmc2026-track3-sys019-utt249.wav,3.8827572126582752
sys014,utt014,wav/vmc2026-track3-sys014-utt014.wav,wav/vmc2026-track3-sys019-utt013.wav,4.527078175009374
sys025,utt200,wav/vmc2026-track3-sys025-utt200.wav,wav/vmc2026-track3-sys019-utt199.wav,4.286409371047166
sys022,utt134,wav/vmc2026-track3-sys022-utt134.wav,wav/vmc2026-track3-sys019-utt133.wav,3.0832706518740176
sys026,utt120,wav/vmc2026-track3-sys026-utt120.wav,wav/vmc2026-track3-sys019-utt119.wav,4.243613958480714
sys002,utt210,wav/vmc2026-track3-sys002-utt210.wav,wav/vmc2026-track3-sys019-utt209.wav,4.5040110636770425
sys007,utt268,wav/vmc2026-track3-sys007-utt268.wav,wav/vmc2026-track3-sys019-utt267.wav,3.869663723249885
sys024,utt106,wav/vmc2026-track3-sys024-utt106.wav,wav/vmc2026-track3-sys019-utt105.wav,4.313583023485048
sys005,utt218,wav/vmc2026-track3-sys005-utt218.wav,wav/vmc2026-track3-sys019-utt217.wav,4.2206066740373815
sys002,utt132,wav/vmc2026-track3-sys002-utt132.wav,wav/vmc2026-track3-sys019-utt131.wav,3.776768413854484
sys012,utt076,wav/vmc2026-track3-sys012-utt076.wav,wav/vmc2026-track3-sys019-utt075.wav,3.888742189606588
sys023,utt224,wav/vmc2026-track3-sys023-utt224.wav,wav/vmc2026-track3-sys019-utt223.wav,4.472581104053441
sys002,utt192,wav/vmc2026-track3-sys002-utt192.wav,wav/vmc2026-track3-sys019-utt191.wav,4.526906174102244
sys002,utt012,wav/vmc2026-track3-sys002-utt012.wav,wav/vmc2026-track3-sys019-utt011.wav,4.437419772262687
sys001,utt006,wav/vmc2026-track3-sys001-utt006.wav,wav/vmc2026-track3-sys019-utt005.wav,4.463736263366538
sys009,utt090,wav/vmc2026-track3-sys009-utt090.wav,wav/vmc2026-track3-sys019-utt089.wav,4.249000478827952
sys016,utt264,wav/vmc2026-track3-sys016-utt264.wav,wav/vmc2026-track3-sys019-utt263.wav,4.01596224779621
sys010,utt146,wav/vmc2026-track3-sys010-utt146.wav,wav/vmc2026-track3-sys019-utt145.wav,3.8877934668599714
sys012,utt192,wav/vmc2026-track3-sys012-utt192.wav,wav/vmc2026-track3-sys019-utt191.wav,4.067692920021212
sys009,utt210,wav/vmc2026-track3-sys009-utt210.wav,wav/vmc2026-track3-sys019-utt209.wav,4.389598258611813
sys023,utt310,wav/vmc2026-track3-sys023-utt310.wav,wav/vmc2026-track3-sys019-utt309.wav,4.484267006176556
sys008,utt066,wav/vmc2026-track3-sys008-utt066.wav,wav/vmc2026-track3-sys019-utt065.wav,3.9869872156311335
sys024,utt040,wav/vmc2026-track3-sys024-utt040.wav,wav/vmc2026-track3-sys019-utt039.wav,3.746008486678795
sys014,utt210,wav/vmc2026-track3-sys014-utt210.wav,wav/vmc2026-track3-sys019-utt209.wav,4.287592586392675
sys024,utt228,wav/vmc2026-track3-sys024-utt228.wav,wav/vmc2026-track3-sys019-utt227.wav,4.494052024374218
sys023,utt262,wav/vmc2026-track3-sys023-utt262.wav,wav/vmc2026-track3-sys019-utt261.wav,4.684192735344192
sys017,utt034,wav/vmc2026-track3-sys017-utt034.wav,wav/vmc2026-track3-sys019-utt033.wav,3.3558696737268763
sys026,utt026,wav/vmc2026-track3-sys026-utt026.wav,wav/vmc2026-track3-sys019-utt025.wav,4.180272199247951
sys002,utt288,wav/vmc2026-track3-sys002-utt288.wav,wav/vmc2026-track3-sys019-utt287.wav,4.371208449915256
sys012,utt022,wav/vmc2026-track3-sys012-utt022.wav,wav/vmc2026-track3-sys019-utt021.wav,3.6717468046224684
sys013,utt022,wav/vmc2026-track3-sys013-utt022.wav,wav/vmc2026-track3-sys019-utt021.wav,3.933990401528882
sys005,utt138,wav/vmc2026-track3-sys005-utt138.wav,wav/vmc2026-track3-sys019-utt137.wav,3.727041711307334
sys013,utt076,wav/vmc2026-track3-sys013-utt076.wav,wav/vmc2026-track3-sys019-utt075.wav,4.057718489605852
sys008,utt286,wav/vmc2026-track3-sys008-utt286.wav,wav/vmc2026-track3-sys019-utt285.wav,4.280923487316221
sys013,utt228,wav/vmc2026-track3-sys013-utt228.wav,wav/vmc2026-track3-sys019-utt227.wav,4.6253898800008475
sys018,utt024,wav/vmc2026-track3-sys018-utt024.wav,wav/vmc2026-track3-sys019-utt023.wav,3.390760548342841
sys011,utt216,wav/vmc2026-track3-sys011-utt216.wav,wav/vmc2026-track3-sys019-utt215.wav,4.622506012078248
sys018,utt074,wav/vmc2026-track3-sys018-utt074.wav,wav/vmc2026-track3-sys019-utt073.wav,3.3690969962946884
sys010,utt270,wav/vmc2026-track3-sys010-utt270.wav,wav/vmc2026-track3-sys019-utt269.wav,3.943486570404454
sys017,utt272,wav/vmc2026-track3-sys017-utt272.wav,wav/vmc2026-track3-sys019-utt271.wav,4.193288971904085
sys026,utt228,wav/vmc2026-track3-sys026-utt228.wav,wav/vmc2026-track3-sys019-utt227.wav,4.198526365363239
sys011,utt112,wav/vmc2026-track3-sys011-utt112.wav,wav/vmc2026-track3-sys019-utt111.wav,3.141971794034773
sys017,utt154,wav/vmc2026-track3-sys017-utt154.wav,wav/vmc2026-track3-sys019-utt153.wav,4.559996883840046
sys022,utt004,wav/vmc2026-track3-sys022-utt004.wav,wav/vmc2026-track3-sys019-utt003.wav,3.8648032164941477
sys017,utt296,wav/vmc2026-track3-sys017-utt296.wav,wav/vmc2026-track3-sys019-utt295.wav,4.083161122867352
sys024,utt086,wav/vmc2026-track3-sys024-utt086.wav,wav/vmc2026-track3-sys019-utt085.wav,3.4213093580481795
sys026,utt152,wav/vmc2026-track3-sys026-utt152.wav,wav/vmc2026-track3-sys019-utt151.wav,4.596904663888398
sys006,utt198,wav/vmc2026-track3-sys006-utt198.wav,wav/vmc2026-track3-sys019-utt197.wav,4.4938289079115705
sys002,utt004,wav/vmc2026-track3-sys002-utt004.wav,wav/vmc2026-track3-sys019-utt003.wav,4.652386075318902
sys012,utt020,wav/vmc2026-track3-sys012-utt020.wav,wav/vmc2026-track3-sys019-utt019.wav,4.110833292440114
sys002,utt062,wav/vmc2026-track3-sys002-utt062.wav,wav/vmc2026-track3-sys019-utt061.wav,4.320504451228167
sys014,utt196,wav/vmc2026-track3-sys014-utt196.wav,wav/vmc2026-track3-sys019-utt195.wav,4.542498390416022
sys013,utt154,wav/vmc2026-track3-sys013-utt154.wav,wav/vmc2026-track3-sys019-utt153.wav,4.581647046446877
sys014,utt268,wav/vmc2026-track3-sys014-utt268.wav,wav/vmc2026-track3-sys019-utt267.wav,4.196746676014354
sys017,utt118,wav/vmc2026-track3-sys017-utt118.wav,wav/vmc2026-track3-sys019-utt117.wav,3.8665791109531176
sys009,utt300,wav/vmc2026-track3-sys009-utt300.wav,wav/vmc2026-track3-sys019-utt299.wav,4.580336367389603
sys002,utt064,wav/vmc2026-track3-sys002-utt064.wav,wav/vmc2026-track3-sys019-utt063.wav,4.517077478653232
sys011,utt306,wav/vmc2026-track3-sys011-utt306.wav,wav/vmc2026-track3-sys019-utt305.wav,3.578773136625748
sys010,utt150,wav/vmc2026-track3-sys010-utt150.wav,wav/vmc2026-track3-sys019-utt149.wav,3.1908158707035543
sys017,utt270,wav/vmc2026-track3-sys017-utt270.wav,wav/vmc2026-track3-sys019-utt269.wav,4.5391995397546605
sys017,utt090,wav/vmc2026-track3-sys017-utt090.wav,wav/vmc2026-track3-sys019-utt089.wav,3.5969308172076855
sys014,utt184,wav/vmc2026-track3-sys014-utt184.wav,wav/vmc2026-track3-sys019-utt183.wav,4.568089907203873
sys005,utt120,wav/vmc2026-track3-sys005-utt120.wav,wav/vmc2026-track3-sys019-utt119.wav,3.5287904674786206
sys020,utt068,wav/vmc2026-track3-sys020-utt068.wav,wav/vmc2026-track3-sys019-utt067.wav,3.559724577966912
sys001,utt040,wav/vmc2026-track3-sys001-utt040.wav,wav/vmc2026-track3-sys019-utt039.wav,4.02120983902508
sys011,utt266,wav/vmc2026-track3-sys011-utt266.wav,wav/vmc2026-track3-sys019-utt265.wav,4.010798216006019
sys007,utt062,wav/vmc2026-track3-sys007-utt062.wav,wav/vmc2026-track3-sys019-utt061.wav,3.165780839981757
sys006,utt250,wav/vmc2026-track3-sys006-utt250.wav,wav/vmc2026-track3-sys019-utt249.wav,4.497320236171022
sys024,utt250,wav/vmc2026-track3-sys024-utt250.wav,wav/vmc2026-track3-sys019-utt249.wav,4.063985720621438
sys020,utt120,wav/vmc2026-track3-sys020-utt120.wav,wav/vmc2026-track3-sys019-utt119.wav,3.457840455624518
sys022,utt266,wav/vmc2026-track3-sys022-utt266.wav,wav/vmc2026-track3-sys019-utt265.wav,4.165004918630187
sys001,utt136,wav/vmc2026-track3-sys001-utt136.wav,wav/vmc2026-track3-sys019-utt135.wav,4.179740012835047
sys017,utt294,wav/vmc2026-track3-sys017-utt294.wav,wav/vmc2026-track3-sys019-utt293.wav,3.574759888927798
sys025,utt068,wav/vmc2026-track3-sys025-utt068.wav,wav/vmc2026-track3-sys019-utt067.wav,3.1940535740429943
sys011,utt026,wav/vmc2026-track3-sys011-utt026.wav,wav/vmc2026-track3-sys019-utt025.wav,4.282292871006387
sys018,utt280,wav/vmc2026-track3-sys018-utt280.wav,wav/vmc2026-track3-sys019-utt279.wav,4.244693719895973
sys009,utt200,wav/vmc2026-track3-sys009-utt200.wav,wav/vmc2026-track3-sys019-utt199.wav,4.729330688714614
sys005,utt202,wav/vmc2026-track3-sys005-utt202.wav,wav/vmc2026-track3-sys019-utt201.wav,3.619848155585824
sys024,utt222,wav/vmc2026-track3-sys024-utt222.wav,wav/vmc2026-track3-sys019-utt221.wav,4.621737127066788
sys020,utt282,wav/vmc2026-track3-sys020-utt282.wav,wav/vmc2026-track3-sys019-utt281.wav,3.455395200573171
sys010,utt282,wav/vmc2026-track3-sys010-utt282.wav,wav/vmc2026-track3-sys019-utt281.wav,4.34262254752216
sys012,utt270,wav/vmc2026-track3-sys012-utt270.wav,wav/vmc2026-track3-sys019-utt269.wav,4.149689112287283
sys008,utt202,wav/vmc2026-track3-sys008-utt202.wav,wav/vmc2026-track3-sys019-utt201.wav,3.886131897085078
sys008,utt150,wav/vmc2026-track3-sys008-utt150.wav,wav/vmc2026-track3-sys019-utt149.wav,4.067348244141871
sys010,utt138,wav/vmc2026-track3-sys010-utt138.wav,wav/vmc2026-track3-sys019-utt137.wav,3.7113653067550993
sys002,utt116,wav/vmc2026-track3-sys002-utt116.wav,wav/vmc2026-track3-sys019-utt115.wav,3.918254155355968
sys025,utt156,wav/vmc2026-track3-sys025-utt156.wav,wav/vmc2026-track3-sys019-utt155.wav,4.422015597364432
sys014,utt302,wav/vmc2026-track3-sys014-utt302.wav,wav/vmc2026-track3-sys019-utt301.wav,4.34063587679311
sys011,utt090,wav/vmc2026-track3-sys011-utt090.wav,wav/vmc2026-track3-sys019-utt089.wav,3.919197194824397
sys025,utt040,wav/vmc2026-track3-sys025-utt040.wav,wav/vmc2026-track3-sys019-utt039.wav,3.2388784911062243
sys023,utt204,wav/vmc2026-track3-sys023-utt204.wav,wav/vmc2026-track3-sys019-utt203.wav,4.24405678705474
sys009,utt244,wav/vmc2026-track3-sys009-utt244.wav,wav/vmc2026-track3-sys019-utt243.wav,4.874881686601949
sys005,utt220,wav/vmc2026-track3-sys005-utt220.wav,wav/vmc2026-track3-sys019-utt219.wav,3.9475315378548888
sys026,utt238,wav/vmc2026-track3-sys026-utt238.wav,wav/vmc2026-track3-sys019-utt237.wav,4.481879923000138
sys008,utt310,wav/vmc2026-track3-sys008-utt310.wav,wav/vmc2026-track3-sys019-utt309.wav,4.586854342691508
sys013,utt004,wav/vmc2026-track3-sys013-utt004.wav,wav/vmc2026-track3-sys019-utt003.wav,4.3077209676340225
sys001,utt036,wav/vmc2026-track3-sys001-utt036.wav,wav/vmc2026-track3-sys019-utt035.wav,3.4174258295787463
sys012,utt146,wav/vmc2026-track3-sys012-utt146.wav,wav/vmc2026-track3-sys019-utt145.wav,3.2763480395157623
sys012,utt038,wav/vmc2026-track3-sys012-utt038.wav,wav/vmc2026-track3-sys019-utt037.wav,3.7431378691730575
sys014,utt284,wav/vmc2026-track3-sys014-utt284.wav,wav/vmc2026-track3-sys019-utt283.wav,4.489879291614736
sys017,utt244,wav/vmc2026-track3-sys017-utt244.wav,wav/vmc2026-track3-sys019-utt243.wav,4.161901505822107
sys001,utt262,wav/vmc2026-track3-sys001-utt262.wav,wav/vmc2026-track3-sys019-utt261.wav,4.03948338405611
sys001,utt222,wav/vmc2026-track3-sys001-utt222.wav,wav/vmc2026-track3-sys019-utt221.wav,4.200666232373287
sys008,utt116,wav/vmc2026-track3-sys008-utt116.wav,wav/vmc2026-track3-sys019-utt115.wav,3.2997948237607932
sys001,utt272,wav/vmc2026-track3-sys001-utt272.wav,wav/vmc2026-track3-sys019-utt271.wav,3.8590657231218404
sys008,utt216,wav/vmc2026-track3-sys008-utt216.wav,wav/vmc2026-track3-sys019-utt215.wav,4.5378571732965005
sys022,utt218,wav/vmc2026-track3-sys022-utt218.wav,wav/vmc2026-track3-sys019-utt217.wav,4.737145984403503
sys026,utt268,wav/vmc2026-track3-sys026-utt268.wav,wav/vmc2026-track3-sys019-utt267.wav,4.141068254819825
sys025,utt282,wav/vmc2026-track3-sys025-utt282.wav,wav/vmc2026-track3-sys019-utt281.wav,3.4150683233016013
sys011,utt320,wav/vmc2026-track3-sys011-utt320.wav,wav/vmc2026-track3-sys019-utt319.wav,4.09595397023484
sys009,utt202,wav/vmc2026-track3-sys009-utt202.wav,wav/vmc2026-track3-sys019-utt201.wav,4.5068184301602185
sys006,utt154,wav/vmc2026-track3-sys006-utt154.wav,wav/vmc2026-track3-sys019-utt153.wav,4.588185935225201
sys006,utt304,wav/vmc2026-track3-sys006-utt304.wav,wav/vmc2026-track3-sys019-utt303.wav,4.632062294417589
sys016,utt074,wav/vmc2026-track3-sys016-utt074.wav,wav/vmc2026-track3-sys019-utt073.wav,3.946173376305094
sys010,utt280,wav/vmc2026-track3-sys010-utt280.wav,wav/vmc2026-track3-sys019-utt279.wav,3.9945443917244785
sys017,utt106,wav/vmc2026-track3-sys017-utt106.wav,wav/vmc2026-track3-sys019-utt105.wav,4.051930343513048
sys023,utt234,wav/vmc2026-track3-sys023-utt234.wav,wav/vmc2026-track3-sys019-utt233.wav,4.1291651702319605
sys002,utt172,wav/vmc2026-track3-sys002-utt172.wav,wav/vmc2026-track3-sys019-utt171.wav,3.816768320986871
sys018,utt180,wav/vmc2026-track3-sys018-utt180.wav,wav/vmc2026-track3-sys019-utt179.wav,3.6445516542688075
sys007,utt142,wav/vmc2026-track3-sys007-utt142.wav,wav/vmc2026-track3-sys019-utt141.wav,3.9238987186961625
sys023,utt032,wav/vmc2026-track3-sys023-utt032.wav,wav/vmc2026-track3-sys019-utt031.wav,4.202024714786399
sys025,utt198,wav/vmc2026-track3-sys025-utt198.wav,wav/vmc2026-track3-sys019-utt197.wav,3.6065416148048093
sys023,utt018,wav/vmc2026-track3-sys023-utt018.wav,wav/vmc2026-track3-sys019-utt017.wav,4.543739321907168
sys007,utt264,wav/vmc2026-track3-sys007-utt264.wav,wav/vmc2026-track3-sys019-utt263.wav,3.8233231043963647
sys016,utt144,wav/vmc2026-track3-sys016-utt144.wav,wav/vmc2026-track3-sys019-utt143.wav,3.6206869110173017
sys025,utt288,wav/vmc2026-track3-sys025-utt288.wav,wav/vmc2026-track3-sys019-utt287.wav,3.459041213355882
sys024,utt146,wav/vmc2026-track3-sys024-utt146.wav,wav/vmc2026-track3-sys019-utt145.wav,4.134266546749891
sys016,utt186,wav/vmc2026-track3-sys016-utt186.wav,wav/vmc2026-track3-sys019-utt185.wav,3.6718485008290522
sys006,utt202,wav/vmc2026-track3-sys006-utt202.wav,wav/vmc2026-track3-sys019-utt201.wav,4.189487335896351
sys009,utt032,wav/vmc2026-track3-sys009-utt032.wav,wav/vmc2026-track3-sys019-utt031.wav,3.2003828313696507
sys006,utt030,wav/vmc2026-track3-sys006-utt030.wav,wav/vmc2026-track3-sys019-utt029.wav,4.193951360366395
sys001,utt296,wav/vmc2026-track3-sys001-utt296.wav,wav/vmc2026-track3-sys019-utt295.wav,4.215115190705186
sys012,utt028,wav/vmc2026-track3-sys012-utt028.wav,wav/vmc2026-track3-sys019-utt027.wav,4.170219414361517
sys016,utt266,wav/vmc2026-track3-sys016-utt266.wav,wav/vmc2026-track3-sys019-utt265.wav,3.984355727090206
sys023,utt266,wav/vmc2026-track3-sys023-utt266.wav,wav/vmc2026-track3-sys019-utt265.wav,4.451125749595465
sys025,utt316,wav/vmc2026-track3-sys025-utt316.wav,wav/vmc2026-track3-sys019-utt315.wav,3.328035415880154
sys020,utt238,wav/vmc2026-track3-sys020-utt238.wav,wav/vmc2026-track3-sys019-utt237.wav,3.5499380205777737
sys012,utt130,wav/vmc2026-track3-sys012-utt130.wav,wav/vmc2026-track3-sys019-utt129.wav,3.964598764819775
sys023,utt002,wav/vmc2026-track3-sys023-utt002.wav,wav/vmc2026-track3-sys019-utt001.wav,4.374695739023034
sys012,utt172,wav/vmc2026-track3-sys012-utt172.wav,wav/vmc2026-track3-sys019-utt171.wav,3.3396369943355655
sys023,utt124,wav/vmc2026-track3-sys023-utt124.wav,wav/vmc2026-track3-sys019-utt123.wav,4.060039953388237
sys024,utt308,wav/vmc2026-track3-sys024-utt308.wav,wav/vmc2026-track3-sys019-utt307.wav,3.9904181437231654
sys022,utt278,wav/vmc2026-track3-sys022-utt278.wav,wav/vmc2026-track3-sys019-utt277.wav,3.9216558483209694
sys016,utt002,wav/vmc2026-track3-sys016-utt002.wav,wav/vmc2026-track3-sys019-utt001.wav,4.05932169993702
sys023,utt160,wav/vmc2026-track3-sys023-utt160.wav,wav/vmc2026-track3-sys019-utt159.wav,4.548272880872132
sys006,utt118,wav/vmc2026-track3-sys006-utt118.wav,wav/vmc2026-track3-sys019-utt117.wav,4.211294069901165
sys022,utt302,wav/vmc2026-track3-sys022-utt302.wav,wav/vmc2026-track3-sys019-utt301.wav,4.068044784343867
sys005,utt022,wav/vmc2026-track3-sys005-utt022.wav,wav/vmc2026-track3-sys019-utt021.wav,3.9427031044744623
sys011,utt236,wav/vmc2026-track3-sys011-utt236.wav,wav/vmc2026-track3-sys019-utt235.wav,3.9557351317294795
sys005,utt286,wav/vmc2026-track3-sys005-utt286.wav,wav/vmc2026-track3-sys019-utt285.wav,3.7952754482223536
sys013,utt048,wav/vmc2026-track3-sys013-utt048.wav,wav/vmc2026-track3-sys019-utt047.wav,4.167376177854261
sys013,utt290,wav/vmc2026-track3-sys013-utt290.wav,wav/vmc2026-track3-sys019-utt289.wav,3.5313050783377187
sys012,utt072,wav/vmc2026-track3-sys012-utt072.wav,wav/vmc2026-track3-sys019-utt071.wav,3.9628239142743453
sys022,utt074,wav/vmc2026-track3-sys022-utt074.wav,wav/vmc2026-track3-sys019-utt073.wav,4.075905601861665
sys017,utt320,wav/vmc2026-track3-sys017-utt320.wav,wav/vmc2026-track3-sys019-utt319.wav,4.034859466806824
sys009,utt294,wav/vmc2026-track3-sys009-utt294.wav,wav/vmc2026-track3-sys019-utt293.wav,4.70701294107045
sys007,utt308,wav/vmc2026-track3-sys007-utt308.wav,wav/vmc2026-track3-sys019-utt307.wav,4.130769295522203
sys020,utt202,wav/vmc2026-track3-sys020-utt202.wav,wav/vmc2026-track3-sys019-utt201.wav,3.360272645768754
sys016,utt282,wav/vmc2026-track3-sys016-utt282.wav,wav/vmc2026-track3-sys019-utt281.wav,4.102849655690796
sys018,utt226,wav/vmc2026-track3-sys018-utt226.wav,wav/vmc2026-track3-sys019-utt225.wav,3.6761473146527726
sys024,utt142,wav/vmc2026-track3-sys024-utt142.wav,wav/vmc2026-track3-sys019-utt141.wav,3.822535242682936
sys006,utt028,wav/vmc2026-track3-sys006-utt028.wav,wav/vmc2026-track3-sys019-utt027.wav,4.298788956044519
sys024,utt020,wav/vmc2026-track3-sys024-utt020.wav,wav/vmc2026-track3-sys019-utt019.wav,4.046035247421552
sys006,utt002,wav/vmc2026-track3-sys006-utt002.wav,wav/vmc2026-track3-sys019-utt001.wav,4.370551932212797
sys014,utt142,wav/vmc2026-track3-sys014-utt142.wav,wav/vmc2026-track3-sys019-utt141.wav,4.007242954113883
sys011,utt270,wav/vmc2026-track3-sys011-utt270.wav,wav/vmc2026-track3-sys019-utt269.wav,4.0667118277607575
sys001,utt228,wav/vmc2026-track3-sys001-utt228.wav,wav/vmc2026-track3-sys019-utt227.wav,4.14285001690905
sys012,utt088,wav/vmc2026-track3-sys012-utt088.wav,wav/vmc2026-track3-sys019-utt087.wav,3.792810453900707
sys010,utt108,wav/vmc2026-track3-sys010-utt108.wav,wav/vmc2026-track3-sys019-utt107.wav,3.4978160227337343
sys016,utt262,wav/vmc2026-track3-sys016-utt262.wav,wav/vmc2026-track3-sys019-utt261.wav,4.327124658689387
sys010,utt290,wav/vmc2026-track3-sys010-utt290.wav,wav/vmc2026-track3-sys019-utt289.wav,3.9710474949552026
sys017,utt070,wav/vmc2026-track3-sys017-utt070.wav,wav/vmc2026-track3-sys019-utt069.wav,4.0294730669436145
sys018,utt206,wav/vmc2026-track3-sys018-utt206.wav,wav/vmc2026-track3-sys019-utt205.wav,3.846595991457685
sys007,utt196,wav/vmc2026-track3-sys007-utt196.wav,wav/vmc2026-track3-sys019-utt195.wav,4.467277690725711
sys016,utt278,wav/vmc2026-track3-sys016-utt278.wav,wav/vmc2026-track3-sys019-utt277.wav,3.9195091914902838
sys020,utt080,wav/vmc2026-track3-sys020-utt080.wav,wav/vmc2026-track3-sys019-utt079.wav,3.053015852119651
sys020,utt288,wav/vmc2026-track3-sys020-utt288.wav,wav/vmc2026-track3-sys019-utt287.wav,3.097812501341452
sys011,utt080,wav/vmc2026-track3-sys011-utt080.wav,wav/vmc2026-track3-sys019-utt079.wav,4.1764608345394985
sys008,utt020,wav/vmc2026-track3-sys008-utt020.wav,wav/vmc2026-track3-sys019-utt019.wav,4.488234118403299
sys017,utt174,wav/vmc2026-track3-sys017-utt174.wav,wav/vmc2026-track3-sys019-utt173.wav,3.853403577903831
sys012,utt242,wav/vmc2026-track3-sys012-utt242.wav,wav/vmc2026-track3-sys019-utt241.wav,3.683189522830949
sys018,utt012,wav/vmc2026-track3-sys018-utt012.wav,wav/vmc2026-track3-sys019-utt011.wav,3.6683691785935153
sys010,utt086,wav/vmc2026-track3-sys010-utt086.wav,wav/vmc2026-track3-sys019-utt085.wav,3.482607218006322
sys007,utt206,wav/vmc2026-track3-sys007-utt206.wav,wav/vmc2026-track3-sys019-utt205.wav,3.6859782351423878
sys007,utt246,wav/vmc2026-track3-sys007-utt246.wav,wav/vmc2026-track3-sys019-utt245.wav,4.164782247402002
sys008,utt138,wav/vmc2026-track3-sys008-utt138.wav,wav/vmc2026-track3-sys019-utt137.wav,4.297366738492297
sys006,utt174,wav/vmc2026-track3-sys006-utt174.wav,wav/vmc2026-track3-sys019-utt173.wav,4.456012231762095
sys023,utt320,wav/vmc2026-track3-sys023-utt320.wav,wav/vmc2026-track3-sys019-utt319.wav,4.65819271224922
sys025,utt030,wav/vmc2026-track3-sys025-utt030.wav,wav/vmc2026-track3-sys019-utt029.wav,4.157581346436431
sys005,utt142,wav/vmc2026-track3-sys005-utt142.wav,wav/vmc2026-track3-sys019-utt141.wav,3.7660898267994396
sys014,utt140,wav/vmc2026-track3-sys014-utt140.wav,wav/vmc2026-track3-sys019-utt139.wav,3.4390995949532512
sys007,utt082,wav/vmc2026-track3-sys007-utt082.wav,wav/vmc2026-track3-sys019-utt081.wav,3.596447271866943
sys002,utt108,wav/vmc2026-track3-sys002-utt108.wav,wav/vmc2026-track3-sys019-utt107.wav,4.447093867917215
sys024,utt004,wav/vmc2026-track3-sys024-utt004.wav,wav/vmc2026-track3-sys019-utt003.wav,4.266122416664571
sys005,utt250,wav/vmc2026-track3-sys005-utt250.wav,wav/vmc2026-track3-sys019-utt249.wav,3.6401853449542947
sys013,utt114,wav/vmc2026-track3-sys013-utt114.wav,wav/vmc2026-track3-sys019-utt113.wav,3.177759835435131
sys007,utt154,wav/vmc2026-track3-sys007-utt154.wav,wav/vmc2026-track3-sys019-utt153.wav,4.0830968504448535
sys014,utt306,wav/vmc2026-track3-sys014-utt306.wav,wav/vmc2026-track3-sys019-utt305.wav,4.613121753225912
sys023,utt084,wav/vmc2026-track3-sys023-utt084.wav,wav/vmc2026-track3-sys019-utt083.wav,3.918500059424467
sys005,utt308,wav/vmc2026-track3-sys005-utt308.wav,wav/vmc2026-track3-sys019-utt307.wav,3.6569822336471582
sys024,utt210,wav/vmc2026-track3-sys024-utt210.wav,wav/vmc2026-track3-sys019-utt209.wav,3.618171280047937
sys005,utt082,wav/vmc2026-track3-sys005-utt082.wav,wav/vmc2026-track3-sys019-utt081.wav,3.816150555736903
sys016,utt248,wav/vmc2026-track3-sys016-utt248.wav,wav/vmc2026-track3-sys019-utt247.wav,4.365799837551984
sys010,utt274,wav/vmc2026-track3-sys010-utt274.wav,wav/vmc2026-track3-sys019-utt273.wav,4.337172740532928
sys026,utt310,wav/vmc2026-track3-sys026-utt310.wav,wav/vmc2026-track3-sys019-utt309.wav,4.531347138665331
sys014,utt294,wav/vmc2026-track3-sys014-utt294.wav,wav/vmc2026-track3-sys019-utt293.wav,4.6184578844126065
sys008,utt186,wav/vmc2026-track3-sys008-utt186.wav,wav/vmc2026-track3-sys019-utt185.wav,4.209765994100172
sys023,utt064,wav/vmc2026-track3-sys023-utt064.wav,wav/vmc2026-track3-sys019-utt063.wav,3.8382014509046427
sys008,utt316,wav/vmc2026-track3-sys008-utt316.wav,wav/vmc2026-track3-sys019-utt315.wav,4.506502176265012
sys011,utt116,wav/vmc2026-track3-sys011-utt116.wav,wav/vmc2026-track3-sys019-utt115.wav,3.8735579418798505
sys014,utt230,wav/vmc2026-track3-sys014-utt230.wav,wav/vmc2026-track3-sys019-utt229.wav,4.744492309928484
sys014,utt126,wav/vmc2026-track3-sys014-utt126.wav,wav/vmc2026-track3-sys019-utt125.wav,4.32653499971611
sys012,utt290,wav/vmc2026-track3-sys012-utt290.wav,wav/vmc2026-track3-sys019-utt289.wav,4.183575438189789
sys002,utt196,wav/vmc2026-track3-sys002-utt196.wav,wav/vmc2026-track3-sys019-utt195.wav,4.719617251714754
sys005,utt088,wav/vmc2026-track3-sys005-utt088.wav,wav/vmc2026-track3-sys019-utt087.wav,3.7060297847649943
sys001,utt210,wav/vmc2026-track3-sys001-utt210.wav,wav/vmc2026-track3-sys019-utt209.wav,3.9336404591002716
sys023,utt134,wav/vmc2026-track3-sys023-utt134.wav,wav/vmc2026-track3-sys019-utt133.wav,3.5002091522521876
